URL,Section,Image Objective,Subject,Pet,People,Setting,Orientation,Aspect Ratio,Suggested Filename,Alt Text,Caption,Original Photo Preferred?,AI Image Acceptable?,Image-Generation Prompt,Notes
"https://dubai-pet-relocation.ae/","Hero","Primary emotional hook + category definition; anchors H1","Owner kneeling beside golden retriever next to an open IATA travel crate","Golden retriever","Owner (30s, casual expat attire)","Bright Dubai villa living room, moving boxes in background","landscape","16:9","hero-golden-retriever-iata-crate-dubai-villa.jpg","Golden retriever beside an open IATA travel crate in a Dubai villa during a pet relocation","Every relocation starts at home - we plan the journey around your pet, not the other way round.","yes","no","N/A - original photography required. Shot brief: real client move with model release; hero is the page's main trust signal and implies real operations, so no AI substitute; shoot horizontal with negative space right for headline","Most important image on the site; crop-safe copy area on right; WebP, fetchpriority=high"
"https://dubai-pet-relocation.ae/","Trust bar","Subtle background texture behind verified-claims strip","Overhead flat lay of a pet travel document folder, crate hardware fittings and a measuring tape","None","Hands only (edge of frame)","Neutral desk, soft daylight","landscape","21:9","trust-bar-pet-travel-documents-crate-hardware.jpg","Pet travel document folder and IATA crate fittings arranged on a desk","","yes","no","N/A - original photography required. Shot brief: use the company's own real paperwork with sensitive data redacted; AI must not invent government-looking forms","Only ship with claims verified per trust-claims-register; keep low-contrast so overlay text passes WCAG"
"https://dubai-pet-relocation.ae/","Services strip (card 1)","Card image for dog relocation service link","German Shepherd standing calmly in a correctly sized travel crate, door open","German Shepherd","Handler's hand on crate door","Shaded residential driveway, Dubai villa gate","landscape","4:3","german-shepherd-travel-crate-dog-relocation-dubai.jpg","German Shepherd in an open IATA travel crate before dog relocation from a Dubai villa","Dog relocation - breed checks, crate sizing and airline rules handled for you.","no","yes","Photorealistic documentary-style image of a calm German Shepherd standing in an open IATA-compliant travel crate, a handler steadying the crate door, Dubai villa driveway in soft morning light, warm natural light, authentic Dubai/UAE context, no logos, no text, no fictional airport signs, editorial photography, landscape 4:3.","First of a 4-card strip"
"https://dubai-pet-relocation.ae/","Services strip (card 2)","Card image for cat relocation service link","British Shorthair cat resting inside a fabric-lined carrier on a sofa","British Shorthair cat","None","Apartment living room, Dubai high-rise window light","landscape","4:3","british-shorthair-cat-carrier-cat-relocation-dubai.jpg","British Shorthair cat resting in a travel carrier inside a Dubai apartment","Cat relocation - calm-first planning, no sedation, the right carrier.","no","yes","Photorealistic documentary-style image of a British Shorthair cat curled inside an open soft-lined travel carrier on a sofa, relaxed posture, Dubai apartment window light, warm natural light, authentic Dubai/UAE context, no logos, no text, no fictional airport signs, editorial photography, landscape 4:3.","Card 2 of services strip"
"https://dubai-pet-relocation.ae/","Services strip (card 3)","Card image for MOCCAE permit assistance link","Close-up of hands checking a printed pet relocation checklist next to a pet passport-style booklet","None","Coordinator's hands","Desk with laptop edge visible, no readable screens","landscape","4:3","moccae-permit-document-check-hands-dubai.jpg","Coordinator reviewing a pet relocation document checklist for a MOCCAE permit application","Permits and paperwork - MOCCAE import and export permits tracked end to end.","no","yes","Photorealistic documentary-style image of hands ticking off a printed pet relocation checklist beside a plain pet document booklet, laptop edge out of focus, no readable text or official-looking seals, warm natural light, authentic Dubai/UAE context, no logos, no text, no fictional airport signs, editorial photography, landscape 4:3.","Must not resemble a real government document"
"https://dubai-pet-relocation.ae/","Services strip (card 4)","Card image for pet transport service link","Climate-controlled van interior with a secured travel crate and a handler checking straps","None (crate closed)","Uniformed handler (no logo on clothing)","Inside unbranded white pet transport van","landscape","4:3","climate-controlled-pet-transport-van-crate-dubai.jpg","Secured travel crate inside a climate-controlled pet transport van in Dubai","Local pet transport - climate-controlled vehicles and careful handlers.","yes","no","N/A - original photography required. Shot brief: photograph the actual partner vehicle interior; transport capability is a proof claim, so no AI mock-up; if the van is branded, shoot an unbranded angle","Proof-of-operations image"
"https://dubai-pet-relocation.ae/","Routes strip","Visual for top route corridors (inbound + outbound feel)","Beagle in a crate at a home doorway with a Dubai balcony skyline beyond","Beagle","Owner silhouette","Home doorway transitioning to Dubai balcony view","landscape","16:9","routes-strip-beagle-crate-doorway-dubai-skyline.jpg","Beagle in a travel crate at a home doorway with a Dubai skyline beyond, suggesting international pet relocation routes","UK, USA, India, Australia and more corridors - each with its own rules, mapped route by route.","no","yes","Photorealistic documentary-style image of a beagle sitting in an open travel crate at a home doorway, soft Dubai skyline visible through a balcony beyond, clearly editorial rather than documentary, warm natural light, authentic Dubai/UAE context, no logos, no text, no fictional airport signs, editorial photography, landscape 16:9.","Represents routes generically; never show fake airport signage or airline liveries"
"https://dubai-pet-relocation.ae/","How it works","Explain the 7-step process at a glance; links to /how-it-works/","Seven-step horizontal process infographic from consultation to reunion","Simple paw/dog/cat icons","None","Flat diagram","landscape","16:9","how-pet-relocation-works-7-step-process-dubai.png","Diagram of the 7-step Dubai pet relocation process from free consultation to home reunion","Seven clear steps. You always know which one your pet is on.","no","yes","Clean flat-design infographic: seven-step horizontal process flow for pet relocation (consultation, document check, partner matching, booking, pre-travel prep, travel day, arrival and reunion), numbered nodes connected by a line with paw-print accents. Labels: 1 Free consultation; 2 Document check; 3 Partner matching; 4 Booking; 5 Pre-travel prep; 6 Travel day; 7 Arrival and reunion. Neutral sand-and-teal palette, generous whitespace, simple vector icons, legible typography, no brand logos, no fake official seals, landscape 16:9.","Reuse a vertical crop of this asset on /how-it-works/"
"https://dubai-pet-relocation.ae/","Compliance block","Visual authority for MOCCAE/IATA compliance section","Close-up detail of IATA crate hardware: metal door grid, bolts, ventilation holes and water bowl","None","None","Studio-style neutral background","landscape","4:3","iata-crate-hardware-detail-compliance-dubai.jpg","Close-up of IATA-compliant pet crate hardware with ventilation grille and secure metal door","Crates built to IATA Live Animals Regulations - the standard airlines actually enforce.","no","yes","Photorealistic macro detail of IATA-compliant pet travel crate hardware, metal mesh door, bolts and clip-on water bowl, neutral studio background, product-photography feel, warm natural light, no logos, no text, editorial photography, landscape 4:3.","Pairs with link to /guides/iata-pet-crate-requirements/"
"https://dubai-pet-relocation.ae/","Local coverage","Show community coverage across Dubai at a glance; links to /dubai/ hub","Stylised flat map of Dubai with paw markers over key communities","Simple paw icon","None","Flat diagram/map","landscape","16:9","dubai-pet-relocation-community-coverage-map.png","Map of Dubai communities covered for pet relocation, from Dubai Marina to Mirdif and Dubai South","From Marina towers to Arabian Ranches villas - door-to-door in 16+ Dubai communities.","no","yes","Clean flat-design infographic: simplified stylised map of Dubai's coastline and main corridors with paw-print markers on Dubai Marina, JLT, JBR, Palm Jumeirah, Downtown, Business Bay, Jumeirah, Arabian Ranches, Dubai Hills, JVC, Al Barsha, Mirdif, Deira, Bur Dubai, Umm Suqeim, Dubai South. Labels: community names as small labels; DXB and DWC marked with small plane icons; small 'illustrative map' note in corner. Sand-and-teal palette, no brand logos, landscape 16:9.","Keep geography approximate and labelled illustrative"
"https://dubai-pet-relocation.ae/","FAQ / final CTA","Warm closing image beside contact CTA","Ragdoll cat on owner's lap while owner types on a phone","Ragdoll cat","Owner seated on sofa","Cozy Dubai apartment, evening light","landscape","16:9","cta-ragdoll-cat-owner-phone-whatsapp-quote-dubai.jpg","Owner messaging for a pet relocation quote with a Ragdoll cat on their lap in a Dubai apartment","Tell us your route and your pet. A clear plan, in plain language, within one message.","no","yes","Photorealistic documentary-style image of a person on a sofa typing on a smartphone with a Ragdoll cat asleep on their lap, evening warmth, screen not readable, warm natural light, authentic Dubai/UAE context, no logos, no text, no fictional airport signs, editorial photography, landscape 16:9.","Do not show any recognisable messaging-app interface"
"https://dubai-pet-relocation.ae/about/","Hero","Humanise the brand; core E-E-A-T trust asset","Small coordination team of three in a Dubai office with a resident office cat on a desk","Domestic shorthair cat","Three team members, natural poses","Real office, plants and route maps on wall","landscape","16:9","dubai-pet-relocation-team-office-cat.jpg","The Dubai Pet Relocation coordination team in their Dubai office with the office cat","Built by pet owners, run by logistics people.","yes","no","N/A - original photography required. Shot brief: real team, real office; about-page team imagery is a direct E-E-A-T proof claim and must never be synthetic; candid working poses, not stock-style handshakes","Match the named-team-member content added in the about-page REFRESH"
"https://dubai-pet-relocation.ae/about/","Story block","Support the built-by-pet-owners narrative","Founder walking a saluki on an early-morning Dubai community path","Saluki","Founder, back three-quarter view","Quiet Dubai community green path at sunrise","landscape","4:3","founder-walking-saluki-dubai-community-morning.jpg","Dubai Pet Relocation founder walking a saluki through a Dubai community at sunrise","We plan every move the way we would plan our own dog's.","yes","no","N/A - original photography required. Shot brief: real founder and their own dog if possible; identity does not need to face camera","Saluki gives authentic UAE context"
"https://dubai-pet-relocation.ae/how-it-works/","Process overview","Full-page 7-step vertical timeline visual","Vertical 7-step timeline infographic with icons per stage","Paw icons","None","Flat diagram","portrait","4:5","pet-relocation-7-step-timeline-vertical-dubai.png","Vertical timeline of the 7-step pet relocation process used in Dubai, from consultation to reunion","The same seven steps on every tier - only the depth of help changes.","no","yes","Clean flat-design infographic: vertical numbered timeline of the seven pet relocation steps with one icon per step and short space under each for page copy. Labels: 1 Consultation; 2 Document check; 3 Partner matching; 4 Booking; 5 Pre-travel prep; 6 Travel day; 7 Arrival and reunion. Sand-and-teal palette, simple vector icons, no brand logos, no fake official seals, portrait 4:5.","Keep steps identical to homepage diagram"
"https://dubai-pet-relocation.ae/how-it-works/","Travel day","Show what travel day actually looks like; transparency asset","Handler loading a secured crate into an unbranded van at dawn, owner watching with leash in hand","Cockapoo in crate","Handler + owner","Dubai villa driveway at dawn","landscape","16:9","travel-day-crate-loading-van-dubai-dawn.jpg","Handler loading a crated cockapoo into a pet transport van at a Dubai villa on travel day","Travel day: collected at your door, checked in by people we name, tracked until reunion.","yes","no","N/A - original photography required. Shot brief: documentary shot from a real move with client consent; this image implicitly documents operations","Pair with the what-we-handle-vs-partners section"
"https://dubai-pet-relocation.ae/contact/","Hero","Reassure at the conversion point; fast-reply promise","Coordinator at a desk with a headset, a sleeping cat beside the keyboard","Tabby cat","Coordinator, candid","Small Dubai office, warm light","landscape","16:9","contact-coordinator-headset-cat-dubai-office.jpg","Dubai Pet Relocation coordinator answering enquiries with a cat asleep beside the desk","Real people, fast answers - WhatsApp, email or the form below.","yes","no","N/A - original photography required. Shot brief: real staff member; only publish the 15-minute reply caption if that claim is verified in the trust register","Highest-conversion page; keep it human"
"https://dubai-pet-relocation.ae/faq/","Hero","Friendly entry visual for a long FAQ page","Flat illustration of a dog and cat sitting between two large question marks","Stylised dog + cat","None","Flat illustration","landscape","16:9","faq-dog-cat-question-marks-illustration.png","Illustration of a dog and cat with question marks for the Dubai pet relocation FAQ","","no","yes","Flat-design vector illustration of a friendly dog and a cat sitting either side of two large question marks, sand-and-teal palette, rounded shapes, generous whitespace, no text other than the question marks, no brand logos, landscape 16:9.","Decorative illustration acceptable; nothing here implies operations proof"
"https://dubai-pet-relocation.ae/services/","Tier comparison","Let visitors compare PawPilot/PawPartner/PawVIP visually","Three-column comparison diagram of the three service tiers","Simple icons","None","Flat diagram","landscape","16:9","pet-relocation-service-tiers-comparison-dubai.png","Comparison of PawPilot, PawPartner and PawVIP pet relocation service tiers in Dubai","Three tiers, one process. Compare what is included before you choose.","no","yes","Clean flat-design infographic: three-column pricing-tier comparison card layout with checkmark rows. Labels: PawPilot Essential; PawPartner Premium; PawVIP Coordination; row labels to match the on-page comparison table exactly (consultation, document check, permit filing, booking management, travel-day coordination, arrival support). Sand-and-teal palette, no brand logos, landscape 16:9.","No prices baked into the image - they change"
"https://dubai-pet-relocation.ae/services/","Add-on services","Illustrate add-ons (crate purchase, vet visits, boarding)","Flat icon grid of add-on services","Icons only","None","Flat diagram","landscape","16:9","pet-relocation-add-on-services-icons-dubai.png","Icons of pet relocation add-on services in Dubai: crate supply, vet visits, boarding and grooming","","no","yes","Clean flat-design infographic: 2x3 icon grid for add-on services - IATA crate, stethoscope, boarding house, grooming scissors, microchip, airport-transfer van. Labels: Crate supply; Vet coordination; Boarding; Grooming; Microchipping; Airport transfer. Sand-and-teal palette, no brand logos, landscape 16:9.","Reusable icon set for other pages"
"https://dubai-pet-relocation.ae/dog-relocation-to-dubai/","Hero","Species-specific inbound hero; page already ranks - do not weaken","Labrador stepping out of an open travel crate into a Dubai apartment for the first time","Labrador","Owner crouching with open arms","Modern Dubai apartment entry, balcony light","landscape","16:9","labrador-arriving-dubai-apartment-dog-relocation.jpg","Labrador leaving its travel crate on arrival at a Dubai apartment during dog relocation to Dubai","The moment the whole journey is for: your dog, home, in Dubai.","yes","no","N/A - original photography required. Shot brief: client-consented arrival moment; inbound-journey page is a ranking asset and arrival authenticity matters","Match inbound positioning per architecture ruling 8"
"https://dubai-pet-relocation.ae/dog-relocation-to-dubai/","Crate sizing section","Support crate-sizing guidance for dogs","Diagram showing how to measure a dog for an IATA crate","Measured dog outline","None","Flat diagram","landscape","16:9","how-to-measure-dog-iata-crate-diagram.png","How to measure a dog for an IATA travel crate: nose-to-tail base, ground-to-head, shoulder width","Measure twice, fly once - the four numbers airlines check.","no","yes","Clean flat-design infographic: side-view dog outline with four labelled measurement arrows. Labels: A Nose to base of tail; B Ground to elbow; C Elbow to top of head/ears; D Widest shoulder point; Crate length = A plus half of B; Crate height = C. Sand-and-teal palette, legible typography, no brand logos, landscape 16:9.","Shared asset with /guides/iata-pet-crate-requirements/ (one diagram, two pages is fine)"
"https://dubai-pet-relocation.ae/cat-relocation-to-dubai/","Hero","Calm-first cat hero; page already ranks","Persian cat sitting inside an open top-loading carrier on a bed","Persian cat","None","Bedroom with soft morning light, Dubai high-rise window","landscape","16:9","persian-cat-open-carrier-bedroom-dubai-arrival.jpg","Persian cat sitting calmly in an open travel carrier in a Dubai bedroom before relocation","Cats travel differently. We plan for the cat, not just the flight.","no","yes","Photorealistic documentary-style image of a Persian cat sitting inside an open top-loading travel carrier on a bed, relaxed body language, Dubai apartment morning light, warm natural light, authentic Dubai/UAE context, no logos, no text, no fictional airport signs, editorial photography, landscape 16:9.","Calm expression essential - no wide-eyed stressed cats"
"https://dubai-pet-relocation.ae/cat-relocation-to-dubai/","Carrier acclimation section","Teach acclimation visually","Four-panel strip diagram of carrier acclimation steps over two weeks","Cat icons","None","Flat diagram","landscape","16:9","cat-carrier-acclimation-two-week-plan-diagram.png","Two-week cat carrier acclimation plan: carrier out, treats inside, meals inside, short practice closings","Two weeks of small steps beat one stressful morning.","no","yes","Clean flat-design infographic: four-panel horizontal sequence showing a cat carrier introduced to a home over two weeks. Labels: Days 1-4 carrier out with door open; Days 5-8 treats inside; Days 9-12 meals inside; Days 13-14 door closed for a few minutes. Sand-and-teal palette, simple cat icons, no brand logos, landscape 16:9.","Supports the no-sedation guidance section"
"https://dubai-pet-relocation.ae/service/pet-relocation-dubai/","Hero","Establish door-to-door credibility on the money head page","Handler carrying a small travel carrier with a cat inside from a Dubai apartment lobby to a waiting van","Cat in carrier","Uniformed handler (unbranded)","Dubai apartment tower lobby and curb","landscape","16:9","pet-relocation-dubai-handler-carrier-van-pickup.jpg","Handler carrying a cat carrier to a pet transport van during door-to-door pet relocation in Dubai","Door-to-door means door-to-door: collected from your lobby, delivered to the new one.","yes","no","N/A - original photography required. Shot brief: real pickup with client consent; the money page hero must withstand is-this-a-real-operator scrutiny; WebP, fetchpriority=high","Strongest E-E-A-T slot on the site"
"https://dubai-pet-relocation.ae/service/pet-relocation-dubai/","Process","Summarise the working process for skimmers","Five-stage horizontal process graphic from quote to delivery","Paw icons","None","Flat diagram","landscape","16:9","pet-relocation-dubai-process-five-stages.png","Five-stage pet relocation process in Dubai: quote, documents, booking, travel day, delivery","Five stages, one WhatsApp thread, zero guesswork.","no","yes","Clean flat-design infographic: five connected stage cards for a door-to-door pet relocation. Labels: Quote; Document check; Booking; Travel day; Delivery and reunion. Sand-and-teal palette, simple icons, no brand logos, landscape 16:9.","Keep visually distinct from the homepage 7-step asset"
"https://dubai-pet-relocation.ae/service/pet-relocation-dubai/","Detail","Show crate-sizing competence (supports cost-by-size content)","Toy poodle standing on a mat while a coordinator measures its height with a tape","Toy poodle","Coordinator measuring","Client apartment, mat on floor","landscape","4:3","measuring-toy-poodle-crate-sizing-dubai.jpg","Coordinator measuring a toy poodle for IATA crate sizing before a Dubai pet relocation","Crate size drives both safety and price - we measure your pet, not a guess from a chart.","no","yes","Photorealistic documentary-style image of a toy poodle standing on a mat being measured with a soft tape by a coordinator, client's Dubai apartment, measuring from ground to head, warm natural light, authentic Dubai/UAE context, no logos, no text, no fictional airport signs, editorial photography, landscape 4:3.","Links to the crate guide"
"https://dubai-pet-relocation.ae/service/pet-relocation-dubai/","CTA","Close the page with reassurance + quote CTA","Owner hugging a corgi beside an open crate in a new apartment","Corgi","Owner","New apartment, crate door open","landscape","16:9","corgi-reunion-owner-new-apartment-dubai.jpg","Owner reunited with their corgi in a new apartment after pet relocation to Dubai","Get a transparent quote in one message.","no","yes","Photorealistic documentary-style image of an owner kneeling to hug a corgi beside an open travel crate in a bright new apartment, emotional but natural, not staged-looking, warm natural light, authentic Dubai/UAE context, no logos, no text, no fictional airport signs, editorial photography, landscape 16:9.",""
"https://dubai-pet-relocation.ae/service/pet-import-dubai/","Hero","Represent arrival logistics at Dubai airports without fake signage","Pet travel crates on a pallet in a generic air-cargo warehouse, high roller doors, forklift out of focus","Crated boxer (in crate)","Cargo worker in plain hi-vis","Unbranded air-cargo warehouse, Dubai logistics zone","landscape","16:9","pet-import-dubai-cargo-warehouse-crates-arrival.jpg","Pet travel crates being handled in a Dubai air-cargo warehouse during pet import clearance","Landing is the middle of the journey, not the end - clearance and delivery are part of the job.","yes","no","N/A - original photography required. Shot brief: real partner cargo facility; no airport or airline signage and no logos in frame","Critical: no invented DXB signage, no airline livery"
"https://dubai-pet-relocation.ae/service/pet-import-dubai/","Process","Make the import sequence scannable","Six-step import process diagram from permit to delivery","Icons","None","Flat diagram","landscape","16:9","pet-import-dubai-process-diagram.png","Pet import process for Dubai: MOCCAE permit, health certificate, flight, customs clearance, release, home delivery","","no","yes","Clean flat-design infographic: six-step horizontal flow for importing a pet into the UAE. Labels: MOCCAE import permit; Vet health certificate; Flight booking; Arrival customs clearance; Release; Home delivery. Sand-and-teal palette, no brand logos, no fake official seals, landscape 16:9.","Fees/validity labels come from verified page copy, not baked into the image"
"https://dubai-pet-relocation.ae/service/pet-import-dubai/","Detail","Show paperwork competence without fabricating official documents","Hands assembling a document folder: vaccination card, microchip certificate, flight itinerary printout (generic layouts)","None","Coordinator hands","Desk top-down view","landscape","4:3","pet-import-document-folder-checklist-dubai.jpg","Pet import document folder for Dubai: vaccination records, microchip certificate and itinerary","One folder, every document, checked twice before anything is booked.","no","yes","Photorealistic documentary-style image of hands arranging a pet import document folder with vaccination card, microchip certificate and flight itinerary, top-down desk shot, documents generic and not resembling real government forms, warm natural light, no logos, no readable text, editorial photography, landscape 4:3.","No readable personal data, no official seals"
"https://dubai-pet-relocation.ae/service/pet-import-dubai/","CTA","End on the reunion outcome","Family opening their villa door to a handler handing over a leash, husky stepping in","Husky","Family of two + handler","Dubai villa entrance, evening","landscape","16:9","pet-import-reunion-husky-villa-door-dubai.jpg","Husky delivered home to a Dubai villa after international pet import","From any country to your front door - one coordinator the whole way.","no","yes","Photorealistic documentary-style image of a husky being handed over on a leash to its owners at a Dubai villa doorway at dusk, warm, documentary, unposed, warm natural light, authentic Dubai/UAE context, no logos, no text, no fictional airport signs, editorial photography, landscape 16:9.",""
"https://dubai-pet-relocation.ae/service/pet-export-dubai/","Hero","Represent the leaving-Dubai moment empathetically","Owner taping a moving box while a beagle watches from inside an open crate","Beagle","Owner packing","Dubai apartment mid-move, boxes","landscape","16:9","pet-export-dubai-owner-packing-beagle-crate.jpg","Owner packing moving boxes while their beagle waits in a travel crate before pet export from Dubai","Leaving Dubai is a checklist problem. We have done this checklist hundreds of times.","no","yes","Photorealistic documentary-style image of an owner taping a moving box while a beagle sits in an open travel crate nearby, half-packed Dubai apartment, warm natural light, authentic Dubai/UAE context, no logos, no text, no fictional airport signs, editorial photography, landscape 16:9.",""
"https://dubai-pet-relocation.ae/service/pet-export-dubai/","Process","Explain the export sequence","Five-step export diagram with certificate timing callout","Icons","None","Flat diagram","landscape","16:9","pet-export-dubai-process-diagram.png","Pet export process from Dubai: destination rules check, vet health certificate, MOCCAE export certificate, flight, departure","","no","yes","Clean flat-design infographic: five-step export flow with a clock icon on the certificate step. Labels: Destination rules check; Vet health certificate; MOCCAE export certificate; Flight booking; Departure day. Sand-and-teal palette, no brand logos, no fake official seals, landscape 16:9.","Validity days must match verified page copy (30-day export certificate validity)"
"https://dubai-pet-relocation.ae/service/pet-export-dubai/","Detail","Show the vet-certificate step","Vet examining a cat on a clinic table while an owner holds a document folder","Maine Coon cat","Vet in scrubs + owner","Veterinary clinic exam room","landscape","4:3","export-health-certificate-vet-exam-cat-dubai.jpg","Vet performing a pre-export health check on a Maine Coon cat in Dubai","The export health certificate has a clock on it - we time the vet visit to the flight, not the other way round.","no","yes","Photorealistic documentary-style image of a veterinarian examining a Maine Coon cat on an exam table while the owner holds a document folder, clean modern clinic, no branding, warm natural light, authentic Dubai/UAE context, no logos, no readable text, editorial photography, landscape 4:3.","Do not show any readable certificate"
"https://dubai-pet-relocation.ae/service/pet-export-dubai/","CTA","Urgent-export empathy","Open suitcase on a bed with a cat sitting in it beside a travel carrier","Siamese cat","None","Bedroom, packing scene","landscape","16:9","pet-export-cta-siamese-cat-suitcase-dubai.jpg","Siamese cat sitting in an open suitcase beside its travel carrier before a Dubai departure","Even urgent moves have a correct order. Tell us your deadline.","no","yes","Photorealistic documentary-style image of a Siamese cat sitting inside an open suitcase on a bed, travel carrier beside it, playful but real packing scene, warm natural light, authentic Dubai/UAE context, no logos, no text, editorial photography, landscape 16:9.",""
"https://dubai-pet-relocation.ae/service/pet-transport-dubai/","Hero","Prove vehicle safety standards","Interior of an unbranded climate-controlled van: two secured crates with straps, rubber matting, thermometer on wall","Crates closed (pets implied)","Handler adjusting strap","Van interior, daylight through door","landscape","16:9","pet-transport-van-interior-secured-crates-dubai.jpg","Secured pet travel crates inside a climate-controlled transport van in Dubai","Air-conditioned, strapped down, never stacked. That is the whole standard.","yes","no","N/A - original photography required. Shot brief: real partner vehicle interior; capability claim - original only","Proof-of-operations image"
"https://dubai-pet-relocation.ae/service/pet-transport-dubai/","Process","Explain local and inter-emirate transport","Simple route-map diagram Dubai to Abu Dhabi with timing","Van icon","None","Flat map diagram","landscape","16:9","dubai-abu-dhabi-pet-transport-route-map.png","Inter-emirate pet transport route between Dubai and Abu Dhabi with approximate drive time","","no","yes","Clean flat-design infographic: simplified UAE road map showing the Dubai-Abu Dhabi corridor with a van icon and a typical drive-time bubble. Labels: Dubai; Abu Dhabi; approximate drive time per page copy. Sand-and-teal palette, no brand logos, landscape 16:9.","Do not bake exact AED prices into the image"
"https://dubai-pet-relocation.ae/service/pet-transport-dubai/","Detail","Show handler care standard","Handler offering water to a leashed dog during a rest stop in shade","Border collie","Handler kneeling","Shaded parking area, mid-day","landscape","4:3","pet-transport-rest-stop-water-border-collie.jpg","Handler giving water to a border collie during a shaded rest stop on a UAE pet transport journey","Long drives get water stops. Your pet travels like a passenger, not a parcel.","no","yes","Photorealistic documentary-style image of a handler kneeling to offer a water bowl to a border collie on a leash in a shaded parking area, candid, midday shade, warm natural light, authentic Dubai/UAE context, no logos, no text, editorial photography, landscape 4:3.",""
"https://dubai-pet-relocation.ae/service/pet-transport-dubai/","CTA","Everyday pet-taxi crossover intent","Cat in a carrier being buckled into a van seat with a seatbelt adaptor","Grey domestic cat","Handler's hands","Van side door open","landscape","4:3","pet-taxi-cat-carrier-seatbelt-dubai.jpg","Cat carrier secured with a seatbelt in a Dubai pet taxi van","Vet visit, grooming run or airport transfer - book a pet-safe ride.","no","yes","Photorealistic documentary-style image of a cat carrier being secured with a seatbelt adaptor on a van seat, close crop, hands only, warm natural light, authentic Dubai/UAE context, no logos, no text, editorial photography, landscape 4:3.","Targets pet-taxi-Dubai secondary intent"
"https://dubai-pet-relocation.ae/service/international-pet-relocation/","Hero","Communicate worldwide coverage without fake country counts","Flat world map with curved route lines radiating from Dubai","Plane/paw icons","None","Flat map diagram","landscape","16:9","international-pet-relocation-world-route-map-dubai.png","World map of pet relocation routes to and from Dubai across the UK, Europe, USA, Asia and Australia","One coordinator, a vetted partner in each country, and rules that differ at every border.","no","yes","Clean flat-design infographic: stylised world map centred on the Gulf with dashed route arcs from Dubai to London, Frankfurt, New York, Toronto, Mumbai, Manila, Singapore, Sydney, Johannesburg, Riyadh. Labels: Dubai hub marker; destination dots with small city labels. Sand-and-teal palette, no brand logos, landscape 16:9.","Map is illustrative; do not claim partner or country counts in-image"
"https://dubai-pet-relocation.ae/service/international-pet-relocation/","Process","Show multi-party coordination","Coordinator at a desk with two phones and a laptop showing a shared timeline (screen generic)","None","Coordinator, candid side view","Office desk, evening","landscape","4:3","international-pet-relocation-coordinator-timeline-dubai.jpg","Coordinator managing an international pet relocation timeline from a Dubai office","Your coordinator speaks to the partner, the airline desk and the vet so you do not have to.","no","yes","Photorealistic documentary-style image of a coordinator working between two phones and a laptop showing a generic timeline view, documentary office shot, screen abstract and unreadable, warm natural light, authentic Dubai/UAE context, no logos, no text, editorial photography, landscape 4:3.",""
"https://dubai-pet-relocation.ae/service/international-pet-relocation/","Detail","Airline selection framework","Decision diagram comparing in-cabin, excess baggage and cargo options","Pet size icons","None","Flat diagram","landscape","16:9","pet-airline-options-cabin-baggage-cargo-diagram.png","How pets can fly internationally: in-cabin, as excess baggage or as manifest cargo, compared","","no","yes","Clean flat-design infographic: three-way comparison graphic of pet travel modes with suitability cues by pet size and route. Labels: In-cabin (small pets, few airlines); Excess baggage (limited routes); Manifest cargo (most long-haul, most sizes). Sand-and-teal palette, no airline logos, landscape 16:9.","No airline logos; supports the airlines section factually"
"https://dubai-pet-relocation.ae/service/international-pet-relocation/","CTA","Global reassurance","Crate with a sleeping dachshund inside, soft warehouse light through a doorway","Dachshund in crate","None","Neutral warehouse doorway, no signage","landscape","16:9","international-relocation-cta-dachshund-crate-calm.jpg","Dachshund resting in its travel crate before an international flight from Dubai","Wherever you are headed, the first step is the same: tell us the route.","no","yes","Photorealistic documentary-style image of a dachshund asleep in an open-door travel crate in a softly lit neutral warehouse doorway, no signage, no airport identifiers, warm natural light, no logos, no text, editorial photography, landscape 16:9.",""
"https://dubai-pet-relocation.ae/service/pet-relocation-to-dubai/","Hero","Inbound hero: arrival-into-new-life feeling","Owner opening a crate in a new Dubai apartment as a ginger cat steps out toward a sunny balcony","Ginger cat","Owner, back view","New apartment, balcony with skyline","landscape","16:9","pet-relocation-to-dubai-cat-arrival-new-apartment.jpg","Cat stepping out of its travel crate into a new Dubai apartment after relocating to Dubai","The paperwork ends here: your pet, exploring their new Dubai home.","no","yes","Photorealistic documentary-style image of a ginger cat stepping out of an open travel crate toward a sunny balcony in a new Dubai apartment, first-arrival curiosity, skyline soft in background, warm natural light, authentic Dubai/UAE context, no logos, no text, no fictional airport signs, editorial photography, landscape 16:9.",""
"https://dubai-pet-relocation.ae/service/pet-relocation-to-dubai/","Process","Give inbound movers the full-journey map","Eight-step inbound journey diagram from home-country vet to Dubai home","Icons","None","Flat diagram","landscape","16:9","pet-relocation-to-dubai-inbound-journey-diagram.png","Inbound pet relocation journey to Dubai from first vet visit to home delivery","","no","yes","Clean flat-design infographic: two-row eight-step journey arc for moving a pet to Dubai. Labels: Home-country vet; Vaccinations; Titer test if required; MOCCAE import permit; Flight; DXB/AUH clearance; Home delivery; Settling in. Sand-and-teal palette, no brand logos, no fake official seals, landscape 16:9.","'Titer test if required' wording mirrors the conditional rules"
"https://dubai-pet-relocation.ae/service/pet-relocation-to-dubai/","Detail","First-weeks-in-Dubai support","Owner setting up a water bowl and bed corner for a spaniel in a new apartment","Cocker spaniel","Owner kneeling","Apartment corner with pet bed","landscape","4:3","settling-in-first-week-dubai-spaniel-pet-corner.jpg","Owner preparing a pet corner for their cocker spaniel during the first week in Dubai","Arrival day is day one of settling in - heat, walks and vet registration come next.","no","yes","Photorealistic documentary-style image of an owner arranging a pet bed and water bowl corner while a cocker spaniel sniffs around, new apartment, boxes half-unpacked, warm natural light, authentic Dubai/UAE context, no logos, no text, editorial photography, landscape 4:3.","Links to /guides/dubai-pet-arrival-guide/"
"https://dubai-pet-relocation.ae/service/pet-relocation-to-dubai/","CTA","Quote prompt","Phone in hand showing a plain chat bubble composition next to a sleeping puppy","Golden retriever puppy","Hand only","Sofa, evening light","landscape","16:9","pet-relocation-to-dubai-cta-quote-phone-puppy.jpg","Requesting a pet relocation quote by phone with a golden retriever puppy asleep nearby","One message with your route and your pet's breed - a plan comes back.","no","yes","Photorealistic documentary-style image of a hand holding a smartphone with a generic chat bubble composition beside a sleeping golden retriever puppy, screen abstract, no app branding, warm natural light, authentic Dubai/UAE context, no logos, no text, editorial photography, landscape 16:9.",""
"https://dubai-pet-relocation.ae/service/pet-relocation-from-dubai/","Hero","Outbound hero: the goodbye-to-Dubai mood, hopeful not sad","Owner and a husky on a Dubai balcony at golden hour, packed crate at their feet","Husky","Owner seated beside dog","High-rise balcony, golden hour skyline","landscape","16:9","pet-relocation-from-dubai-husky-balcony-golden-hour.jpg","Owner with their husky on a Dubai balcony beside a packed travel crate before relocating from Dubai","Dubai has been home. Getting out with a pet takes a plan - here is ours.","no","yes","Photorealistic documentary-style image of an owner sitting with a husky on a high-rise Dubai balcony at golden hour, a closed travel crate beside them, hopeful mood, not exaggerated emotion, warm natural light, authentic Dubai/UAE context, no logos, no text, no fictional airport signs, editorial photography, landscape 16:9.",""
"https://dubai-pet-relocation.ae/service/pet-relocation-from-dubai/","Process","Map the outbound journey","Seven-step outbound journey diagram with destination-variation callout","Icons","None","Flat diagram","landscape","16:9","pet-relocation-from-dubai-outbound-journey-diagram.png","Outbound pet relocation journey from Dubai with destination-specific rules highlighted","","no","yes","Clean flat-design infographic: seven-step outbound arc from Dubai with a branching node at step one. Labels: Destination rules (they differ); Vet and vaccinations; Export health certificate; MOCCAE export certificate; Flight booking; Departure day; Arrival support. Sand-and-teal palette, no brand logos, no fake official seals, landscape 16:9.","Branch node visualises that every destination is different"
"https://dubai-pet-relocation.ae/service/pet-relocation-from-dubai/","Detail","Document prep close-up","Checklist card with ticked boxes beside a zip-tied document pouch on a crate top","None","Hands only","Tabletop, crate edge visible","landscape","4:3","export-documents-crate-pouch-checklist-dubai.jpg","Export documents pouch secured to a pet travel crate before departure from Dubai","The document pouch travels on the crate - checked, copied and backed up digitally.","no","yes","Photorealistic documentary-style image of a document pouch zip-tied to the top of a pet travel crate beside a ticked checklist card, documents generic, no official seals or readable data, warm natural light, no logos, editorial photography, landscape 4:3.",""
"https://dubai-pet-relocation.ae/service/pet-relocation-from-dubai/","CTA","Departure moment","Owner closing a villa door carrying a cat carrier toward a waiting van","Black cat in carrier","Owner + van in background","Dubai villa doorway, morning","landscape","16:9","pet-relocation-from-dubai-cta-cat-carrier-departure.jpg","Owner carrying a cat carrier out of a Dubai villa to begin a relocation abroad","Tell us where life is going next. We will get your pet there.","no","yes","Photorealistic documentary-style image of an owner carrying a cat carrier out of a Dubai villa door toward a waiting unbranded van, morning light, forward-motion feel, warm natural light, authentic Dubai/UAE context, no logos, no text, editorial photography, landscape 16:9.",""
"https://dubai-pet-relocation.ae/service/dog-relocation-dubai/","Hero","Species money page hero: competence with large dogs","German Shepherd being measured for a crate by a coordinator in a villa garden","German Shepherd","Coordinator with tape","Villa garden, morning shade","landscape","16:9","dog-relocation-dubai-german-shepherd-crate-measurement.jpg","Coordinator measuring a German Shepherd for an IATA travel crate during dog relocation planning in Dubai","Big dogs, banned-breed questions, summer rules - this page is where they get answered.","yes","no","N/A - original photography required. Shot brief: real measurement session; this page covers breed eligibility where trust matters most",""
"https://dubai-pet-relocation.ae/service/dog-relocation-dubai/","Process","Dog-specific journey","Six-step dog relocation diagram with breed-check first step","Dog icons","None","Flat diagram","landscape","16:9","dog-relocation-dubai-process-diagram.png","Dog relocation process in Dubai: breed eligibility, crate sizing, vaccinations, permits, flight, arrival","","no","yes","Clean flat-design infographic: six-step horizontal dog-relocation flow with a magnifier icon on step one. Labels: Breed eligibility check; Crate sizing; Vaccination timeline; Permits; Flight day; Arrival. Sand-and-teal palette, no brand logos, landscape 16:9.",""
"https://dubai-pet-relocation.ae/service/dog-relocation-dubai/","Detail","Snub-nosed and summer rules teaser","Split diagram: brachycephalic vs standard head shapes with larger-crate note","Flat dog head profiles","None","Flat diagram","landscape","16:9","snub-nosed-vs-standard-dog-crate-rule-diagram.png","Snub-nosed versus standard dog head shapes and the larger crate rule for UAE flights","","no","yes","Clean flat-design infographic: side-by-side flat profiles of a brachycephalic dog (pug-type) and a standard-muzzle dog with a larger crate outline behind the snub-nosed profile. Labels: Snub-nosed (brachycephalic); Standard muzzle; Larger crate required; Heat-sensitive. Sand-and-teal palette, no brand logos, landscape 16:9.","Full detail lives on new /guides/snub-nosed-dogs-flying-uae/"
"https://dubai-pet-relocation.ae/service/dog-relocation-dubai/","CTA","Happy outcome","Labrador off-leash on a grassy Dubai community dog park at sunrise","Labrador","Owner throwing ball, back view","Dubai community dog park, sunrise","landscape","16:9","dog-relocation-dubai-cta-labrador-dog-park-sunrise.jpg","Labrador playing in a Dubai community dog park after relocating to the UAE","The best relocation is the one your dog forgets by the weekend.","no","yes","Photorealistic documentary-style image of a labrador running on grass toward a thrown ball in a Dubai community dog park at sunrise, joyful but natural, warm natural light, authentic Dubai/UAE context, no logos, no text, editorial photography, landscape 16:9.",""
"https://dubai-pet-relocation.ae/service/cat-relocation-dubai/","Hero","Species money page hero: calm-first positioning","British Shorthair cat resting half-inside an open carrier on a living-room rug","British Shorthair cat","None","Dubai apartment living room","landscape","16:9","cat-relocation-dubai-british-shorthair-calm-carrier.jpg","Relaxed British Shorthair cat in an open travel carrier before a Dubai cat relocation","A calm cat travels better than a sedated one. Here is how we get there.","yes","no","N/A - original photography required. Shot brief: real cat in a genuinely relaxed posture; calm-cat imagery is this page's core trust signal and is hard to fake convincingly",""
"https://dubai-pet-relocation.ae/service/cat-relocation-dubai/","Process","Cat-specific journey","Five-step cat relocation diagram starting with carrier acclimation","Cat icons","None","Flat diagram","landscape","16:9","cat-relocation-dubai-process-diagram.png","Cat relocation process in Dubai: carrier acclimation, vet checks, documents, flight, quiet arrival","","no","yes","Clean flat-design infographic: five-step horizontal cat-relocation flow with a carrier icon first. Labels: Carrier acclimation (2 weeks); Vet and documents; MOCCAE permits; Flight day; Quiet first 48 hours. Sand-and-teal palette, no brand logos, landscape 16:9.",""
"https://dubai-pet-relocation.ae/service/cat-relocation-dubai/","Detail","Sedation guidance visual","Diagram explaining why sedation is avoided at altitude","Cat and cabin icons","None","Flat diagram","landscape","16:9","why-no-sedation-cats-flying-diagram.png","Why vets advise against sedating cats for flights: blood pressure and balance effects at altitude","","no","yes","Clean flat-design infographic: simple do/don't panel - left shows calming alternatives, right shows a crossed-out pill icon with a caution note. Labels: Do: acclimate early, familiar bedding, pheromone spray; Don't: sedate unless a vet explicitly instructs; Airline rules plus vet guidance. Sand-and-teal palette, no brand logos, landscape 16:9.","No medical dosage info; visual signpost to the section"
"https://dubai-pet-relocation.ae/service/cat-relocation-dubai/","CTA","Calm domestic close","Owner reading on a sofa while a tabby cat sleeps in an open carrier beside them","Tabby cat","Owner reading","Apartment, lamplight","landscape","16:9","cat-relocation-dubai-cta-tabby-sleeping-carrier.jpg","Tabby cat asleep in its open carrier beside its owner, fully acclimated before a Dubai move","Two weeks of preparation, one calm flight. Start the conversation.","no","yes","Photorealistic documentary-style image of a tabby cat asleep in an open-door carrier next to an owner reading on a sofa, warm lamp light, domestic calm, authentic Dubai/UAE context, no logos, no text, editorial photography, landscape 16:9.",""
"https://dubai-pet-relocation.ae/service/moccae-pet-permit/","Hero","Permit-service hero: paperwork mastery without fake documents","Coordinator's desk with an organised permit application folder, checklist and pet booklet, laptop closed","None","Coordinator hands","Desk, top-down","landscape","16:9","moccae-pet-permit-application-folder-dubai-desk.jpg","MOCCAE pet permit application folder being prepared on a coordinator's desk in Dubai","Permits are a detail game. We play it pedantically.","yes","no","N/A - original photography required. Shot brief: real workspace with real redacted documents; anything resembling an official MOCCAE document must be genuine or not shown at all","Never render a fake permit"
"https://dubai-pet-relocation.ae/service/moccae-pet-permit/","Process","Application flow","Flowchart of the permit application from documents to approval","Document icons","None","Flat diagram","landscape","16:9","moccae-import-permit-application-flowchart.png","MOCCAE pet import permit application flow from document collection to approval tracking","","no","yes","Clean flat-design infographic: flowchart with a decision diamond for 'documents complete?' looping back to a fix step, then forward to submission and approval tracking. Labels: Collect documents; Documents complete? (yes/no); Submit application; Track approval; Permit issued (validity per page copy). Sand-and-teal palette, no fake official seals, landscape 16:9.","Validity and fees as editable overlays from verified copy only"
"https://dubai-pet-relocation.ae/service/moccae-pet-permit/","Detail","Rejection reasons","Checklist diagram of the most common application mistakes","Warning icons","None","Flat diagram","landscape","16:9","moccae-permit-common-rejection-reasons-diagram.png","Common MOCCAE pet permit rejection reasons: expired vaccines, microchip mismatches and timing errors","","no","yes","Clean flat-design infographic: vertical checklist with warning icons of typical permit rejection causes. Labels: Vaccination outside its validity window; Microchip number mismatch; Missing titer result where required; Permit requested outside its validity window. Sand-and-teal palette, no brand logos, landscape 16:9.","Exact wording set by verified page copy"
"https://dubai-pet-relocation.ae/service/moccae-pet-permit/","CTA","Approved graphic","Flat graphic of a document folder with a friendly checkmark badge","None","None","Flat graphic","square","1:1","moccae-permit-approved-graphic-dubai.png","Stylised application-approved graphic for a MOCCAE pet permit service","Send us your pet's documents. We will tell you what is missing before MOCCAE does.","no","yes","Flat-design graphic of a document folder with a large friendly checkmark badge, sand-and-teal palette, no official seals, no coat of arms, no government-style emblems, no readable document text, square 1:1.","Deliberately generic so it cannot be mistaken for an actual permit"
"https://dubai-pet-relocation.ae/service/corporate-pet-relocation/","Hero","B2B hero: employee-move reality, not corporate smiling suits","Employee packing a Dubai apartment for an international assignment while their cat watches from a carrier","Grey cat in carrier","Employee packing, candid","Apartment mid-pack, moving boxes","landscape","16:9","corporate-pet-relocation-employee-packing-cat-dubai.jpg","Employee packing a Dubai apartment for a corporate relocation while their cat waits in its carrier","Your people move for work. Their pets are part of the package.","no","yes","Photorealistic documentary-style image of an employee taping moving boxes in a Dubai apartment while a grey cat watches from an open carrier, documentary HR-relocation reality, no suits-and-handshakes staging, warm natural light, authentic Dubai/UAE context, no logos, no text, editorial photography, landscape 16:9.","Deliberately avoids generic corporate imagery per program rules"
"https://dubai-pet-relocation.ae/service/corporate-pet-relocation/","Process","B2B workflow","Workflow diagram of a corporate pet-move program from HR referral to post-arrival report","Icons","None","Flat diagram","landscape","16:9","corporate-pet-relocation-program-workflow-diagram.png","Corporate pet relocation workflow: HR referral, employee consultation, move execution, arrival confirmation","","no","yes","Clean flat-design infographic: swimlane workflow with three lanes (HR, employee, coordinator) and five stages. Labels: HR referral; Employee consultation; Documentation and permits; Move execution; Arrival confirmation to HR. Sand-and-teal palette, no brand logos, landscape 16:9.","New page - create with the page build"
"https://dubai-pet-relocation.ae/service/corporate-pet-relocation/","Detail","Multi-pet / executive move","Two crates side by side (cat and small dog) strapped into a van for an executive family move","Cat + Pomeranian in crates","Handler","Van cargo area","landscape","4:3","corporate-multi-pet-move-crates-van-dubai.jpg","Two pets in secured crates ready for an executive family relocation from Dubai","Two pets, two countries, one invoice - volume and SLA terms for HR teams.","no","yes","Photorealistic documentary-style image of two secured travel crates, a cat and a Pomeranian, strapped side by side in an unbranded van, clean logistics feel, warm natural light, authentic Dubai/UAE context, no logos, no text, editorial photography, landscape 4:3.",""
"https://dubai-pet-relocation.ae/service/corporate-pet-relocation/","CTA","HR contact","Laptop on a desk with a plain email draft composition and a paw-print sticker on the lid","None","Hand on keyboard","Office desk","landscape","16:9","corporate-pet-relocation-hr-contact-cta.jpg","HR manager contacting Dubai Pet Relocation about an employee pet relocation program","One point of contact for every employee move with paws attached.","no","yes","Photorealistic documentary-style image of a laptop with a plain email draft composition on a desk, paw-print sticker on the lid, no readable addresses, no real company branding, warm natural light, no logos, no text, editorial photography, landscape 16:9.",""
"https://dubai-pet-relocation.ae/routes/","Hero","New hub (fixes live 404): orient visitors across 21 corridors","Flat route-map diagram grouping inbound and outbound corridors around a Dubai hub marker","Plane/paw icons","None","Flat map diagram","landscape","16:9","pet-relocation-routes-hub-inbound-outbound-map.png","Map of pet relocation routes to and from Dubai grouped into inbound and outbound corridors","Every corridor has different rules. Pick yours.","no","yes","Clean flat-design infographic: stylised map with a central Dubai marker and two colour-coded families of route arcs - inbound corridors (UK, USA, Canada, Australia, India, Philippines, New Zealand, South Africa, Germany, France, Netherlands, Singapore, Saudi Arabia) and outbound corridors (UK, USA, Canada, Australia, India, Philippines, Germany, Saudi Arabia). Labels: Inbound to Dubai (one colour); From Dubai (second colour); corridor names as small tags. Sand-and-teal palette, no brand logos, landscape 16:9.","New page - build with the hub; keep country tags editable as routes are added"
"https://dubai-pet-relocation.ae/routes/","Route cards","Card background texture for route cards","Flat icon set: crate, plane silhouette, document, paw","Icons","None","Flat icon set","landscape","16:9","route-card-icons-crate-plane-document-paw.png","Icon set used across pet relocation route cards","","no","yes","Clean flat-design icon set of four matching line icons: IATA travel crate, generic plane silhouette (no airline livery), document folder, paw print, sand-and-teal palette, consistent stroke width, no brand logos, landscape 16:9 sheet.","Generic plane only - no airline branding"
"https://dubai-pet-relocation.ae/routes/uk-to-dubai/","Hero","Represent the UK origin context honestly (no fake airport scenes)","Cocker spaniel in an English garden beside an open travel crate, brick terraced house behind","Cocker spaniel","Owner kneeling in garden","UK suburban garden, overcast soft light","landscape","16:9","uk-to-dubai-cocker-spaniel-english-garden-crate.jpg","Cocker spaniel beside a travel crate in a UK garden before relocating from the UK to Dubai","From an English garden to a Dubai villa - one of the simplest corridors we run.","no","yes","Photorealistic documentary-style image of a cocker spaniel beside an open travel crate in a brick-terraced English back garden, owner kneeling nearby, soft overcast British light, authentic UK residential context, no logos, no text, no fictional airport signs, editorial photography, landscape 16:9.","Editorial scene, not presented as documentary evidence of a specific move"
"https://dubai-pet-relocation.ae/routes/uk-to-dubai/","Documents & timeline","Make the low-risk no-titer advantage scannable","Route document checklist + timeline diagram for UK to Dubai","Icons","None","Flat diagram","landscape","16:9","uk-to-dubai-pet-relocation-documents-timeline-diagram.png","Documents and timeline for moving a pet from the UK to Dubai, including the 21-day rabies wait","","no","yes","Clean flat-design infographic: combined checklist and timeline strip for UK-to-Dubai pet relocation. Labels: Microchip; Rabies vaccination; 21-day wait; No titer test needed (UK is low-risk); Health certificate; MOCCAE import permit; Direct flight; DXB clearance. Sand-and-teal palette, no brand logos, no fake official seals, landscape 16:9.","Days/validity figures must be filled from verified page copy before export"
"https://dubai-pet-relocation.ae/routes/uk-to-dubai/","Arrival & reunion","Close with the Dubai arrival outcome","Owner and cocker spaniel on a Dubai villa patio at golden hour after arrival","Cocker spaniel","Owner relaxing on patio","Dubai villa patio, golden hour","landscape","16:9","uk-to-dubai-arrival-cocker-spaniel-dubai-villa-patio.jpg","Cocker spaniel reunited with its owner on a Dubai villa patio after relocating from the UK","Six to eight weeks of planning, one easy flight, one very happy spaniel.","no","yes","Photorealistic documentary-style image of a cocker spaniel stretched out on a Dubai villa patio at golden hour beside its relaxed owner, warm natural light, authentic Dubai/UAE context, no logos, no text, no fictional airport signs, editorial photography, landscape 16:9.","Same breed as hero for story continuity"
"https://dubai-pet-relocation.ae/routes/usa-to-dubai/","Hero","Represent the US origin context","Labrador on an American suburban porch beside a travel crate and moving boxes","Labrador","Owner taping a box","US suburban home porch, late afternoon","landscape","16:9","usa-to-dubai-labrador-suburban-porch-crate.jpg","Labrador on a US suburban porch beside a travel crate before relocating from the USA to Dubai","Rules vary by state; the destination rules do not. We handle both ends.","no","yes","Photorealistic documentary-style image of a labrador sitting on an American suburban porch beside a travel crate and moving boxes, late-afternoon light, authentic US residential context, no logos, no text, no fictional airport signs, editorial photography, landscape 16:9.","Editorial scene, not documentary evidence of a specific move"
"https://dubai-pet-relocation.ae/routes/usa-to-dubai/","Documents & timeline","Show USDA endorsement step clearly","Route document checklist + timeline diagram for USA to Dubai","Icons","None","Flat diagram","landscape","16:9","usa-to-dubai-pet-relocation-documents-timeline-diagram.png","Documents and timeline for moving a pet from the USA to Dubai, including USDA-endorsed health certificate","","no","yes","Clean flat-design infographic: combined checklist and timeline strip for USA-to-Dubai pet relocation. Labels: Microchip; Rabies vaccination; USDA-accredited vet; Health certificate (USDA endorsed); MOCCAE import permit; Flight; DXB clearance. Sand-and-teal palette, no brand logos, no fake official seals, landscape 16:9.","Figures from verified page copy"
"https://dubai-pet-relocation.ae/routes/usa-to-dubai/","Arrival & reunion","Close with the Dubai arrival outcome","Labrador stepping onto cool tile floor of a Dubai apartment, owner laughing","Labrador","Owner in doorway","Dubai apartment interior, bright","landscape","16:9","usa-to-dubai-arrival-labrador-dubai-apartment.jpg","Labrador arriving at its new Dubai apartment after relocating from the USA","Fourteen hours in the air, thirty seconds to find the cool tile floor.","no","yes","Photorealistic documentary-style image of a labrador stepping onto a cool tiled apartment floor while its owner watches laughing from a doorway, bright Dubai interior, warm natural light, authentic Dubai/UAE context, no logos, no text, no fictional airport signs, editorial photography, landscape 16:9.",""
"https://dubai-pet-relocation.ae/routes/india-to-dubai/","Hero","Represent the India origin context","Beagle in a Mumbai apartment beside an open travel crate, ceiling fan and balcony plants","Beagle","Owner sitting cross-legged","Indian city apartment, warm daylight","landscape","16:9","india-to-dubai-beagle-mumbai-apartment-crate.jpg","Beagle in a Mumbai apartment beside a travel crate before relocating from India to Dubai","India is a high-risk-listed route - the titer test drives your whole timeline.","no","yes","Photorealistic documentary-style image of a beagle in a Mumbai apartment beside an open travel crate, ceiling fan and balcony plants, warm daylight, authentic Indian residential context, no logos, no text, no fictional airport signs, editorial photography, landscape 16:9.","Editorial scene, not documentary evidence"
"https://dubai-pet-relocation.ae/routes/india-to-dubai/","Documents & timeline","Explain the RNATT-driven 3-4 month timeline","Route timeline diagram emphasising the titer test sequence","Icons","None","Flat diagram","landscape","16:9","india-to-dubai-rnatt-timeline-diagram.png","India to Dubai pet relocation timeline driven by the rabies titer test (RNATT)","","no","yes","Clean flat-design infographic: horizontal timeline for India-to-Dubai pet relocation with the titer test sequence highlighted. Labels: Microchip and rabies vaccination; RNATT blood sample; Accredited lab result; Permit window; Flight; DXB clearance. Sand-and-teal palette, titer steps in accent colour, no brand logos, no fake official seals, landscape 16:9.","Timing labels strictly from verified page copy (RNATT timing rules under correction)"
"https://dubai-pet-relocation.ae/routes/india-to-dubai/","Arrival & reunion","Close with the Dubai arrival outcome","Family greeting their beagle at a Dubai apartment door after the long relocation","Beagle","Family of three kneeling","Dubai apartment entrance hall","landscape","16:9","india-to-dubai-arrival-beagle-family-reunion.jpg","Family reunited with their beagle in Dubai after relocating from India","Months of waiting, one doorway. Worth it.","no","yes","Photorealistic documentary-style image of a family of three kneeling at a Dubai apartment door greeting their beagle, joyful but unposed, warm natural light, authentic Dubai/UAE context, no logos, no text, no fictional airport signs, editorial photography, landscape 16:9.",""
"https://dubai-pet-relocation.ae/routes/australia-to-dubai/","Hero","Represent the Australia origin context","Border collie in a sunny Australian backyard beside a travel crate, eucalyptus and fence","Border collie","Owner with checklist","Australian backyard, bright sun","landscape","16:9","australia-to-dubai-border-collie-backyard-crate.jpg","Border collie in an Australian backyard beside a travel crate before relocating to Dubai","Low-risk country, strict export rules - AQIS paperwork is the spine of this route.","no","yes","Photorealistic documentary-style image of a border collie in a sunny Australian backyard beside a travel crate, eucalyptus and timber fence, bright sun, authentic Australian residential context, no logos, no text, no fictional airport signs, editorial photography, landscape 16:9.",""
"https://dubai-pet-relocation.ae/routes/australia-to-dubai/","Documents & timeline","Show AQIS export steps plus UAE import steps side by side","Two-lane diagram: Australia export steps and UAE import steps","Icons","None","Flat diagram","landscape","16:9","australia-to-dubai-aqis-export-import-diagram.png","Australia to Dubai pet relocation: AQIS export steps alongside UAE import steps","","no","yes","Clean flat-design infographic: two-lane flow diagram, top lane Australia export (AQIS) steps, bottom lane UAE import steps, converging at a flight node. Labels: AQIS export permit; Approved vet checks; Export health certificate; MOCCAE import permit; Flight; DXB clearance. Sand-and-teal palette, no brand logos, no fake official seals, landscape 16:9.","Steps from verified page copy"
"https://dubai-pet-relocation.ae/routes/australia-to-dubai/","Arrival & reunion","Close with the Dubai arrival outcome","Border collie drinking from a water bowl in a shaded Dubai villa garden on arrival day","Border collie","Owner refilling bowl","Dubai villa garden, shade","landscape","16:9","australia-to-dubai-arrival-border-collie-dubai-garden.jpg","Border collie settling into a Dubai villa garden after relocating from Australia","After that flight, shade and water are the whole agenda.","no","yes","Photorealistic documentary-style image of a border collie drinking from a water bowl in a shaded Dubai villa garden, owner refilling it, warm natural light, authentic Dubai/UAE context, no logos, no text, no fictional airport signs, editorial photography, landscape 16:9.",""
"https://dubai-pet-relocation.ae/routes/canada-to-dubai/","Hero","Represent the Canada origin context","Golden retriever in a snowy Canadian backyard beside a travel crate","Golden retriever","Owner in winter coat","Canadian backyard, light snow","landscape","16:9","canada-to-dubai-golden-retriever-snow-backyard-crate.jpg","Golden retriever in a snowy Canadian backyard beside a travel crate before relocating to Dubai","From a Canadian winter to a Dubai winter - your dog gets the better end of that deal.","no","yes","Photorealistic documentary-style image of a golden retriever in a lightly snow-covered Canadian backyard beside a travel crate, owner in a winter coat, crisp daylight, authentic Canadian residential context, no logos, no text, no fictional airport signs, editorial photography, landscape 16:9.",""
"https://dubai-pet-relocation.ae/routes/canada-to-dubai/","Documents & timeline","Show CFIA-specific steps","Route document checklist + timeline diagram for Canada to Dubai","Icons","None","Flat diagram","landscape","16:9","canada-to-dubai-cfia-documents-timeline-diagram.png","Documents and timeline for moving a pet from Canada to Dubai, including CFIA endorsement","","no","yes","Clean flat-design infographic: checklist and timeline strip for Canada-to-Dubai pet relocation. Labels: Microchip; Rabies vaccination; CFIA-endorsed health certificate; MOCCAE import permit; Flight; DXB clearance. Sand-and-teal palette, no brand logos, no fake official seals, landscape 16:9.","Figures from verified page copy"
"https://dubai-pet-relocation.ae/routes/philippines-to-dubai/","Hero","Represent the Philippines origin context","Shih tzu on a Manila condo balcony beside a soft carrier","Shih tzu","Owner seated inside doorway","Manila condo balcony, tropical plants","landscape","16:9","philippines-to-dubai-shih-tzu-manila-condo-carrier.jpg","Shih tzu on a Manila condo balcony beside a carrier before relocating to Dubai","A high-risk route with a long runway - start four months before your flight.","no","yes","Photorealistic documentary-style image of a shih tzu on a Manila condominium balcony beside a soft carrier, tropical plants, warm humid light, authentic Philippine residential context, no logos, no text, no fictional airport signs, editorial photography, landscape 16:9.",""
"https://dubai-pet-relocation.ae/routes/philippines-to-dubai/","Documents & timeline","Explain RNATT timeline like the India route but visually distinct","Route timeline diagram with titer sequence for Philippines to Dubai","Icons","None","Flat diagram","landscape","16:9","philippines-to-dubai-rnatt-timeline-diagram.png","Philippines to Dubai pet relocation timeline driven by the rabies titer test (RNATT)","","no","yes","Clean flat-design infographic: horizontal timeline for Philippines-to-Dubai pet relocation with the titer sequence highlighted. Labels: Microchip and rabies vaccination; RNATT sample; Accredited lab result; MOCCAE import permit; Flight; DXB clearance. Sand-and-teal palette, no brand logos, no fake official seals, landscape 16:9.","Use a different layout variant from the India diagram to avoid template feel"
"https://dubai-pet-relocation.ae/routes/new-zealand-to-dubai/","Hero","Represent the New Zealand origin context","Kelpie on a green New Zealand lawn beside a travel crate, hills behind","Kelpie","Owner with crate door open","NZ rural-suburban lawn, soft light","landscape","16:9","new-zealand-to-dubai-kelpie-lawn-crate.jpg","Kelpie on a New Zealand lawn beside a travel crate before relocating to Dubai","New Zealand's biosecurity is famously strict - leaving with a pet is a process of its own.","no","yes","Photorealistic documentary-style image of a kelpie standing on a lush New Zealand lawn beside an open travel crate, green hills behind, soft daylight, authentic New Zealand context, no logos, no text, no fictional airport signs, editorial photography, landscape 16:9.",""
"https://dubai-pet-relocation.ae/routes/new-zealand-to-dubai/","Documents & timeline","Show MPI export steps","Route document checklist + timeline diagram for New Zealand to Dubai","Icons","None","Flat diagram","landscape","16:9","new-zealand-to-dubai-mpi-documents-timeline-diagram.png","Documents and timeline for moving a pet from New Zealand to Dubai, including MPI export requirements","","no","yes","Clean flat-design infographic: checklist and timeline strip for New Zealand-to-Dubai pet relocation. Labels: Microchip; Vaccinations; MPI export requirements; Export health certificate; MOCCAE import permit; Flight; DXB clearance. Sand-and-teal palette, no brand logos, no fake official seals, landscape 16:9.","Figures from verified page copy"
"https://dubai-pet-relocation.ae/routes/south-africa-to-dubai/","Hero","Represent the South Africa origin context","Labrador in a Cape Town-style garden beside a travel crate, mountain silhouette far behind","Labrador","Owner securing crate door","South African garden, late light","landscape","16:9","south-africa-to-dubai-labrador-cape-garden-crate.jpg","Labrador in a South African garden beside a travel crate before relocating to Dubai","Titer test, state vet steps and a long flight - this route rewards early planning.","no","yes","Photorealistic documentary-style image of a labrador in a Cape Town-style garden beside a travel crate, distant mountain silhouette, late golden light, authentic South African residential context, no logos, no text, no fictional airport signs, editorial photography, landscape 16:9.","Avoid restricted-breed lookalikes (no boerboel-type dogs)"
"https://dubai-pet-relocation.ae/routes/south-africa-to-dubai/","Documents & timeline","Show RNATT plus DALRRD/state-vet steps","Route timeline diagram for South Africa to Dubai","Icons","None","Flat diagram","landscape","16:9","south-africa-to-dubai-timeline-diagram.png","South Africa to Dubai pet relocation timeline with titer test and state veterinary steps","","no","yes","Clean flat-design infographic: horizontal timeline for South Africa-to-Dubai pet relocation. Labels: Microchip and rabies vaccination; RNATT sample; DALRRD/state vet steps; MOCCAE import permit; Flight; DXB clearance. Sand-and-teal palette, no brand logos, no fake official seals, landscape 16:9.","Timing from verified page copy"
"https://dubai-pet-relocation.ae/routes/dubai-to-uk/","Hero","Represent the Dubai-to-UK direction","Owner carrying a cat carrier past suitcases in a Dubai apartment hallway","British Shorthair cat in carrier","Owner, mid-stride","Dubai apartment hallway, departure morning","landscape","16:9","dubai-to-uk-departure-cat-carrier-apartment.jpg","Owner carrying a cat carrier through a Dubai apartment before relocating from Dubai to the UK","Dubai to Britain: no titer test needed, but the paperwork clock still matters.","no","yes","Photorealistic documentary-style image of an owner carrying a cat carrier past lined-up suitcases in a Dubai apartment hallway on departure morning, warm natural light, authentic Dubai/UAE context, no logos, no text, no fictional airport signs, editorial photography, landscape 16:9.",""
"https://dubai-pet-relocation.ae/routes/dubai-to-uk/","Documents & timeline","Explain GB health certificate + tapeworm rule","Route document checklist + timeline diagram for Dubai to UK","Icons","None","Flat diagram","landscape","16:9","dubai-to-uk-documents-tapeworm-timeline-diagram.png","Documents and timeline for exporting a pet from Dubai to the UK, including the tapeworm treatment window","","no","yes","Clean flat-design infographic: checklist and timeline strip for Dubai-to-UK pet export. Labels: Microchip; Valid rabies vaccination; GB pet health certificate; Tapeworm treatment window (dogs, 24-120 hours before UK arrival); MOCCAE export certificate; Flight. Sand-and-teal palette, tapeworm step highlighted, no brand logos, no fake official seals, landscape 16:9.","Tapeworm window wording from verified page copy (GOV.UK-verified section)"
"https://dubai-pet-relocation.ae/routes/dubai-to-uk/","Arrival & reunion","Close with the UK arrival outcome","Cat exploring a book-lined London-style sitting room on arrival, rain on the window","British Shorthair cat","Owner unpacking in background","UK terraced sitting room, rainy daylight","landscape","16:9","dubai-to-uk-arrival-cat-london-sitting-room.jpg","Cat exploring its new UK home after relocating from Dubai","New weather, same cat. Home is wherever the blanket lands.","no","yes","Photorealistic documentary-style image of a British Shorthair cat exploring a book-lined terraced sitting room with rain on the window, owner unpacking softly in background, cool British daylight, authentic UK context, no logos, no text, no fictional airport signs, editorial photography, landscape 16:9.",""
"https://dubai-pet-relocation.ae/routes/dubai-to-usa/","Hero","Represent the Dubai-to-USA direction","Handler weighing a crated beagle on a scale in a neutral logistics room","Beagle in crate","Handler + owner watching","Neutral logistics preparation room, no signage","landscape","16:9","dubai-to-usa-crate-weighing-beagle-logistics.jpg","Crated beagle being weighed before a Dubai to USA pet relocation flight","For the USA route, Dubai is CDC high-risk listed - the paperwork starts earlier than you think.","no","yes","Photorealistic documentary-style image of a handler weighing a crated beagle on an industrial scale in a plain neutral logistics preparation room, owner watching, no signage, warm natural light, authentic Dubai/UAE context, no logos, no text, no fictional airport signs, editorial photography, landscape 16:9.","Neutral room only - never stage fake airport check-in scenes"
"https://dubai-pet-relocation.ae/routes/dubai-to-usa/","Documents & timeline","Explain CDC Dog Import Form + high-risk rules","Route document checklist + timeline diagram for Dubai to USA","Icons","None","Flat diagram","landscape","16:9","dubai-to-usa-cdc-dog-import-form-timeline-diagram.png","Documents and timeline for exporting a dog from Dubai to the USA, including the CDC Dog Import Form","","no","yes","Clean flat-design infographic: checklist and timeline strip for Dubai-to-USA pet export with a dog lane and a cat lane. Labels: Microchip; Rabies certificate; CDC Dog Import Form (dogs); High-risk country rules apply (UAE); USDA-endorsed health certificate where required; MOCCAE export certificate; Flight. Sand-and-teal palette, no brand logos, no fake official seals, landscape 16:9.","CDC-verified content per roadmap; no fabricated form imagery"
"https://dubai-pet-relocation.ae/routes/dubai-to-usa/","Arrival & reunion","Close with the US arrival outcome","Beagle bounding across an American suburban lawn toward its owner at the new home","Beagle","Owner crouching","US suburban front lawn, bright morning","landscape","16:9","dubai-to-usa-arrival-beagle-american-lawn.jpg","Beagle reunited with its owner at their new US home after relocating from Dubai","High-risk route, low-drama ending. That is the plan.","no","yes","Photorealistic documentary-style image of a beagle bounding across an American suburban front lawn toward its crouching owner, bright morning light, authentic US residential context, no logos, no text, no fictional airport signs, editorial photography, landscape 16:9.",""
"https://dubai-pet-relocation.ae/routes/germany-to-dubai/","Hero","Represent the Germany origin context","Dachshund in a Berlin-style apartment beside a travel crate, tall windows and radiators","Dachshund","Owner writing a checklist","European city apartment, cool daylight","landscape","16:9","germany-to-dubai-dachshund-berlin-apartment-crate.jpg","Dachshund in a Berlin apartment beside a travel crate before relocating from Germany to Dubai","EU-listed country, straightforward UAE entry - the planning is in the details.","no","yes","Photorealistic documentary-style image of a dachshund in a Berlin-style apartment beside an open travel crate, tall windows, cool European daylight, authentic German residential context, no logos, no text, no fictional airport signs, editorial photography, landscape 16:9.","New page - create with the page build"
"https://dubai-pet-relocation.ae/routes/germany-to-dubai/","Documents & timeline","Show EU-to-UAE document flow","Route document checklist + timeline diagram for Germany to Dubai","Icons","None","Flat diagram","landscape","16:9","germany-to-dubai-documents-timeline-diagram.png","Documents and timeline for moving a pet from Germany to Dubai","","no","yes","Clean flat-design infographic: checklist and timeline strip for Germany-to-Dubai pet relocation. Labels: Microchip; Rabies vaccination; EU pet passport or health certificate; MOCCAE import permit; Flight; DXB clearance. Sand-and-teal palette, no brand logos, no fake official seals, landscape 16:9.","New page; figures from regulatory-source-of-truth only"
"https://dubai-pet-relocation.ae/routes/france-to-dubai/","Hero","Represent the France origin context","French bulldog on a Parisian balcony beside a carrier, zinc rooftops behind","French bulldog","Owner with morning coffee","Parisian balcony apartment, soft light","landscape","16:9","france-to-dubai-french-bulldog-paris-balcony-carrier.jpg","French bulldog on a Paris balcony beside a carrier before relocating from France to Dubai","A snub-nosed dog on a long route needs an airline and a season chosen carefully.","no","yes","Photorealistic documentary-style image of a French bulldog sitting on a Parisian balcony beside a carrier, zinc rooftops behind, soft morning light, authentic Parisian residential context, no logos, no text, no fictional airport signs, editorial photography, landscape 16:9.","Ties naturally to the snub-nosed guide; new page"
"https://dubai-pet-relocation.ae/routes/france-to-dubai/","Documents & timeline","Show France-to-UAE document flow","Route document checklist + timeline diagram for France to Dubai","Icons","None","Flat diagram","landscape","16:9","france-to-dubai-documents-timeline-diagram.png","Documents and timeline for moving a pet from France to Dubai","","no","yes","Clean flat-design infographic: checklist and timeline strip for France-to-Dubai pet relocation. Labels: Microchip; Rabies vaccination; EU pet passport or health certificate; MOCCAE import permit; Flight; DXB clearance. Sand-and-teal palette, no brand logos, no fake official seals, landscape 16:9.","New page; figures from regulatory-source-of-truth only"
"https://dubai-pet-relocation.ae/routes/netherlands-to-dubai/","Hero","Represent the Netherlands origin context","European shorthair cat on a canal-house windowsill beside a carrier","European shorthair cat","Owner packing below","Dutch canal-house interior, tall window light","landscape","16:9","netherlands-to-dubai-cat-canal-house-window-carrier.jpg","Cat on a Dutch canal-house windowsill beside a carrier before relocating from the Netherlands to Dubai","Cats from Amsterdam fly this corridor every month - the rules are well worn.","no","yes","Photorealistic documentary-style image of a European shorthair cat sitting on a tall canal-house windowsill beside a soft carrier, canal light, authentic Dutch interior context, no logos, no text, no fictional airport signs, editorial photography, landscape 16:9.","New page"
"https://dubai-pet-relocation.ae/routes/netherlands-to-dubai/","Documents & timeline","Show Netherlands-to-UAE document flow","Route document checklist + timeline diagram for Netherlands to Dubai","Icons","None","Flat diagram","landscape","16:9","netherlands-to-dubai-documents-timeline-diagram.png","Documents and timeline for moving a pet from the Netherlands to Dubai","","no","yes","Clean flat-design infographic: checklist and timeline strip for Netherlands-to-Dubai pet relocation. Labels: Microchip; Rabies vaccination; EU pet passport or health certificate; MOCCAE import permit; Flight; DXB clearance. Sand-and-teal palette, no brand logos, no fake official seals, landscape 16:9.","New page; figures from regulatory-source-of-truth only"
"https://dubai-pet-relocation.ae/routes/singapore-to-dubai/","Hero","Represent the Singapore origin context","Pomeranian in a bright high-rise apartment beside a travel crate, city greenery below","Pomeranian","Owner closing crate door","Singapore high-rise apartment, tropical light","landscape","16:9","singapore-to-dubai-pomeranian-highrise-crate.jpg","Pomeranian in a Singapore high-rise apartment beside a travel crate before relocating to Dubai","Singapore's AVS export process is orderly - your paperwork will be too.","no","yes","Photorealistic documentary-style image of a Pomeranian in a bright Singapore high-rise apartment beside a travel crate, city greenery visible below, tropical daylight, authentic Singaporean residential context, no logos, no text, no fictional airport signs, editorial photography, landscape 16:9.","New page; AVS angle per roadmap"
"https://dubai-pet-relocation.ae/routes/singapore-to-dubai/","Documents & timeline","Show AVS export + UAE import steps","Route document checklist + timeline diagram for Singapore to Dubai","Icons","None","Flat diagram","landscape","16:9","singapore-to-dubai-avs-documents-timeline-diagram.png","Documents and timeline for moving a pet from Singapore to Dubai, including AVS export steps","","no","yes","Clean flat-design infographic: checklist and timeline strip for Singapore-to-Dubai pet relocation. Labels: Microchip; Vaccinations; AVS export licence and vet health certificate; MOCCAE import permit; Flight; DXB clearance. Sand-and-teal palette, no brand logos, no fake official seals, landscape 16:9.","New page; figures from regulatory-source-of-truth only"
"https://dubai-pet-relocation.ae/routes/saudi-arabia-to-dubai/","Hero","Represent the GCC ground/air corridor without fake signage","Cat in a secured carrier on the back seat of an SUV on a desert highway, dunes in the distance","Cat in carrier","Driver silhouette","Gulf desert highway, late afternoon","landscape","16:9","saudi-arabia-to-dubai-cat-suv-desert-highway.jpg","Cat in a carrier travelling by road from Saudi Arabia toward Dubai","Riyadh to Dubai can be a flight - or a well-planned drive. We do both.","no","yes","Photorealistic documentary-style image of a cat in a secured carrier on the back seat of an SUV driving a desert highway, dunes in the distance, late-afternoon Gulf light, authentic GCC context, no logos, no text, no road signage, editorial photography, landscape 16:9.","Unique ground-transport angle per roadmap; no border-post or signage imagery"
"https://dubai-pet-relocation.ae/routes/saudi-arabia-to-dubai/","Documents & timeline","Show MEWA export + MOCCAE import both ends","Two-lane diagram: Saudi export steps and UAE import steps","Icons","None","Flat diagram","landscape","16:9","saudi-arabia-to-dubai-mewa-moccae-diagram.png","Saudi Arabia to Dubai pet relocation: MEWA export steps and MOCCAE import steps","","no","yes","Clean flat-design infographic: two-lane flow diagram, top lane Saudi export (MEWA) steps, bottom lane UAE import (MOCCAE) steps, converging at a road/plane choice node. Labels: MEWA export permit; Vet health certificate; Vaccination records; MOCCAE import permit; Fly or drive; Arrival. Sand-and-teal palette, no brand logos, no fake official seals, landscape 16:9.","New page; GCC-gap page per roadmap; figures from source-of-truth only"
"https://dubai-pet-relocation.ae/routes/dubai-to-canada/","Hero","Represent the Dubai-to-Canada direction","Owner brushing a husky beside a packed crate in a Dubai apartment","Husky","Owner seated on floor","Dubai apartment, packing day","landscape","16:9","dubai-to-canada-husky-packed-crate-apartment.jpg","Owner brushing their husky beside a packed crate before relocating from Dubai to Canada","The CFIA paperwork is friendly; the flight planning is the hard part.","no","yes","Photorealistic documentary-style image of an owner brushing a husky beside a packed travel crate in a Dubai apartment on packing day, warm natural light, authentic Dubai/UAE context, no logos, no text, no fictional airport signs, editorial photography, landscape 16:9.","New page - NOT a reversed inbound copy"
"https://dubai-pet-relocation.ae/routes/dubai-to-canada/","Documents & timeline","Show CFIA import requirements from the UAE side","Route document checklist + timeline diagram for Dubai to Canada","Icons","None","Flat diagram","landscape","16:9","dubai-to-canada-cfia-documents-timeline-diagram.png","Documents and timeline for exporting a pet from Dubai to Canada under CFIA rules","","no","yes","Clean flat-design infographic: checklist and timeline strip for Dubai-to-Canada pet export. Labels: Microchip; Rabies vaccination certificate; CFIA import requirements; Vet health certificate; MOCCAE export certificate; Flight; Arrival in Canada. Sand-and-teal palette, no brand logos, no fake official seals, landscape 16:9.","New page; figures from regulatory-source-of-truth only"
"https://dubai-pet-relocation.ae/routes/dubai-to-australia/","Hero","Represent the hardest export route honestly","Owner and a border collie at a long planning table covered in a calendar and document folder","Border collie","Owner with pen and calendar","Dubai apartment dining table","landscape","16:9","dubai-to-australia-planning-calendar-border-collie.jpg","Owner planning a Dubai to Australia pet relocation on a calendar with their border collie nearby","Australia is the longest runway in pet relocation - around six months. Start now.","no","yes","Photorealistic documentary-style image of an owner marking a long wall calendar beside a document folder at a Dubai dining table, border collie resting at their feet, warm natural light, authentic Dubai/UAE context, no logos, no text, no fictional airport signs, editorial photography, landscape 16:9.","New page; UAE is Australia Group 3 (long timeline) per verified source"
"https://dubai-pet-relocation.ae/routes/dubai-to-australia/","Documents & timeline","Visualise the ~180-day Group-3 timeline","Long-horizon timeline diagram for Dubai to Australia","Icons","None","Flat diagram","landscape","16:9","dubai-to-australia-group3-180-day-timeline-diagram.png","Long timeline for exporting a pet from Dubai to Australia under DAFF Group 3 rules","","no","yes","Clean flat-design infographic: extended horizontal timeline for Dubai-to-Australia pet export showing the long preparation arc. Labels: Microchip and rabies vaccination; RNATT; 180-day preparation period; DAFF import permit; Quarantine booking; MOCCAE export certificate; Flight; Australian quarantine and release. Sand-and-teal palette, quarantine node clearly marked, no brand logos, no fake official seals, landscape 16:9.","All durations strictly from verified page copy (DAFF Group 3)"
"https://dubai-pet-relocation.ae/routes/dubai-to-australia/","Arrival & reunion","Close with the Australian arrival outcome","Border collie greeting its owner at an Australian home after quarantine release","Border collie","Owner kneeling on lawn","Australian backyard, bright morning","landscape","16:9","dubai-to-australia-arrival-border-collie-backyard.jpg","Border collie reunited with its owner in Australia after relocating from Dubai","Six months of process, one tail wag at the gate.","no","yes","Photorealistic documentary-style image of a border collie greeting its kneeling owner on an Australian backyard lawn, bright morning light, authentic Australian residential context, no logos, no text, no fictional airport signs, editorial photography, landscape 16:9.","Do not depict quarantine facility interiors"
"https://dubai-pet-relocation.ae/routes/dubai-to-india/","Hero","Represent the Dubai-to-India direction","Family packing a Dubai apartment while an indie-type rescue dog watches from its open crate","Indie rescue dog","Family packing","Dubai apartment, packing day","landscape","16:9","dubai-to-india-family-packing-indie-dog-crate.jpg","Family packing a Dubai apartment with their rescue dog before relocating from Dubai to India","Taking a pet from the UAE to India runs on NOCs and Transfer of Residence rules - we map them first.","no","yes","Photorealistic documentary-style image of a family packing a Dubai apartment while a short-haired indie-type rescue dog watches from its open crate, warm natural light, authentic Dubai/UAE context, no logos, no text, no fictional airport signs, editorial photography, landscape 16:9.","New page; 2nd biggest outbound cluster"
"https://dubai-pet-relocation.ae/routes/dubai-to-india/","Documents & timeline","Show AQCS NOC + Transfer of Residence steps","Route document checklist + timeline diagram for Dubai to India","Icons","None","Flat diagram","landscape","16:9","dubai-to-india-aqcs-noc-timeline-diagram.png","Documents and timeline for exporting a pet from Dubai to India, including the AQCS NOC","","no","yes","Clean flat-design infographic: checklist and timeline strip for Dubai-to-India pet export. Labels: Microchip; Vaccinations; AQCS No Objection Certificate; Transfer of Residence conditions; MOCCAE export certificate; Flight; Arrival in India. Sand-and-teal palette, no brand logos, no fake official seals, landscape 16:9.","New page; AQCS/ToR rules verified first-party per roadmap"
"https://dubai-pet-relocation.ae/routes/dubai-to-india/","Arrival & reunion","Close with the India arrival outcome","Grandmother greeting the family dog at an Indian home entrance, marigold plants nearby","Indie rescue dog","Older woman kneeling, joyful","Indian home entrance, warm evening","landscape","16:9","dubai-to-india-arrival-dog-family-reunion-entrance.jpg","Dog reunited with its family at a home entrance in India after relocating from Dubai","The dog does not care about the paperwork. The reunion is the point.","no","yes","Photorealistic documentary-style image of an older woman kneeling joyfully to greet a short-haired dog at an Indian home entrance with potted marigolds, warm evening light, authentic Indian residential context, no logos, no text, no fictional airport signs, editorial photography, landscape 16:9.",""
"https://dubai-pet-relocation.ae/routes/dubai-to-philippines/","Hero","Represent the Dubai-to-Philippines direction","Owner measuring a shih tzu for a travel crate in a Dubai apartment","Shih tzu","Coordinator measuring","Dubai apartment living room","landscape","16:9","dubai-to-philippines-shih-tzu-crate-measuring.jpg","Shih tzu being measured for a travel crate before relocating from Dubai to the Philippines","The Philippines wants a BAI import permit before your pet flies - we sequence it with the export certificate.","no","yes","Photorealistic documentary-style image of a shih tzu being measured for a travel crate by a coordinator in a Dubai apartment, warm natural light, authentic Dubai/UAE context, no logos, no text, no fictional airport signs, editorial photography, landscape 16:9.","New page"
"https://dubai-pet-relocation.ae/routes/dubai-to-philippines/","Documents & timeline","Show BAI SPSIC steps","Route document checklist + timeline diagram for Dubai to Philippines","Icons","None","Flat diagram","landscape","16:9","dubai-to-philippines-bai-spsic-timeline-diagram.png","Documents and timeline for exporting a pet from Dubai to the Philippines, including the BAI SPSIC permit","","no","yes","Clean flat-design infographic: checklist and timeline strip for Dubai-to-Philippines pet export. Labels: Microchip; Vaccinations; BAI SPSIC import permit; Vet health certificate; MOCCAE export certificate; Flight; Arrival in Manila. Sand-and-teal palette, no brand logos, no fake official seals, landscape 16:9.","New page; BAI SPSIC verified first-party per roadmap"
"https://dubai-pet-relocation.ae/routes/dubai-to-germany/","Hero","Represent the Dubai-to-Germany direction","Owner zipping a document pouch onto a crate while a dachshund waits in a Dubai hallway","Dachshund","Owner crouching","Dubai apartment hallway, departure morning","landscape","16:9","dubai-to-germany-dachshund-crate-document-pouch.jpg","Owner attaching a document pouch to a travel crate before relocating from Dubai to Germany","Good news first: the UAE is on the EU's titer-exempt list. No titer test needed.","no","yes","Photorealistic documentary-style image of an owner zipping a document pouch onto a travel crate while a dachshund waits in a Dubai apartment hallway, morning light, authentic Dubai/UAE context, no logos, no text, no fictional airport signs, editorial photography, landscape 16:9.","New page; strong no-titer hook per roadmap"
"https://dubai-pet-relocation.ae/routes/dubai-to-germany/","Documents & timeline","Show EU entry steps from the UAE side","Route document checklist + timeline diagram for Dubai to Germany","Icons","None","Flat diagram","landscape","16:9","dubai-to-germany-eu-entry-timeline-diagram.png","Documents and timeline for exporting a pet from Dubai to Germany under EU entry rules","","no","yes","Clean flat-design infographic: checklist and timeline strip for Dubai-to-Germany pet export. Labels: Microchip; Valid rabies vaccination; No titer needed (UAE is EU-listed); EU health certificate; MOCCAE export certificate; Flight; Arrival in Germany. Sand-and-teal palette, no-titer step highlighted, no brand logos, no fake official seals, landscape 16:9.","New page; EU-listing verified per European Commission source"
"https://dubai-pet-relocation.ae/routes/dubai-to-saudi-arabia/","Hero","Represent the Dubai-to-Saudi direction incl. the road option","Handler loading a crated cat into an SUV at a Dubai villa before a road trip to Riyadh","Cat in crate","Handler + owner","Dubai villa driveway, early morning","landscape","16:9","dubai-to-saudi-arabia-cat-suv-villa-loading.jpg","Handler loading a crated cat into an SUV in Dubai before a road relocation to Saudi Arabia","Dubai to Riyadh by road takes a day and a good permit file - often kinder than a cargo hold.","no","yes","Photorealistic documentary-style image of a handler loading a crated cat into the back of an SUV at a Dubai villa driveway in early morning, warm natural light, authentic Dubai/UAE context, no logos, no text, no road signage, editorial photography, landscape 16:9.","New page; GCC-gap page; never show border posts or checkpoint signage"
"https://dubai-pet-relocation.ae/routes/dubai-to-saudi-arabia/","Documents & timeline","Show MEWA Anaam permit + validity window","Route document checklist + timeline diagram for Dubai to Saudi Arabia","Icons","None","Flat diagram","landscape","16:9","dubai-to-saudi-arabia-mewa-anaam-timeline-diagram.png","Documents and timeline for exporting a pet from Dubai to Saudi Arabia, including the MEWA import permit","","no","yes","Clean flat-design infographic: checklist and timeline strip for Dubai-to-Saudi-Arabia pet export. Labels: Microchip; Vaccinations; MEWA import permit (Anaam/Naama); Iqama-holder requirement; Vet health certificate; MOCCAE export certificate; Fly or drive; Arrival. Sand-and-teal palette, no brand logos, no fake official seals, landscape 16:9.","New page; MEWA 30-day validity verified first-party per roadmap"
"https://dubai-pet-relocation.ae/guides/","Hero","Guide-hub orientation: route visitors by situation","Flat illustration of a dog and cat beside an open guidebook with a route map","Stylised dog + cat","None","Flat illustration","landscape","16:9","pet-relocation-guides-hub-dog-cat-guidebook.png","Illustration for the Dubai pet relocation guides library covering costs, permits, crates and routes","","no","yes","Flat-design vector illustration of a dog and a cat sitting beside an oversized open guidebook showing a simple route map, sand-and-teal palette, rounded shapes, generous whitespace, no readable text, no brand logos, landscape 16:9.","Decorative illustration appropriate for a directory hub"
"https://dubai-pet-relocation.ae/guides/","Start-here router","Help visitors self-select the right guide","Decision diagram routing by situation (importing, exporting, airline choice, breed worry)","Icons","None","Flat diagram","landscape","16:9","which-pet-relocation-guide-decision-diagram.png","Which pet relocation guide do you need: decision diagram by situation","","no","yes","Clean flat-design infographic: decision tree starting from 'What is your situation?' with four branches leading to guide cards. Labels: Moving TO Dubai (import requirements guide); Leaving Dubai (export guide); Choosing an airline (Emirates/Etihad guides); Worried about breed or heat (breed, snub-nosed and summer guides). Sand-and-teal palette, no brand logos, landscape 16:9.","Matches the roadmap's start-here routing recommendation"
"https://dubai-pet-relocation.ae/guides/pet-relocation-cost-dubai/","Hero","Set transparent-pricing tone","Overhead flat lay: crate, measuring tape, calculator, document folder and a paper invoice with blank fields","None","Hands holding calculator","Desk top-down","landscape","16:9","pet-relocation-cost-dubai-crate-calculator-invoice-flatlay.jpg","Pet relocation cost planning items: crate, measuring tape, calculator and invoice on a desk","Every dirham, itemised. This guide shows the whole bill before you commit.","no","yes","Photorealistic documentary-style image of an overhead flat lay with a small pet crate, measuring tape, calculator and a plain invoice sheet with blank fields on a desk, warm natural light, no logos, no readable figures, editorial photography, landscape 16:9.","No real fee numbers in the image - figures live in the (verified) tables"
"https://dubai-pet-relocation.ae/guides/pet-relocation-cost-dubai/","Cost breakdown","Make the full cost stack scannable","Stacked-bar diagram of a typical relocation cost by component","Icons","None","Flat diagram","landscape","16:9","pet-relocation-cost-dubai-breakdown-stacked-bar.png","Pet relocation cost breakdown for Dubai by component: permits, vet, crate, cargo, service fee","","no","yes","Clean flat-design infographic: one horizontal stacked bar divided into coloured segments for a typical pet relocation cost. Labels: Government permits and fees; Vet visits and vaccinations; Crate and accessories; Air cargo; Coordination service fee. Percentages left as editable text. Sand-and-teal palette, no brand logos, landscape 16:9.","Segments/percentages must come from the verified cost tables on the page"
"https://dubai-pet-relocation.ae/guides/pet-relocation-cost-dubai/","Cost by pet size","Show how size drives price","Three-crate size comparison diagram (cat, small dog, large dog) with relative cost bars","Cat + dog outlines","None","Flat diagram","landscape","16:9","pet-relocation-cost-by-pet-size-crate-comparison.png","How pet size affects relocation cost: crate sizes for a cat, small dog and large dog compared","","no","yes","Clean flat-design infographic: three crates side by side sized for a cat, a small dog and a large dog, each with a relative cost bar beneath. Labels: Cat/small carrier; Medium crate; Large/giant crate; relative cost bars marked low/medium/high (editable). Sand-and-teal palette, no brand logos, landscape 16:9.","Anchors the cost-by-size section; pairs with crate-size calculator feature"
"https://dubai-pet-relocation.ae/guides/uae-pet-import-requirements/","Hero","Signal completeness of the master requirements guide","Flat checklist-board illustration with documents, syringe, microchip and crate icons","Icons","None","Flat illustration","landscape","16:9","uae-pet-import-requirements-master-checklist-illustration.png","Master checklist of UAE pet import requirements: microchip, vaccinations, titer test, permit and health certificate","","no","yes","Clean flat-design illustration of a clipboard checklist surrounded by simple icons: microchip, syringe, blood-sample vial, permit document, health certificate, crate. Labels: Microchip; Rabies vaccination; Titer test (if required); MOCCAE import permit; Health certificate. Sand-and-teal palette, no fake official seals, landscape 16:9.","This is the regulatory-blocked page - image must be re-exported if rules text changes"
"https://dubai-pet-relocation.ae/guides/uae-pet-import-requirements/","Step-by-step section","Visualise the full import sequence with timing","Import timeline diagram from first vet visit to arrival","Icons","None","Flat diagram","landscape","16:9","uae-pet-import-step-by-step-timeline-diagram.png","Step-by-step UAE pet import timeline from vaccinations to arrival clearance","","no","yes","Clean flat-design infographic: horizontal timeline of the UAE pet import process. Labels: Microchip; Rabies vaccination; Titer test if required (timing per page copy); MOCCAE import permit (validity per page copy); Health certificate; Flight; Arrival clearance. Sand-and-teal palette, clock icons on timed steps, no brand logos, no fake official seals, landscape 16:9.","Do NOT bake in 90-day validity - page is being corrected to 30-day validity"
"https://dubai-pet-relocation.ae/guides/uae-pet-import-requirements/","Vaccination section","Show the vet-visit reality behind the checklist","Vet scanning a cat's microchip with a handheld reader in a clinic","Grey tabby cat","Vet hands only","Vet clinic exam table","landscape","4:3","vet-scanning-cat-microchip-uae-import-check.jpg","Vet scanning a cat's microchip during UAE pet import preparation","","no","yes","Photorealistic documentary-style image of a vet scanning a grey tabby cat's microchip with a handheld reader on a clinic exam table, close crop, no branding, warm natural light, authentic clinical context, no logos, no readable text, editorial photography, landscape 4:3.",""
"https://dubai-pet-relocation.ae/guides/banned-dog-breeds-dubai/","Hero","Handle a sensitive topic without menacing dog imagery","Flat illustration of a dog silhouette behind a magnifying glass with a question mark","Dog silhouette","None","Flat illustration","landscape","16:9","banned-dog-breeds-dubai-magnifier-silhouette.png","Illustration for the guide to banned and restricted dog breeds in Dubai","","no","yes","Flat-design vector illustration of a neutral dog silhouette viewed through a large magnifying glass with a question mark, sand-and-teal palette, non-threatening rounded shapes, no breed-specific aggression cues, no text, no brand logos, landscape 16:9.","Deliberately avoid scary or muzzled-dog photography"
"https://dubai-pet-relocation.ae/guides/banned-dog-breeds-dubai/","Breed status section","Answer 'is my dog allowed?' in one visual","Decision tree diagram for breed eligibility","Dog icons","None","Flat diagram","landscape","16:9","is-my-dog-breed-banned-dubai-decision-tree.png","Decision tree: is my dog breed banned or restricted in Dubai, and what to do next","","no","yes","Clean flat-design infographic: decision tree starting from 'What breed is your dog?' with branches. Labels: On the banned list - do not import, talk to us about options; Restricted list - leash, muzzle and registration rules apply; Mixed or unsure - request a breed assessment; Not listed - standard import rules. Sand-and-teal palette, no brand logos, no fake official seals, landscape 16:9.","List content must track Federal Law 22/2016 Annex 2 and Decree 190/2021 per roadmap"
"https://dubai-pet-relocation.ae/guides/banned-dog-breeds-dubai/","Mixed-breed section","Explain the assessment pathway","Coordinator photographing a mixed-breed dog side-on against a plain wall for assessment","Mixed-breed dog (medium)","Coordinator with phone camera","Plain wall, even light","landscape","4:3","mixed-breed-assessment-photo-session-dubai.jpg","Mixed-breed dog photographed for a breed assessment before Dubai import","","no","yes","Photorealistic documentary-style image of a coordinator photographing a calm medium mixed-breed dog side-on against a plain wall for a breed assessment, even light, authentic Dubai/UAE context, no logos, no text, editorial photography, landscape 4:3.",""
"https://dubai-pet-relocation.ae/guides/iata-pet-crate-requirements/","Hero","The definitive crate-sizing visual (linkable asset)","Full crate measurement diagram: dog outline with A/B/C/D arrows and crate formula","Dog outline","None","Flat diagram","landscape","16:9","iata-crate-sizing-formula-dog-measurement-diagram.png","IATA crate sizing formula: how to measure your dog for a travel crate, nose to tail and floor to head","The four measurements every airline checks - get them right and the crate is right.","no","yes","Clean flat-design infographic: side-view dog outline with four measurement arrows and the resulting crate outline. Labels: A Nose to base of tail; B Ground to elbow joint; C Elbow to top of head or ears; D Widest point across shoulders; Crate length = A + half of B; Crate height = C (plus extra for snub-nosed breeds). Sand-and-teal palette, technical-drawing style, no brand logos, landscape 16:9.","Flagship linkable diagram; keep consistent with /dog-relocation-to-dubai/ sizing asset"
"https://dubai-pet-relocation.ae/guides/iata-pet-crate-requirements/","Construction rules section","Show what makes a crate compliant","Annotated crate anatomy diagram (door, vents, bolts, bowl, floor)","Crate diagram","None","Flat diagram","landscape","16:9","iata-compliant-crate-anatomy-annotated-diagram.png","Anatomy of an IATA-compliant pet travel crate: metal door, ventilation, bolts and water bowl","","no","yes","Clean flat-design infographic: annotated three-quarter view of an IATA-compliant pet travel crate with callout lines. Labels: Metal mesh door with secure lock; Ventilation on four sides; Fixed bolts (not clips); Attached water bowl; Solid leak-proof floor; No wheels. Sand-and-teal palette, technical callout style, no brand logos, landscape 16:9.","Supports the what-is-NOT-allowed section"
"https://dubai-pet-relocation.ae/guides/iata-pet-crate-requirements/","Sizing service section","Show the human measuring service","Coordinator measuring a beagle's length with a soft tape while owner steadies it","Beagle","Coordinator + owner","Client living room","landscape","4:3","measuring-beagle-for-iata-crate-dubai-home.jpg","Coordinator measuring a beagle for an IATA travel crate in a Dubai home","","no","yes","Photorealistic documentary-style image of a coordinator measuring a beagle with a soft tape from nose to tail base while the owner steadies the dog, home living room, warm natural light, authentic Dubai/UAE context, no logos, no text, editorial photography, landscape 4:3.",""
"https://dubai-pet-relocation.ae/guides/pet-travel-summer-dubai/","Hero","Set the heat context without distress imagery","Dog lying on cool tile in deep shade beside a water bowl, heat shimmer beyond the doorway","Saluki","None","Shaded Dubai courtyard, midday","landscape","16:9","pet-travel-summer-dubai-dog-shade-cool-tile.jpg","Dog resting on cool tiles in shade during Dubai summer, illustrating heat rules for pet travel","Dubai summer changes the rules for flying pets - here is what actually changes.","no","yes","Photorealistic documentary-style image of a saluki lying on cool tiles in deep shade beside a water bowl, bright heat shimmer visible through a doorway beyond, warm natural light, authentic Dubai/UAE context, no logos, no text, editorial photography, landscape 16:9.","Calm resting dog only - never distressed or panting-in-distress imagery"
"https://dubai-pet-relocation.ae/guides/pet-travel-summer-dubai/","Embargo section","Show the seasonal window at a glance","Annual calendar strip diagram marking typical embargo months","Icons","None","Flat diagram","landscape","16:9","dubai-summer-pet-travel-embargo-calendar-diagram.png","Typical summer heat embargo months for flying pets to and from Dubai","","no","yes","Clean flat-design infographic: twelve-month horizontal calendar strip with the typical summer embargo window shaded and a thermometer icon. Labels: Cooler months - normal rules; Summer window - airline embargoes and temperature cutoffs may apply (check current policy); dates shown as approximate. Sand-and-teal palette, no airline logos, landscape 16:9.","Refresh annually each April per roadmap; keep dates as editable overlays"
"https://dubai-pet-relocation.ae/guides/pet-travel-summer-dubai/","Alternatives section","Compare summer options honestly","Comparison diagram: wait for autumn vs fly approved windows vs drive (GCC)","Icons","None","Flat diagram","landscape","16:9","dubai-summer-pet-travel-options-comparison.png","Options for moving a pet during Dubai summer: waiting, approved flights or ground transport","","no","yes","Clean flat-design infographic: three-option comparison cards for summer pet moves. Labels: Wait for the cooler window (lowest risk); Fly approved routes/timings (airline-specific); Ground transport for GCC moves (weather-managed). Each card with a simple cost/risk/timing row of icons. Sand-and-teal palette, no brand logos, landscape 16:9.","Supports the alternatives and cost-comparison section"
"https://dubai-pet-relocation.ae/guides/moccae-import-permit/","Hero","The permit guide hero (informational twin of the service page)","Flat illustration of an application form on a clipboard with a paw stamp and clock","Icons","None","Flat illustration","landscape","16:9","moccae-import-permit-guide-clipboard-illustration.png","Illustration of a MOCCAE pet import permit application with a validity clock","","no","yes","Flat-design vector illustration of a clipboard application form with a large paw-print stamp and a small clock badge, sand-and-teal palette, rounded friendly shapes, no readable official text, no government seals or emblems, landscape 16:9.","Must remain a generic illustration - never a fake permit image"
"https://dubai-pet-relocation.ae/guides/moccae-import-permit/","Application walkthrough","Step-by-step application flow (folds in the walkthrough)","Numbered application walkthrough diagram from account to approval","Icons","None","Flat diagram","portrait","4:5","moccae-import-permit-application-steps-diagram.png","Step-by-step MOCCAE pet import permit application from account setup to permit issue","","no","yes","Clean flat-design infographic: vertical numbered walkthrough of the permit application. Labels: 1 Create/verify account (UAE Pass); 2 Start a new import application; 3 Enter pet details (species, breed, microchip); 4 Upload vaccination and titer documents; 5 Pay the fee (amount per page copy); 6 Track approval; 7 Permit issued - note its validity window. Sand-and-teal palette, no screenshots of real portals, no fake official seals, portrait 4:5.","Uses generic UI blocks, not portal screenshots; fee/validity from verified copy only"
"https://dubai-pet-relocation.ae/guides/moccae-import-permit/","Rejection reasons section","Prevent avoidable failures","Warning checklist diagram of rejection causes and fixes","Icons","None","Flat diagram","landscape","16:9","moccae-permit-rejection-causes-and-fixes-diagram.png","MOCCAE pet permit rejection causes and how to fix each one","","no","yes","Clean flat-design infographic: two-column cause-and-fix panel. Labels: Cause: expired vaccination window - Fix: re-vaccinate and re-time; Cause: microchip mismatch - Fix: correct records before applying; Cause: missing titer result - Fix: check if your country needs one; Cause: wrong timing - Fix: apply inside the validity window. Sand-and-teal palette, no brand logos, landscape 16:9.","Shares DNA with the service-page diagram but with fixes added - keep visually distinct"
"https://dubai-pet-relocation.ae/guides/rabies-titer-test-dubai/","Hero","Explain the RNATT visually before the text","Flat diagram of the titer test concept: blood vial to lab result with 0.5 IU/ml threshold line","Icons","None","Flat diagram","landscape","16:9","rabies-titer-test-rnatt-explained-diagram.png","How the rabies titer test (RNATT) works: blood sample, accredited lab, 0.5 IU/ml pass threshold","","no","yes","Clean flat-design infographic: three-node concept diagram - blood sample vial, laboratory analysis icon, pass/fail gauge with a marked threshold line. Labels: Blood sample after rabies vaccination; Tested by an accredited lab; Pass at 0.5 IU/ml or above; Required only for pets from non-exempt countries. Sand-and-teal palette, no brand logos, landscape 16:9.","Threshold is verified; exempt-country list flagged for verification per roadmap"
"https://dubai-pet-relocation.ae/guides/rabies-titer-test-dubai/","Timeline section","Show vaccination-to-travel timing","Timeline diagram from vaccination through blood draw to travel window","Icons","None","Flat diagram","landscape","16:9","rabies-titer-test-timeline-vaccination-to-travel.png","Rabies titer test timeline for Dubai pet travel from vaccination to the travel window","","no","yes","Clean flat-design infographic: horizontal timeline from rabies vaccination to travel. Labels: Rabies vaccination; Waiting period before sampling (per page copy); Blood sample taken; Lab result; Sample timing rule relative to travel (per page copy); Travel day. Clock icons on timed steps. Sand-and-teal palette, no brand logos, landscape 16:9.","Timing wording under correction (sample-within-90-days rule vs old 90-day-wait phrasing) - re-export after copy is fixed"
"https://dubai-pet-relocation.ae/guides/rabies-titer-test-dubai/","Vet visit section","Humanise the blood-draw step","Vet drawing a small blood sample from a calm dog's leg while the owner reassures it","Whippet","Vet + owner","Vet clinic, calm scene","landscape","4:3","rabies-titer-test-blood-draw-calm-whippet-vet.jpg","Calm whippet having a blood sample taken for a rabies titer test at a Dubai vet clinic","","no","yes","Photorealistic documentary-style image of a vet drawing a small blood sample from a calm whippet's leg while the owner gently reassures the dog, clean clinic, no branding, warm natural light, no logos, no readable text, editorial photography, landscape 4:3.","Dog must look calm - no restraint-stress imagery"
"https://dubai-pet-relocation.ae/guides/pet-export-from-dubai/","Hero","New export guide hero: the departure checklist feeling","Flat illustration of an open suitcase with a checklist, pet carrier and plane ticket shapes","Stylised cat in carrier","None","Flat illustration","landscape","16:9","pet-export-from-dubai-guide-suitcase-checklist.png","Illustration for the complete guide to exporting a pet from Dubai","","no","yes","Flat-design vector illustration of an open suitcase with a checklist card, a pet carrier and generic ticket shapes, sand-and-teal palette, rounded shapes, no readable text, no brand logos, no airline identifiers, landscape 16:9.","New page - create with the page build"
"https://dubai-pet-relocation.ae/guides/pet-export-from-dubai/","Process section","Export sequence with the certificate clock","Export timeline diagram centred on certificate validity","Icons","None","Flat diagram","landscape","16:9","pet-export-from-dubai-certificate-timing-timeline.png","Pet export from Dubai timeline showing health certificate and MOCCAE export certificate timing","","no","yes","Clean flat-design infographic: horizontal export timeline with two clock callouts. Labels: Destination rules research; Vet health check; Export health certificate (validity per page copy); MOCCAE export certificate (validity per page copy); Flight booking; Departure day. Sand-and-teal palette, no brand logos, no fake official seals, landscape 16:9.","Verified figures only: export certificate AED 100 / 1 working day / 30-day validity per roadmap verification"
"https://dubai-pet-relocation.ae/guides/pet-export-from-dubai/","Destination section","Show that destination rules branch","Branching diagram: one Dubai departure, many destination rulesets","Icons","None","Flat diagram","landscape","16:9","pet-export-destination-rules-branching-diagram.png","How destination rules differ when exporting a pet from Dubai: UK, EU, USA, Australia and more","","no","yes","Clean flat-design infographic: one Dubai departure node branching to six destination cards (UK, EU, USA, Canada, Australia, India), each with one-line rule summary space. Labels: UK - no titer, tapeworm rule for dogs; EU - no titer, UAE is listed; USA - CDC high-risk rules; Australia - Group 3, long timeline; India - NOC and ToR; Canada - CFIA rules. Sand-and-teal palette, no brand logos, landscape 16:9.","Summaries from regulatory-source-of-truth corrections only"
"https://dubai-pet-relocation.ae/guides/emirates-pet-cargo/","Hero","Airline guide hero WITHOUT trademark misuse","Generic cargo-hold style illustration: secured crate in an aircraft hold outline, no livery","Crated dog icon","None","Flat illustration","landscape","16:9","emirates-pet-cargo-hold-crate-illustration.png","Illustration of a pet travel crate secured in an aircraft cargo hold for a Dubai flight","","no","yes","Flat-design vector illustration of a pet travel crate secured with straps inside a simplified aircraft cargo-hold cross-section, sand-and-teal palette, generic aircraft shape with absolutely no airline livery, logo or tail branding, no readable text, landscape 16:9.","Strict rule: no Emirates logo, livery or SkyCargo branding anywhere; factual guide, no affiliation claims"
"https://dubai-pet-relocation.ae/guides/emirates-pet-cargo/","Fees section","Present the verified fee structure clearly","Fee table-style diagram with weight/size tiers","Icons","None","Flat diagram","landscape","16:9","emirates-pet-cargo-fee-tiers-diagram.png","Emirates pet cargo fee structure by crate and route tier","","no","yes","Clean flat-design infographic: three-tier fee card layout for cargo pet travel with tier rows. Labels: Tier by crate size/route (per verified page table); booking channel note; what the fee includes. Amounts left as editable text fields. Sand-and-teal palette, no airline logos, no fake official seals, landscape 16:9.","Fee figures (USD 500/650/800) verified first-party per roadmap - bake nothing in, overlay text"
"https://dubai-pet-relocation.ae/guides/emirates-pet-cargo/","Booking section","Show the booking flow","Step diagram from enquiry to confirmed pet booking","Icons","None","Flat diagram","landscape","16:9","emirates-pet-cargo-booking-steps-diagram.png","Steps to book pet cargo on a Dubai departure flight","","no","yes","Clean flat-design infographic: five-step booking flow. Labels: Confirm route and aircraft accept pets; Reserve pet space early; Submit documents; Crate check at acceptance; Track on travel day. Sand-and-teal palette, generic plane silhouette without livery, no brand logos, landscape 16:9.",""
"https://dubai-pet-relocation.ae/guides/etihad-pet-policy/","Hero","The unique in-cabin angle, no trademark misuse","Cat in a soft carrier stowed under an airplane seat, cabin floor level","Cat in carrier","Passenger's legs only","Generic aircraft cabin, no livery","landscape","16:9","etihad-in-cabin-cat-carrier-under-seat.jpg","Cat in a soft carrier stowed under an airplane seat for an in-cabin flight to the UAE","The only in-cabin pet option into the UAE - small pets, one fee, booked early.","no","yes","Photorealistic documentary-style image of a cat in a soft carrier stowed under an airplane seat at cabin floor level, passenger's legs beside it, generic cabin interior with no airline livery, branding or seatback logos, warm natural cabin light, no readable text, editorial photography, landscape 16:9.","No Etihad branding, seat colours or logos; verify current USD 399 fee stays in text only"
"https://dubai-pet-relocation.ae/guides/etihad-pet-policy/","Cabin vs cargo section","Decision support between cabin and cargo","Decision diagram: can your pet fly in the cabin?","Icons","None","Flat diagram","landscape","16:9","etihad-cabin-vs-cargo-decision-diagram.png","Can your pet fly in the cabin to Abu Dhabi: size, route and booking conditions","","no","yes","Clean flat-design infographic: decision tree for cabin eligibility. Labels: Is your pet a cat or small dog?; Combined pet-plus-carrier within the weight/size limit?; Is your route eligible?; Booked early enough (cabin slots are limited)?; Yes - cabin option; No - cargo alternative. Sand-and-teal palette, no airline logos, landscape 16:9.","Limits and fees as editable text from verified page copy"
"https://dubai-pet-relocation.ae/guides/etihad-pet-policy/","Booking section","Show the cabin booking sequence","Step diagram for adding a pet to a booking","Icons","None","Flat diagram","landscape","16:9","etihad-cabin-pet-booking-steps-diagram.png","Steps to add an in-cabin pet to a flight booking to Abu Dhabi","","no","yes","Clean flat-design infographic: four-step flow for adding a cabin pet. Labels: Book your own ticket first; Request the pet slot; Pay the pet fee (amount per page copy); Check in together at the airport. Sand-and-teal palette, no airline logos, no fake official seals, landscape 16:9.",""
"https://dubai-pet-relocation.ae/guides/snub-nosed-dogs-flying-uae/","Hero","Breed-anxiety page hero: calm, informative, not scary","Calm French bulldog sitting in a roomy open crate with good airflow","French bulldog","None","Bright apartment, crate door open","landscape","16:9","snub-nosed-dogs-flying-uae-french-bulldog-roomy-crate.jpg","Calm French bulldog in a spacious travel crate, illustrating snub-nosed pet flight rules for the UAE","Flat-faced dogs can fly safely - with the right crate, airline and season.","no","yes","Photorealistic documentary-style image of a calm French bulldog sitting in a roomy open travel crate with visible ventilation, bright apartment, warm natural light, authentic Dubai/UAE context, no logos, no text, editorial photography, landscape 16:9.","Calm dog only; competitor gap page - dedicated brachycephalic guide"
"https://dubai-pet-relocation.ae/guides/snub-nosed-dogs-flying-uae/","Risk section","Explain the anatomy honestly","Anatomy comparison diagram: brachycephalic vs standard airway","Dog head profiles","None","Flat diagram","landscape","16:9","brachycephalic-airway-comparison-diagram.png","Why snub-nosed breeds overheat: airway comparison between flat-faced and standard-muzzle dogs","","no","yes","Clean flat-design infographic: two side-profile head diagrams comparing airway space in a brachycephalic dog and a standard-muzzle dog, with heat-risk notes. Labels: Shorter airway; Less efficient cooling; Higher heat and stress sensitivity; Standard airway for comparison. Sand-and-teal palette, clinical but friendly, no brand logos, landscape 16:9.","Educational tone; no veterinary claims beyond page copy"
"https://dubai-pet-relocation.ae/guides/snub-nosed-dogs-flying-uae/","Crate rule section","Show the larger-crate rule","Crate size comparison diagram: standard fit vs one size larger","Dog + crate outlines","None","Flat diagram","landscape","16:9","snub-nosed-larger-crate-rule-comparison-diagram.png","The larger-crate rule for snub-nosed dogs flying to or from the UAE","","no","yes","Clean flat-design infographic: two crate outlines side by side with the same dog silhouette - standard IATA fit versus one size larger. Labels: Standard fit; One size larger for snub-nosed breeds; Extra airflow and headroom. Sand-and-teal palette, technical style, no brand logos, landscape 16:9.","Cross-links the IATA crate guide; +10%/larger-crate wording from verified copy"
"https://dubai-pet-relocation.ae/guides/dubai-pet-arrival-guide/","Hero","Post-arrival journey hero (competitor gap)","Owner opening a crate on a Dubai apartment floor while their cat cautiously steps out","Domestic shorthair cat","Owner kneeling","New Dubai apartment, moving boxes","landscape","16:9","dubai-pet-arrival-cat-first-steps-new-home.jpg","Cat taking its first steps into a new Dubai home after airport arrival and clearance","Your pet has landed. Clearance, collection and registration - here is the whole last mile.","no","yes","Photorealistic documentary-style image of an owner kneeling to open a travel crate on a new apartment floor while a cat cautiously steps out, moving boxes around, warm natural light, authentic Dubai/UAE context, no logos, no text, no fictional airport signs, editorial photography, landscape 16:9.","New page; nobody owns the post-arrival journey per competitor gap analysis"
"https://dubai-pet-relocation.ae/guides/dubai-pet-arrival-guide/","Arrival flow section","Map landing-to-home in one visual","Arrival flow diagram: land, clearance, collection, home, registration","Icons","None","Flat diagram","landscape","16:9","dubai-pet-arrival-flow-clearance-collection-registration.png","What happens after your pet lands in Dubai: customs clearance, collection, home and municipality registration","","no","yes","Clean flat-design infographic: five-node horizontal flow for arrival day and week one. Labels: Flight lands; Customs and document clearance at the cargo terminal; Collection (we coordinate); Home and quiet settling; Dubai Municipality registration (dogs) - per page copy. Sand-and-teal palette, generic terminal icon with no airport branding, no fake official seals, landscape 16:9.","No invented DXB wayfinding or signage; registration fees from verified copy (DM registration AED 10 etc.)"
"https://dubai-pet-relocation.ae/guides/dubai-pet-arrival-guide/","Registration section","Show the municipality registration outcome","Close-up of a dog collar with a plain round registration tag beside a vaccination booklet","Labrador (neck and collar only)","Owner's hand holding collar","Home doorway, soft light","landscape","4:3","dubai-municipality-dog-registration-tag-collar.jpg","Dog collar with a Dubai municipality registration tag after arrival registration","","no","yes","Photorealistic documentary-style image of a plain round registration tag on a labrador's collar beside a vaccination booklet, owner holding the collar, home doorway light, tag blank and generic with no real registration numbers or official emblems, no logos, no readable text, editorial photography, landscape 4:3.","Tag must be generic - never a replica of a real DM tag"
"https://dubai-pet-relocation.ae/guides/pet-relocation-companies-dubai/","Hero","Honest-comparison page hero: sets an evidence-first tone","Flat illustration of three clipboard report cards being compared side by side","Paw icons","None","Flat illustration","landscape","16:9","pet-relocation-companies-dubai-honest-comparison-illustration.png","Illustration for an honest comparison of pet relocation companies in Dubai","","no","yes","Flat-design vector illustration of three clipboard report cards side by side with checkmarks and a balance scale above them, sand-and-teal palette, neutral and non-promotional, no company names, no logos, landscape 16:9.","Comparison page must disclose bias and use verifiable criteria only (brief rule) - imagery stays abstract"
"https://dubai-pet-relocation.ae/guides/pet-relocation-companies-dubai/","Criteria section","Give readers a verifiable evaluation rubric","Scorecard diagram of evaluation criteria with how-to-verify column","Icons","None","Flat diagram","landscape","16:9","how-to-choose-pet-relocation-company-dubai-criteria.png","How to choose a pet relocation company in Dubai: verifiable criteria checklist","","no","yes","Clean flat-design infographic: two-column rubric with criterion on the left and how to verify on the right. Labels: Licensing/registration - ask for the trade licence; Written itemised quote - request one in writing; Who physically handles your pet - ask for the partner's name; Review history - read the worst reviews first; Insurance and incident policy - ask for it in writing. Sand-and-teal palette, no brand logos, landscape 16:9.","Beats the error-prone listicle pattern with verifiable criteria"
"https://dubai-pet-relocation.ae/guides/pet-relocation-companies-dubai/","Consultation section","Show what a good first consultation looks like","Coordinator on a video call with a client, a checklist visible on screen edge (generic)","None","Coordinator + client on laptop screen","Desk with laptop, candid","landscape","4:3","pet-relocation-consultation-video-call-dubai.jpg","A first pet relocation consultation by video call with a Dubai coordinator","","no","yes","Photorealistic documentary-style image of a coordinator on a laptop video call with a client, generic checklist on a notepad beside, candid desk scene, screen abstract and unreadable, warm natural light, authentic Dubai/UAE context, no logos, no text, editorial photography, landscape 4:3.",""
"https://dubai-pet-relocation.ae/dubai/","Hero","Community-hub hero: Dubai-wide coverage at a glance","Owner walking a golden retriever along a marina promenade with towers softly out of focus","Golden retriever","Owner walking, side view","Dubai Marina-style promenade, morning","landscape","16:9","dubai-pet-relocation-hub-dog-marina-promenade.jpg","Dog being walked along a Dubai marina promenade, illustrating door-to-door pet relocation across Dubai communities","Sixteen communities, one standard: door-to-door, permits and crates handled.","yes","no","N/A - original photography required. Shot brief: real identifiable Dubai promenade scene with a real dog; hub-level location imagery should be genuine (own shoot or properly licensed) rather than synthetic skyline renders","Grade-A hub absorbing /cities/dubai/ content on merge"
"https://dubai-pet-relocation.ae/dubai/","Community directory","Visual index for grouped community listings","Flat map diagram grouping Dubai communities by lifestyle (marina/coastal, villa suburbs, new developments, old Dubai)","Paw icons","None","Flat map diagram","landscape","16:9","dubai-communities-grouped-directory-map.png","Dubai pet relocation communities grouped by lifestyle: coastal, villa suburbs, new developments and old Dubai","","no","yes","Clean flat-design infographic: simplified Dubai map with communities colour-grouped into four clusters. Labels: Marina and coastal (Dubai Marina, JBR, JLT, Umm Suqeim, Jumeirah); Villa suburbs (Arabian Ranches, Dubai Hills, JVC); New developments (Dubai South, Business Bay); Old Dubai (Deira, Bur Dubai, Mirdif); DXB and DWC markers. Sand-and-teal palette, illustrative-map note, no brand logos, landscape 16:9.","Grouping mirrors the roadmap hub rewrite; update as merges land"
"https://dubai-pet-relocation.ae/cities/","Hero","New emirate-hub hero (fixes live 404)","Stylised flat map of the UAE with Dubai, Abu Dhabi and Sharjah marked with paw pins","Paw icons","None","Flat map diagram","landscape","16:9","uae-pet-relocation-cities-emirates-map.png","UAE map of pet relocation coverage across Dubai, Abu Dhabi and Sharjah","","no","yes","Clean flat-design infographic: simplified UAE map with paw-pin markers on Dubai, Abu Dhabi and Sharjah and greyed future-emirate outlines. Labels: Dubai; Abu Dhabi; Sharjah; more emirates coming. Sand-and-teal palette, illustrative-map note, no brand logos, landscape 16:9.","New page - build with the hub; extend map as RAK/Ajman/Fujairah/UAQ pages graduate from backlog"
"https://dubai-pet-relocation.ae/cities/","Emirate cards","Card image set texture for emirate links","Flat icon trio: city skyline, mosque-dome silhouette, paw","Icons","None","Flat icon set","landscape","16:9","uae-cities-hub-emirate-card-icons.png","Icon set for UAE city pet relocation cards","","no","yes","Clean flat-design icon sheet of three matching line icons: city skyline, mosque-dome silhouette, paw print, sand-and-teal palette, consistent stroke, no brand logos, landscape 16:9.",""
"https://dubai-pet-relocation.ae/cities/abu-dhabi/","Hero","Capital-city hero with the unique in-cabin angle","Owner carrying a soft cat carrier through a bright Abu Dhabi corniche-side apartment lobby","Cat in soft carrier","Owner walking","Abu Dhabi apartment lobby, sea light","landscape","16:9","pet-relocation-abu-dhabi-cat-carrier-corniche-lobby.jpg","Owner carrying a cat in a soft carrier through an Abu Dhabi apartment lobby after in-cabin arrival","Abu Dhabi is the one UAE arrival where your cat can fly in the cabin with you.","no","yes","Photorealistic documentary-style image of an owner carrying a soft cat carrier through a bright Abu Dhabi apartment lobby with sea light through glass doors, warm natural light, authentic Abu Dhabi/UAE context, no logos, no text, no airline branding, editorial photography, landscape 16:9.","EXPAND page; pairs with the Etihad in-cabin guide"
"https://dubai-pet-relocation.ae/cities/abu-dhabi/","Local logistics","Show inter-emirate transfer reality","Unbranded pet transport van parked outside an Abu Dhabi corniche apartment building","None","Handler opening van door","Corniche-side street, morning","landscape","16:9","pet-transport-van-abu-dhabi-corniche-building.jpg","Pet transport van collecting a pet from an Abu Dhabi corniche apartment building","Dubai to Abu Dhabi transfers run weekly - door to door, about ninety minutes.","no","yes","Photorealistic documentary-style image of an unbranded white pet transport van parked outside an Abu Dhabi corniche-style apartment building, handler opening the side door, morning light, authentic UAE context, no logos, no text, no signage branding, editorial photography, landscape 16:9.","Generic building; no developer or hotel branding"
"https://dubai-pet-relocation.ae/cities/sharjah/","Hero","New emirate page hero","Owner walking a small mixed-breed dog along a Sharjah lagoon-side promenade at dusk","Small mixed-breed dog","Owner walking","Sharjah lagoon-side promenade, dusk","landscape","16:9","pet-relocation-sharjah-dog-lagoon-promenade-dusk.jpg","Owner walking their dog along a Sharjah waterfront promenade, illustrating pet relocation in Sharjah","Sharjah pet ownership has its own rules - we plan the move around them.","no","yes","Photorealistic documentary-style image of an owner walking a small mixed-breed dog along a lagoon-side promenade at dusk in Sharjah, warm ambient light, authentic Sharjah/UAE context, no logos, no text, no signage branding, editorial photography, landscape 16:9.","New page - create with the page build; modest, respectful street scene per Sharjah norms"
"https://dubai-pet-relocation.ae/cities/sharjah/","Inter-emirate section","Show the Sharjah-Dubai airport routing angle","Simple route diagram linking Sharjah homes to DXB and SHJ airports","Van icon","None","Flat map diagram","landscape","16:9","sharjah-dubai-pet-transport-airport-routing-map.png","Pet transport routing between Sharjah, DXB and Sharjah International Airport","","no","yes","Clean flat-design infographic: simplified map of the Sharjah-Dubai corridor with a van icon and two airport markers. Labels: Sharjah communities; DXB; SHJ; typical drive times per page copy. Sand-and-teal palette, illustrative-map note, no brand logos, landscape 16:9.","New page; supports the inter-emirate DXB/SHJ angle per roadmap"
"https://dubai-pet-relocation.ae/dubai/dubai-marina/","Hero","Grade-A local hero: identifiable Marina context","Owner carrying a cat carrier into a Marina tower lobby with marina water glimpse beyond","Cat in carrier","Owner + concierge silhouette","Dubai Marina tower lobby","landscape","16:9","pet-relocation-dubai-marina-tower-lobby-cat-carrier.jpg","Owner carrying a cat carrier into a Dubai Marina tower lobby during a pet relocation","High-rise moves need lift bookings and lobby rules - we plan both.","yes","no","N/A - original photography required. Shot brief: real identifiable Marina scene (own shoot or licensed); tower-lobby logistics is this page's differentiator and location imagery should be genuine","Grade A; high-rise logistics angle"
"https://dubai-pet-relocation.ae/dubai/dubai-marina/","Local logistics","Show promenade pet life","Owner walking a french bulldog on the Marina promenade in early morning","French bulldog","Owner jogging lightly","Marina promenade, towers soft behind","landscape","4:3","dubai-marina-promenade-french-bulldog-morning-walk.jpg","French bulldog walking the Dubai Marina promenade with its owner","Marina dogs live by the early-morning walk - especially May to September.","no","yes","Photorealistic documentary-style image of an owner walking a french bulldog along a marina promenade in early morning, towers softly out of focus, warm natural light, authentic Dubai/UAE context, no logos, no readable signage, editorial photography, landscape 4:3.",""
"https://dubai-pet-relocation.ae/dubai/jlt/","Hero","Grade-A local hero: lakeside tower context","Owner with a beagle beside the JLT lakes with cluster towers behind","Beagle","Owner seated on a bench","JLT lakeside path","landscape","16:9","pet-relocation-jlt-beagle-lakeside-towers.jpg","Beagle with its owner by the JLT lakes with cluster towers behind","Cluster towers, lake paths and a dog park nearby - JLT is easier with a plan.","yes","no","N/A - original photography required. Shot brief: real identifiable JLT lakeside scene; Grade-A community pages use genuine location photography","Grade A"
"https://dubai-pet-relocation.ae/dubai/jlt/","Local logistics","Show cluster pickup logistics","Handler loading a crated cat into a van at a JLT cluster tower service entrance","Cat in crate","Handler","Tower service entrance, shaded","landscape","4:3","jlt-cluster-tower-pet-pickup-van.jpg","Pet pickup from a JLT cluster tower service entrance for a Dubai relocation","Cluster access and parking are the tricky ten minutes - we handle them daily.","no","yes","Photorealistic documentary-style image of a handler loading a crated cat into an unbranded van at a tower service entrance, shaded loading area, warm natural light, authentic Dubai/UAE context, no logos, no readable signage, editorial photography, landscape 4:3.",""
"https://dubai-pet-relocation.ae/dubai/jbr/","Hero","Grade-A local hero: beachfront context","Owner walking a golden retriever along a beachfront promenade at sunrise","Golden retriever","Owner walking","JBR-style beachfront promenade, sunrise","landscape","16:9","pet-relocation-jbr-golden-retriever-beachfront-sunrise.jpg","Golden retriever walking with its owner along the JBR beachfront at sunrise","Beachfront living with a dog means knowing the pet rules of every stretch of sand.","yes","no","N/A - original photography required. Shot brief: real identifiable beachfront scene; absorbs bluewaters content on merge","Grade A"
"https://dubai-pet-relocation.ae/dubai/jbr/","Local logistics","Show tower-to-van collection","Coordinator carrying a cat carrier from a beachfront tower to a waiting van","Cat in carrier","Coordinator","Tower forecourt, morning shade","landscape","4:3","jbr-tower-pet-collection-cat-carrier.jpg","Cat being collected from a JBR tower for a Dubai pet relocation","","no","yes","Photorealistic documentary-style image of a coordinator carrying a cat carrier across a beachfront tower forecourt toward an unbranded van, morning shade, warm natural light, authentic Dubai/UAE context, no logos, no readable signage, editorial photography, landscape 4:3.",""
"https://dubai-pet-relocation.ae/dubai/palm-jumeirah/","Hero","Grade-A local hero: Palm villa context","Labrador at the gate of a Palm-style frond villa with a travel crate beside it","Labrador","Owner opening the gate","Palm frond villa entrance","landscape","16:9","pet-relocation-palm-jumeirah-villa-gate-labrador.jpg","Labrador at a Palm Jumeirah frond villa gate beside a travel crate","Frond villas mean gates, security passes and a longer airport run - all planned ahead.","yes","no","N/A - original photography required. Shot brief: real Palm villa street scene, no house numbers or resident identity visible","Grade A; frond-access logistics angle"
"https://dubai-pet-relocation.ae/dubai/palm-jumeirah/","Local logistics","Show the longer DXB routing","Simple route diagram from Palm fronds to DXB and DWC with timing","Van icon","None","Flat map diagram","landscape","16:9","palm-jumeirah-to-dxb-dwc-routing-diagram.png","Driving routes from Palm Jumeirah to DXB and DWC airports for pet transport","","no","yes","Clean flat-design infographic: simplified map from the Palm trunk and fronds to DXB and to DWC with a van icon and time bubbles. Labels: Palm Jumeirah; DXB; DWC; typical drive times per page copy. Sand-and-teal palette, illustrative-map note, no brand logos, landscape 16:9.",""
"https://dubai-pet-relocation.ae/dubai/downtown-dubai/","Hero","Grade-A local hero: boulevard tower context","Owner with a pomeranian in a Downtown boulevard apartment lobby","Pomeranian","Owner with leash","Downtown-style boulevard tower lobby","landscape","16:9","pet-relocation-downtown-dubai-pomeranian-tower-lobby.jpg","Owner with a pomeranian in a Downtown Dubai boulevard tower lobby","Boulevard towers have their own pet policies - we check yours before move day.","yes","no","N/A - original photography required. Shot brief: real Downtown boulevard context; absorbs city-walk content on merge; no landmark-trademark composition dominating frame","Grade A"
"https://dubai-pet-relocation.ae/dubai/downtown-dubai/","Local logistics","Show apartment-move prep","Cat carrier and document folder ready by a Downtown apartment door with skyline window","Cat in carrier","None","High-rise apartment entry","landscape","4:3","downtown-dubai-apartment-pet-departure-ready.jpg","Cat carrier and documents ready at a Downtown Dubai apartment door before a relocation","","no","yes","Photorealistic documentary-style image of a cat carrier and a document folder waiting by a high-rise apartment door with a city skyline through the window, warm natural light, authentic Dubai/UAE context, no logos, no text, editorial photography, landscape 4:3.",""
"https://dubai-pet-relocation.ae/dubai/business-bay/","Hero","Grade-A local hero: canal-side corporate-residential context","Owner walking a cockapoo along a canal-side path with towers behind","Cockapoo","Owner with laptop bag","Business Bay canal-side path","landscape","16:9","pet-relocation-business-bay-cockapoo-canal-path.jpg","Owner walking a cockapoo along the Business Bay canal path before a workday","Canal-side towers, working owners, timed pickups - Business Bay runs on schedules.","yes","no","N/A - original photography required. Shot brief: real canal-side context; differentiates the ND1 group with the high-rise corporate angle","Grade A; ND1 breaker"
"https://dubai-pet-relocation.ae/dubai/business-bay/","Local logistics","Show timed pickup from a tower","Handler with a crated small dog at a Business Bay tower loading bay on a schedule board","Shih tzu in crate","Handler checking watch","Tower loading bay","landscape","4:3","business-bay-timed-pet-pickup-loading-bay.jpg","Timed pet pickup from a Business Bay tower loading bay for a Dubai relocation","","no","yes","Photorealistic documentary-style image of a handler with a crated shih tzu at a tower loading bay checking the time, warm natural light, authentic Dubai/UAE context, no logos, no readable signage, editorial photography, landscape 4:3.",""
"https://dubai-pet-relocation.ae/dubai/jumeirah/","Hero","Grade-A local hero: beachfront villa context","Saluki in a shaded Jumeirah villa garden with frangipani trees","Saluki","Owner watering garden in background","Jumeirah villa garden","landscape","16:9","pet-relocation-jumeirah-saluki-villa-garden.jpg","Saluki in the garden of a Jumeirah villa before a Dubai pet relocation","Jumeirah 1, 2 and 3 are villa country - garden handovers and early airport runs.","yes","no","N/A - original photography required. Shot brief: real Jumeirah villa garden scene; absorbs port-de-la-mer content on merge","Grade A"
"https://dubai-pet-relocation.ae/dubai/jumeirah/","Local logistics","Show villa-to-van collection","Handler loading a crated Maine Coon into a van at a villa gate","Maine Coon cat in crate","Handler + owner at gate","Villa gate, morning","landscape","4:3","jumeirah-villa-gate-pet-pickup-maine-coon.jpg","Cat collected from a Jumeirah villa gate for a Dubai pet relocation","","no","yes","Photorealistic documentary-style image of a handler loading a crated Maine Coon cat into an unbranded van at a villa gate while the owner watches, morning light, authentic Dubai/UAE context, no logos, no readable signage, editorial photography, landscape 4:3.",""
"https://dubai-pet-relocation.ae/dubai/arabian-ranches/","Hero","Grade-A local hero: gated villa community context","Golden retriever on a golf-community villa lawn with bougainvillea","Golden retriever","Owner throwing a toy","Arabian Ranches-style villa lawn","landscape","16:9","pet-relocation-arabian-ranches-golden-retriever-villa-lawn.jpg","Golden retriever playing on an Arabian Ranches villa lawn","Gated community moves need security gate passes - we arrange them before the van arrives.","yes","no","N/A - original photography required. Shot brief: real Ranches-style villa lawn; community-level angle breaks the ND3 pair with dubailand","Grade A; ND3 breaker"
"https://dubai-pet-relocation.ae/dubai/arabian-ranches/","Local logistics","Show gate-pass logistics","Van at a community security gate with handler showing a pass","None","Handler + guard silhouette","Community gatehouse, morning","landscape","4:3","arabian-ranches-gate-pass-pet-transport-van.jpg","Pet transport van clearing a gated community security gate in Arabian Ranches","","no","yes","Photorealistic documentary-style image of an unbranded pet transport van at a community gatehouse while the handler shows a pass to security, morning light, authentic Dubai/UAE context, no logos, no readable signage, editorial photography, landscape 4:3.",""
"https://dubai-pet-relocation.ae/dubai/dubai-hills/","Hero","Grade-A local hero: park community context","Cocker spaniel on a Dubai Hills-style park path with villas and greenery","Cocker spaniel","Owner jogging beside","Community park path","landscape","16:9","pet-relocation-dubai-hills-cocker-spaniel-park-path.jpg","Cocker spaniel on a Dubai Hills Estate park path with its owner","Park-side living is why people bring dogs here - we keep the move just as easy.","yes","no","N/A - original photography required. Shot brief: real Dubai Hills park context; family-park-community angle breaks the ND4 pair with meydan","Grade A; ND4 breaker"
"https://dubai-pet-relocation.ae/dubai/dubai-hills/","Local logistics","Show apartment+villa mix pickups","Coordinator carrying a cat carrier out of a Dubai Hills apartment building","Cat in carrier","Coordinator","Apartment entrance, evening","landscape","4:3","dubai-hills-apartment-pet-pickup-cat-carrier.jpg","Cat picked up from a Dubai Hills Estate apartment for a pet relocation","","no","yes","Photorealistic documentary-style image of a coordinator carrying a cat carrier out of a modern apartment building entrance in the evening, warm light, authentic Dubai/UAE context, no logos, no readable signage, editorial photography, landscape 4:3.",""
"https://dubai-pet-relocation.ae/dubai/jvc/","Hero","Grade-A local hero: mid-market pet-dense community context","Owner walking a beagle past JVC-style circular mid-rise buildings","Beagle","Owner walking","Community circular street, morning","landscape","16:9","pet-relocation-jvc-beagle-circular-street.jpg","Beagle walking with its owner through Jumeirah Village Circle","JVC is one of Dubai's most pet-dense communities - moves here are our weekly routine.","yes","no","N/A - original photography required. Shot brief: real JVC street scene showing the circular mid-rise character","Grade A; strongest B-grade demand signal per roadmap"
"https://dubai-pet-relocation.ae/dubai/jvc/","Local logistics","Show mid-rise pickup","Handler loading a crated cat into a van at a JVC mid-rise entrance","Tabby cat in crate","Handler","Mid-rise entrance, shaded","landscape","4:3","jvc-midrise-pet-pickup-cat-crate-van.jpg","Cat collected from a JVC apartment building for a Dubai pet relocation","","no","yes","Photorealistic documentary-style image of a handler loading a crated tabby cat into an unbranded van at a mid-rise building entrance, shaded forecourt, warm natural light, authentic Dubai/UAE context, no logos, no readable signage, editorial photography, landscape 4:3.",""
"https://dubai-pet-relocation.ae/dubai/al-barsha/","Hero","Grade-A local hero: established family district context","Owner with a husky in an Al Barsha villa driveway at dusk","Husky","Owner with leash","Villa driveway, dusk","landscape","16:9","pet-relocation-al-barsha-husky-villa-driveway.jpg","Husky with its owner in an Al Barsha villa driveway","Barsha 1, 2 and 3 - vets on every other corner and quick routes to both airports.","yes","no","N/A - original photography required. Shot brief: real Al Barsha residential street scene","Grade A; vet-density angle"
"https://dubai-pet-relocation.ae/dubai/al-barsha/","Local logistics","Show local vet-visit convenience","Owner carrying a cat carrier into a small neighbourhood vet clinic entrance","Cat in carrier","Owner","Neighbourhood clinic entrance","landscape","4:3","al-barsha-vet-clinic-visit-cat-carrier.jpg","Cat brought to a neighbourhood vet clinic in Al Barsha before a relocation","Pre-move vet checks stay local - your coordinator books the nearest slot.","no","yes","Photorealistic documentary-style image of an owner carrying a cat carrier into a small neighbourhood vet clinic entrance, warm natural light, authentic Dubai/UAE context, no logos, no readable clinic branding, editorial photography, landscape 4:3.",""
"https://dubai-pet-relocation.ae/dubai/mirdif/","Hero","Grade-A local hero: DXB-adjacent villa suburb context","Labrador in a Mirdif-style villa garden with a plane passing high overhead","Labrador","Owner reading on garden chair","Villa garden, late afternoon","landscape","16:9","pet-relocation-mirdif-labrador-villa-garden-plane-overhead.jpg","Labrador in a Mirdif villa garden with a distant plane overhead, near DXB airport","Ten minutes from DXB - Mirdif pickups are the shortest airport run we do.","yes","no","N/A - original photography required. Shot brief: real Mirdif villa garden; distant plane only - no airport imagery","Grade A; airport-adjacent angle"
"https://dubai-pet-relocation.ae/dubai/mirdif/","Local logistics","Show the short DXB run","Simple route diagram Mirdif to DXB and DWC with timing contrast","Van icon","None","Flat map diagram","landscape","16:9","mirdif-to-dxb-dwc-routing-diagram.png","Driving routes from Mirdif to DXB and DWC for pet transport","","no","yes","Clean flat-design infographic: simplified map from Mirdif to DXB (short arc) and DWC (longer arc) with a van icon and time bubbles. Labels: Mirdif; DXB - short run; DWC - longer run; typical times per page copy. Sand-and-teal palette, illustrative-map note, no brand logos, landscape 16:9.",""
"https://dubai-pet-relocation.ae/dubai/dubai-south/","Hero","Grade-A local hero: DWC-airport community context","Owner with a beagle outside a Dubai South townhouse, logistics district in soft background","Beagle","Owner with crate","Townhouse forecourt, morning","landscape","16:9","pet-relocation-dubai-south-beagle-townhouse-dwc.jpg","Beagle with its owner outside a Dubai South townhouse near Al Maktoum airport","Living beside DWC means cargo departures on your doorstep - we use that.","yes","no","N/A - original photography required. Shot brief: real Dubai South townhouse scene; no airport signage or fencing imagery","Grade A; DWC cargo angle"
"https://dubai-pet-relocation.ae/dubai/dubai-south/","Local logistics","Show the DWC cargo connection","Handler driving an unbranded van past generic logistics warehouses toward DWC area","None","Driver only","Logistics district road","landscape","4:3","dubai-south-pet-transport-van-dwc-logistics.jpg","Pet transport van driving through the Dubai South logistics district toward DWC","","no","yes","Photorealistic documentary-style image of an unbranded white van on a wide road past generic modern logistics warehouses, morning light, authentic Dubai/UAE context, no logos, no readable signage, no airport wayfinding signs, editorial photography, landscape 4:3.","Never show fake DWC/DXB signage"
"https://dubai-pet-relocation.ae/dubai/deira/","Hero","Grade-A local hero: old-Dubai context","Owner carrying a cat carrier through a Deira older-apartment corridor","Cat in carrier","Owner in hallway","Older apartment corridor, warm light","landscape","16:9","pet-relocation-deira-cat-carrier-old-apartment.jpg","Owner carrying a cat carrier through a Deira apartment corridor during a pet relocation","Old Dubai apartments mean stairs, tight corridors and creative loading - we plan for it.","yes","no","N/A - original photography required. Shot brief: real Deira older-building scene, respectful of residents","Grade A; old-Dubai angle"
"https://dubai-pet-relocation.ae/dubai/deira/","Local logistics","Show DXB-adjacent advantage","Simple route diagram Deira to DXB showing the very short run","Van icon","None","Flat map diagram","landscape","16:9","deira-to-dxb-short-route-diagram.png","Short driving route from Deira to DXB airport for pet transport","","no","yes","Clean flat-design infographic: simplified map showing the short hop from Deira to DXB with a van icon and time bubble, plus the longer DWC arc. Labels: Deira; DXB - minutes away; DWC; typical times per page copy. Sand-and-teal palette, illustrative-map note, no brand logos, landscape 16:9.",""
"https://dubai-pet-relocation.ae/dubai/bur-dubai/","Hero","Grade-A local hero: consulate-district old-city context","Owner walking a small mixed-breed dog through a Bur Dubai heritage-style lane","Small mixed-breed dog","Owner walking","Heritage-style lane, morning","landscape","16:9","pet-relocation-bur-dubai-dog-heritage-lane.jpg","Owner walking their dog through a Bur Dubai heritage lane","Consulates, old lanes, dense blocks - Bur Dubai moves are about access, not distance.","yes","no","N/A - original photography required. Shot brief: real Bur Dubai old-city lane; old-city angle breaks the ND1 group; absorbs karama content on merge","Grade A; ND1 breaker"
"https://dubai-pet-relocation.ae/dubai/bur-dubai/","Local logistics","Show dense-district pickup","Handler carrying a cat carrier from a walk-up apartment entrance to a van on a narrow street","Cat in carrier","Handler","Narrow residential street","landscape","4:3","bur-dubai-walkup-pet-pickup-narrow-street.jpg","Cat collected from a Bur Dubai walk-up apartment for a pet relocation","","no","yes","Photorealistic documentary-style image of a handler carrying a cat carrier from a walk-up apartment entrance to an unbranded van on a narrow residential street, morning light, authentic Dubai/UAE context, no logos, no readable signage, editorial photography, landscape 4:3.",""
"https://dubai-pet-relocation.ae/dubai/umm-suqeim/","Hero","Grade-A local hero: coastal villa context","Saluki on a quiet Umm Suqeim beachside path at sunrise","Saluki","Owner walking, back view","Beachside path, sunrise","landscape","16:9","pet-relocation-umm-suqeim-saluki-beachside-sunrise.jpg","Saluki walking a beachside path in Umm Suqeim at sunrise","Coastal villas and the Jumeirah Beach corridor - morning collections beat the heat.","yes","no","N/A - original photography required. Shot brief: real Umm Suqeim coastal path; coastal-villa angle breaks the ND5 pair; absorbs al-wasl content on merge","Grade A; ND5 breaker"
"https://dubai-pet-relocation.ae/dubai/umm-suqeim/","Local logistics","Show villa collection near the coast","Handler loading a crated cat into a van at a coastal villa gate with palms","Cat in crate","Handler + owner","Coastal villa gate, early morning","landscape","4:3","umm-suqeim-coastal-villa-pet-pickup.jpg","Cat collected from an Umm Suqeim coastal villa for a Dubai pet relocation","","no","yes","Photorealistic documentary-style image of a handler loading a crated cat into an unbranded van at a coastal villa gate with palm trees, early morning light, authentic Dubai/UAE context, no logos, no readable signage, editorial photography, landscape 4:3.",""
