Keyword,Intent Class,Primary Intent,Local Intent,Funnel Stage,Est Monthly Volume,Volume Basis,CPC Proxy (low/med/high),SERP Competitors Observed,PAA/Related Phrases,Cluster,Notes
pet relocation Dubai,MONEY,commercial,yes,decision,390,dataforseo_google_ads_live,high,upsleeve.ae; alameinmovers.com; sparklerelocation.com; fancyfurrypetscare.com; khimjisrelocations.ae; propertyfinder.ae; dkc.ae; ferndalekennels.com; petrelocationdubai.com; carrymypet.ae,How much does pet relocation to Dubai cost; Is it safe to relocate pets to Dubai; Which is the best pet relocation company in Dubai,core-money,Primary head term; foufoufly/upsleeve/alameinmovers dominate
pet relocation services Dubai,MONEY,commercial,yes,decision,320,dataforseo_google_ads_live,high,upsleeve.ae; alameinmovers.com; sparklerelocation.com; fancyfurrypetscare.com; khimjisrelocations.ae; propertyfinder.ae; dkc.ae; ferndalekennels.com; petrelocationdubai.com; carrymypet.ae,What documents are needed for pet relocation Dubai; How long does pet relocation take,core-money,
pet shipping Dubai,MONEY,commercial,yes,decision,10,dataforseo_google_ads_live,high,upsleeve.ae; alameinmovers.com; sparklerelocation.com; fancyfurrypetscare.com; khimjisrelocations.ae; propertyfinder.ae; dkc.ae; ferndalekennels.com; petrelocationdubai.com; carrymypet.ae,How much does pet shipping cost; Is pet cargo safe,core-money,
pet transport Dubai,MONEY,commercial,yes,decision,30,dataforseo_google_ads_live,high,upsleeve.ae; alameinmovers.com; sparklerelocation.com; fancyfurrypetscare.com; khimjisrelocations.ae; propertyfinder.ae; dkc.ae; ferndalekennels.com; petrelocationdubai.com; carrymypet.ae,Can I transport my pet by road in UAE; Is there a pet taxi in Dubai,core-money,
international pet relocation Dubai,MONEY,commercial,yes,decision,260,estimated,high,upsleeve.ae; alameinmovers.com; sparklerelocation.com; fancyfurrypetscare.com; khimjisrelocations.ae; propertyfinder.ae; dkc.ae; ferndalekennels.com; petrelocationdubai.com; carrymypet.ae,Which airlines fly pets internationally from Dubai; What is IPATA,core-money,
pet moving company Dubai,MONEY,commercial,yes,decision,170,estimated,high,upsleeve.ae; alameinmovers.com; sparklerelocation.com; fancyfurrypetscare.com; khimjisrelocations.ae; propertyfinder.ae; dkc.ae; ferndalekennels.com; petrelocationdubai.com; carrymypet.ae,How to choose a pet relocation company in Dubai,core-money,
pet movers Dubai,MONEY,commercial,yes,decision,10,dataforseo_google_ads_live,high,upsleeve.ae; alameinmovers.com; sparklerelocation.com; fancyfurrypetscare.com; khimjisrelocations.ae; propertyfinder.ae; dkc.ae; ferndalekennels.com; petrelocationdubai.com; carrymypet.ae,Pet movers near me; How much do pet movers charge in Dubai,core-money,
pet cargo Dubai,MONEY,commercial,yes,decision,10,dataforseo_google_ads_live,high,upsleeve.ae; alameinmovers.com; sparklerelocation.com; fancyfurrypetscare.com; khimjisrelocations.ae; propertyfinder.ae; dkc.ae; ferndalekennels.com; petrelocationdubai.com; carrymypet.ae,What is manifest cargo for pets; DXB cargo village pet collection,core-money,
pet relocation UAE,MONEY,commercial,yes,decision,50,dataforseo_google_ads_live,high,upsleeve.ae; alameinmovers.com; sparklerelocation.com; fancyfurrypetscare.com; khimjisrelocations.ae; propertyfinder.ae; dkc.ae; ferndalekennels.com; petrelocationdubai.com; carrymypet.ae,MOCCAE pet import permit; UAE pet relocation rules,core-money,
pet relocation services UAE,MONEY,commercial,yes,decision,30,dataforseo_google_ads_live,high,upsleeve.ae; alameinmovers.com; sparklerelocation.com; fancyfurrypetscare.com; khimjisrelocations.ae; propertyfinder.ae; dkc.ae; ferndalekennels.com; petrelocationdubai.com; carrymypet.ae,Which pet relocation covers all emirates,core-money,upsleeve.ae ranks with all-7-emirates page
pet relocation company Dubai,MONEY,commercial,yes,decision,20,dataforseo_google_ads_live,high,upsleeve.ae; alameinmovers.com; sparklerelocation.com; fancyfurrypetscare.com; khimjisrelocations.ae; propertyfinder.ae; dkc.ae; ferndalekennels.com; petrelocationdubai.com; carrymypet.ae,Best pet relocation company Dubai reviews,core-money,
best pet relocation company Dubai,MONEY,commercial,yes,decision,90,estimated,high,upsleeve.ae; alameinmovers.com; sparklerelocation.com; fancyfurrypetscare.com; khimjisrelocations.ae; propertyfinder.ae; dkc.ae; ferndalekennels.com; petrelocationdubai.com; carrymypet.ae,Top pet relocation companies Dubai comparison,core-money,propertyfinder.ae listicle ranks
pet relocation agency Dubai,MONEY,commercial,yes,decision,70,estimated,high,upsleeve.ae; alameinmovers.com; sparklerelocation.com; fancyfurrypetscare.com; khimjisrelocations.ae; propertyfinder.ae; dkc.ae; ferndalekennels.com; petrelocationdubai.com; carrymypet.ae,,core-money,
pet travel agency Dubai,MONEY,commercial,yes,decision,10,dataforseo_google_ads_live,high,upsleeve.ae; alameinmovers.com; sparklerelocation.com; fancyfurrypetscare.com; khimjisrelocations.ae; propertyfinder.ae; dkc.ae; ferndalekennels.com; petrelocationdubai.com; carrymypet.ae,,core-money,
pet shipping company Dubai,MONEY,commercial,yes,decision,10,dataforseo_google_ads_live,high,upsleeve.ae; alameinmovers.com; sparklerelocation.com; fancyfurrypetscare.com; khimjisrelocations.ae; propertyfinder.ae; dkc.ae; ferndalekennels.com; petrelocationdubai.com; carrymypet.ae,,core-money,
pet transport services Dubai,MONEY,commercial,yes,decision,140,estimated,high,upsleeve.ae; alameinmovers.com; sparklerelocation.com; fancyfurrypetscare.com; khimjisrelocations.ae; propertyfinder.ae; dkc.ae; ferndalekennels.com; petrelocationdubai.com; carrymypet.ae,,core-money,
door to door pet relocation Dubai,MONEY,commercial,yes,decision,70,estimated,high,upsleeve.ae; alameinmovers.com; sparklerelocation.com; fancyfurrypetscare.com; khimjisrelocations.ae; propertyfinder.ae; dkc.ae; ferndalekennels.com; petrelocationdubai.com; carrymypet.ae,Is door-to-door pet relocation available in Dubai,core-money,
pet export services Dubai,MONEY,commercial,yes,decision,90,estimated,high,upsleeve.ae; alameinmovers.com; sparklerelocation.com; fancyfurrypetscare.com; khimjisrelocations.ae; propertyfinder.ae; dkc.ae; ferndalekennels.com; petrelocationdubai.com; carrymypet.ae,How to export a pet from Dubai,core-money,
pet import services Dubai,MONEY,commercial,yes,decision,70,estimated,high,upsleeve.ae; alameinmovers.com; sparklerelocation.com; fancyfurrypetscare.com; khimjisrelocations.ae; propertyfinder.ae; dkc.ae; ferndalekennels.com; petrelocationdubai.com; carrymypet.ae,How to import a pet into Dubai,core-money,
international pet shipping Dubai,MONEY,commercial,yes,decision,90,estimated,high,upsleeve.ae; alameinmovers.com; sparklerelocation.com; fancyfurrypetscare.com; khimjisrelocations.ae; propertyfinder.ae; dkc.ae; ferndalekennels.com; petrelocationdubai.com; carrymypet.ae,,core-money,
pet relocation specialist Dubai,MONEY,commercial,yes,decision,40,estimated,high,upsleeve.ae; alameinmovers.com; sparklerelocation.com; fancyfurrypetscare.com; khimjisrelocations.ae; propertyfinder.ae; dkc.ae; ferndalekennels.com; petrelocationdubai.com; carrymypet.ae,,core-money,
professional pet relocation Dubai,MONEY,commercial,yes,decision,30,estimated,high,upsleeve.ae; alameinmovers.com; sparklerelocation.com; fancyfurrypetscare.com; khimjisrelocations.ae; propertyfinder.ae; dkc.ae; ferndalekennels.com; petrelocationdubai.com; carrymypet.ae,,core-money,
pet relocation near me,MONEY,commercial,yes,decision,210,estimated,high,upsleeve.ae; alameinmovers.com; sparklerelocation.com; fancyfurrypetscare.com; khimjisrelocations.ae; propertyfinder.ae; dkc.ae; ferndalekennels.com; petrelocationdubai.com; carrymypet.ae,Pet relocation near me; Pet movers near me,core-money,Local-pack intent; GMB critical
pet movers near me Dubai,MONEY,commercial,yes,decision,90,estimated,high,upsleeve.ae; alameinmovers.com; sparklerelocation.com; fancyfurrypetscare.com; khimjisrelocations.ae; propertyfinder.ae; dkc.ae; ferndalekennels.com; petrelocationdubai.com; carrymypet.ae,,core-money,
pet transport near me,MONEY,commercial,yes,decision,170,estimated,med,upsleeve.ae; alameinmovers.com; sparklerelocation.com; fancyfurrypetscare.com; khimjisrelocations.ae; propertyfinder.ae; dkc.ae; ferndalekennels.com; petrelocationdubai.com; carrymypet.ae,,core-money,
animal relocation Dubai,MONEY,commercial,yes,decision,90,estimated,med,upsleeve.ae; alameinmovers.com; sparklerelocation.com; fancyfurrypetscare.com; khimjisrelocations.ae; propertyfinder.ae; dkc.ae; ferndalekennels.com; petrelocationdubai.com; carrymypet.ae,,core-money,
pet relocation Abu Dhabi,MONEY,commercial,yes,decision,50,dataforseo_google_ads_live,high,upsleeve.ae; alameinmovers.com; sparklerelocation.com; fancyfurrypetscare.com; khimjisrelocations.ae; propertyfinder.ae; dkc.ae; ferndalekennels.com; petrelocationdubai.com; carrymypet.ae,Pet relocation companies in Abu Dhabi; Etihad pets in cabin,core-money-ad,propertyfinder.ae listicle + britvet.com rank
pet relocation Sharjah,MONEY,commercial,yes,decision,140,estimated,high,upsleeve.ae; alameinmovers.com; sparklerelocation.com; fancyfurrypetscare.com; khimjisrelocations.ae; propertyfinder.ae; dkc.ae; ferndalekennels.com; petrelocationdubai.com; carrymypet.ae,Pet movers Sharjah; pet shipping Sharjah,core-money-shj,iss-relocations.com + petairuk.com rank
pet movers Abu Dhabi,MONEY,commercial,yes,decision,90,estimated,high,upsleeve.ae; alameinmovers.com; sparklerelocation.com; fancyfurrypetscare.com; khimjisrelocations.ae; propertyfinder.ae; dkc.ae; ferndalekennels.com; petrelocationdubai.com; carrymypet.ae,,core-money-ad,
pet transport Abu Dhabi,MONEY,commercial,yes,decision,110,estimated,high,upsleeve.ae; alameinmovers.com; sparklerelocation.com; fancyfurrypetscare.com; khimjisrelocations.ae; propertyfinder.ae; dkc.ae; ferndalekennels.com; petrelocationdubai.com; carrymypet.ae,,core-money-ad,
pet shipping UAE,MONEY,commercial,yes,decision,90,estimated,high,upsleeve.ae; alameinmovers.com; sparklerelocation.com; fancyfurrypetscare.com; khimjisrelocations.ae; propertyfinder.ae; dkc.ae; ferndalekennels.com; petrelocationdubai.com; carrymypet.ae,,core-money,
pet relocation company UAE,MONEY,commercial,yes,decision,70,estimated,high,upsleeve.ae; alameinmovers.com; sparklerelocation.com; fancyfurrypetscare.com; khimjisrelocations.ae; propertyfinder.ae; dkc.ae; ferndalekennels.com; petrelocationdubai.com; carrymypet.ae,,core-money,
IPATA pet shipper Dubai,MONEY,commercial,yes,decision,40,estimated,high,upsleeve.ae; alameinmovers.com; sparklerelocation.com; fancyfurrypetscare.com; khimjisrelocations.ae; propertyfinder.ae; dkc.ae; ferndalekennels.com; petrelocationdubai.com; carrymypet.ae,What is IPATA; How to find IPATA pet shippers in UAE,core-money,"Trust-signal term, low volume high conversion"
licensed pet relocation company Dubai,MONEY,commercial,yes,decision,20,estimated,high,upsleeve.ae; alameinmovers.com; sparklerelocation.com; fancyfurrypetscare.com; khimjisrelocations.ae; propertyfinder.ae; dkc.ae; ferndalekennels.com; petrelocationdubai.com; carrymypet.ae,,core-money,Zero-volume high-intent
pet relocation quote Dubai,MONEY,commercial,yes,decision,50,estimated,high,upsleeve.ae; alameinmovers.com; sparklerelocation.com; fancyfurrypetscare.com; khimjisrelocations.ae; propertyfinder.ae; dkc.ae; ferndalekennels.com; petrelocationdubai.com; carrymypet.ae,Get pet relocation quote; free pet relocation assessment,core-money,Decision-stage quote term
book pet relocation Dubai,MONEY,commercial,yes,decision,20,estimated,high,upsleeve.ae; alameinmovers.com; sparklerelocation.com; fancyfurrypetscare.com; khimjisrelocations.ae; propertyfinder.ae; dkc.ae; ferndalekennels.com; petrelocationdubai.com; carrymypet.ae,,core-money,Transactional zero-volume
hire pet relocation company Dubai,MONEY,commercial,yes,decision,10,estimated,high,upsleeve.ae; alameinmovers.com; sparklerelocation.com; fancyfurrypetscare.com; khimjisrelocations.ae; propertyfinder.ae; dkc.ae; ferndalekennels.com; petrelocationdubai.com; carrymypet.ae,,core-money,Zero-volume high-intent
affordable pet relocation Dubai,MONEY,commercial,yes,decision,50,estimated,high,upsleeve.ae; alameinmovers.com; sparklerelocation.com; fancyfurrypetscare.com; khimjisrelocations.ae; propertyfinder.ae; dkc.ae; ferndalekennels.com; petrelocationdubai.com; carrymypet.ae,Cheap pet relocation Dubai; pet relocation Dubai price,core-money,
cheap pet shipping Dubai,MONEY,commercial,yes,decision,40,estimated,med,upsleeve.ae; alameinmovers.com; sparklerelocation.com; fancyfurrypetscare.com; khimjisrelocations.ae; propertyfinder.ae; dkc.ae; ferndalekennels.com; petrelocationdubai.com; carrymypet.ae,,core-money,
pet relocation packages Dubai,MONEY,commercial,yes,decision,20,estimated,high,upsleeve.ae; alameinmovers.com; sparklerelocation.com; fancyfurrypetscare.com; khimjisrelocations.ae; propertyfinder.ae; dkc.ae; ferndalekennels.com; petrelocationdubai.com; carrymypet.ae,,core-money,
pet relocation consultation Dubai,MONEY,commercial,yes,decision,10,estimated,high,upsleeve.ae; alameinmovers.com; sparklerelocation.com; fancyfurrypetscare.com; khimjisrelocations.ae; propertyfinder.ae; dkc.ae; ferndalekennels.com; petrelocationdubai.com; carrymypet.ae,,core-money,Zero-volume high-intent
pet relocation WhatsApp Dubai,MONEY,commercial,yes,decision,10,estimated,high,upsleeve.ae; alameinmovers.com; sparklerelocation.com; fancyfurrypetscare.com; khimjisrelocations.ae; propertyfinder.ae; dkc.ae; ferndalekennels.com; petrelocationdubai.com; carrymypet.ae,,core-money,WhatsApp CTAs ubiquitous in SERPs
pet relocation Dubai reviews,MONEY,commercial,yes,decision,40,estimated,med,upsleeve.ae; alameinmovers.com; sparklerelocation.com; fancyfurrypetscare.com; khimjisrelocations.ae; propertyfinder.ae; dkc.ae; ferndalekennels.com; petrelocationdubai.com; carrymypet.ae,Pet relocation Dubai reviews; best rated pet movers Dubai,core-money,
compare pet relocation companies Dubai,MONEY,commercial,yes,decision,10,estimated,med,upsleeve.ae; alameinmovers.com; sparklerelocation.com; fancyfurrypetscare.com; khimjisrelocations.ae; propertyfinder.ae; dkc.ae; ferndalekennels.com; petrelocationdubai.com; carrymypet.ae,,core-money,
pet flight booking service Dubai,MONEY,commercial,yes,decision,20,estimated,high,upsleeve.ae; alameinmovers.com; sparklerelocation.com; fancyfurrypetscare.com; khimjisrelocations.ae; propertyfinder.ae; dkc.ae; ferndalekennels.com; petrelocationdubai.com; carrymypet.ae,,core-money,
pet cargo booking Dubai,MONEY,commercial,yes,decision,20,estimated,high,upsleeve.ae; alameinmovers.com; sparklerelocation.com; fancyfurrypetscare.com; khimjisrelocations.ae; propertyfinder.ae; dkc.ae; ferndalekennels.com; petrelocationdubai.com; carrymypet.ae,,core-money,
pet relocation concierge Dubai,MONEY,commercial,yes,decision,10,estimated,high,upsleeve.ae; alameinmovers.com; sparklerelocation.com; fancyfurrypetscare.com; khimjisrelocations.ae; propertyfinder.ae; dkc.ae; ferndalekennels.com; petrelocationdubai.com; carrymypet.ae,,core-money,foufoufly uses 'concierge' positioning
pet nanny flight Dubai,MONEY,commercial,yes,decision,40,estimated,high,upsleeve.ae; alameinmovers.com; sparklerelocation.com; fancyfurrypetscare.com; khimjisrelocations.ae; propertyfinder.ae; dkc.ae; ferndalekennels.com; petrelocationdubai.com; carrymypet.ae,Flight nanny pet Dubai cost; what is a pet flight nanny,core-money,White-glove tier term
flight nanny UAE pet,MONEY,commercial,yes,decision,20,estimated,high,upsleeve.ae; alameinmovers.com; sparklerelocation.com; fancyfurrypetscare.com; khimjisrelocations.ae; propertyfinder.ae; dkc.ae; ferndalekennels.com; petrelocationdubai.com; carrymypet.ae,,core-money,
pet relocation to Dubai,DIRECTIONAL,mixed,yes,consideration,390,dataforseo_google_ads_live,high,foufoufly.com; thepetsclub.ae; realestateclubdubai.com; noblevetclinic.com; samadubaimovers.com; business-setup-dubai.com; elysiumjet.com; petairuk.com,How to relocate a pet to Dubai; What do I need to bring my pet to Dubai,directional-inbound,
moving to Dubai with pets,DIRECTIONAL,mixed,yes,consideration,10,dataforseo_google_ads_live,med,foufoufly.com; thepetsclub.ae; realestateclubdubai.com; noblevetclinic.com; samadubaimovers.com; business-setup-dubai.com; elysiumjet.com; petairuk.com,Is Dubai pet friendly; Pet friendly areas Dubai,directional-inbound,thepetsclub.ae checklist ranks
moving to Dubai with a dog,DIRECTIONAL,mixed,yes,consideration,10,dataforseo_google_ads_live,high,foufoufly.com; thepetsclub.ae; realestateclubdubai.com; noblevetclinic.com; samadubaimovers.com; business-setup-dubai.com; elysiumjet.com; petairuk.com,Can I move my dog to Dubai; Banned breeds Dubai,directional-inbound,
moving to Dubai with a cat,DIRECTIONAL,mixed,yes,consideration,110,estimated,high,foufoufly.com; thepetsclub.ae; realestateclubdubai.com; noblevetclinic.com; samadubaimovers.com; business-setup-dubai.com; elysiumjet.com; petairuk.com,Can I bring my cat to Dubai,directional-inbound,
bringing a dog to Dubai,DIRECTIONAL,mixed,yes,consideration,10,dataforseo_google_ads_live,high,foufoufly.com; thepetsclub.ae; realestateclubdubai.com; noblevetclinic.com; samadubaimovers.com; business-setup-dubai.com; elysiumjet.com; petairuk.com,How to bring a dog to Dubai; Documents needed,directional-inbound,foufoufly guide ranks
bringing a cat to Dubai,DIRECTIONAL,mixed,yes,consideration,110,estimated,high,foufoufly.com; thepetsclub.ae; realestateclubdubai.com; noblevetclinic.com; samadubaimovers.com; business-setup-dubai.com; elysiumjet.com; petairuk.com,Can I bring my cat in cabin to Dubai,directional-inbound,
bringing pets to Dubai,DIRECTIONAL,mixed,yes,consideration,10,dataforseo_google_ads_live,high,foufoufly.com; thepetsclub.ae; realestateclubdubai.com; noblevetclinic.com; samadubaimovers.com; business-setup-dubai.com; elysiumjet.com; petairuk.com,What pets can you bring to Dubai,directional-inbound,
how to bring a dog to Dubai,DIRECTIONAL,mixed,yes,consideration,90,estimated,high,foufoufly.com; thepetsclub.ae; realestateclubdubai.com; noblevetclinic.com; samadubaimovers.com; business-setup-dubai.com; elysiumjet.com; petairuk.com,Step by step dog import Dubai; microchip before rabies vaccine,directional-inbound,foufoufly exact-match page ranks
import dog to Dubai,DIRECTIONAL,mixed,yes,consideration,10,dataforseo_google_ads_live,high,foufoufly.com; thepetsclub.ae; realestateclubdubai.com; noblevetclinic.com; samadubaimovers.com; business-setup-dubai.com; elysiumjet.com; petairuk.com,,directional-inbound,
import cat to Dubai,DIRECTIONAL,mixed,yes,consideration,10,dataforseo_google_ads_live,high,foufoufly.com; thepetsclub.ae; realestateclubdubai.com; noblevetclinic.com; samadubaimovers.com; business-setup-dubai.com; elysiumjet.com; petairuk.com,,directional-inbound,
import pet to UAE,DIRECTIONAL,mixed,yes,consideration,90,estimated,high,foufoufly.com; thepetsclub.ae; realestateclubdubai.com; noblevetclinic.com; samadubaimovers.com; business-setup-dubai.com; elysiumjet.com; petairuk.com,UAE pet import permit process,directional-inbound,
moving dog to UAE,DIRECTIONAL,mixed,yes,consideration,50,estimated,high,foufoufly.com; thepetsclub.ae; realestateclubdubai.com; noblevetclinic.com; samadubaimovers.com; business-setup-dubai.com; elysiumjet.com; petairuk.com,,directional-inbound,
bringing pets to UAE,DIRECTIONAL,mixed,yes,consideration,10,dataforseo_google_ads_live,high,foufoufly.com; thepetsclub.ae; realestateclubdubai.com; noblevetclinic.com; samadubaimovers.com; business-setup-dubai.com; elysiumjet.com; petairuk.com,UAE pet import requirements 2026,directional-inbound,
relocate my dog to Dubai,DIRECTIONAL,mixed,yes,consideration,30,estimated,high,foufoufly.com; thepetsclub.ae; realestateclubdubai.com; noblevetclinic.com; samadubaimovers.com; business-setup-dubai.com; elysiumjet.com; petairuk.com,,directional-inbound,First-person variant
relocate my cat to Dubai,DIRECTIONAL,mixed,yes,consideration,20,estimated,high,foufoufly.com; thepetsclub.ae; realestateclubdubai.com; noblevetclinic.com; samadubaimovers.com; business-setup-dubai.com; elysiumjet.com; petairuk.com,,directional-inbound,
pet immigration Dubai,DIRECTIONAL,mixed,yes,consideration,30,estimated,med,foufoufly.com; thepetsclub.ae; realestateclubdubai.com; noblevetclinic.com; samadubaimovers.com; business-setup-dubai.com; elysiumjet.com; petairuk.com,,directional-inbound,
emigrating to Dubai with pets,DIRECTIONAL,mixed,yes,consideration,20,estimated,med,foufoufly.com; thepetsclub.ae; realestateclubdubai.com; noblevetclinic.com; samadubaimovers.com; business-setup-dubai.com; elysiumjet.com; petairuk.com,,directional-inbound,
pet relocation to UAE from UK,DIRECTIONAL,mixed,yes,consideration,90,estimated,high,foufoufly.com; thepetsclub.ae; realestateclubdubai.com; noblevetclinic.com; samadubaimovers.com; business-setup-dubai.com; elysiumjet.com; petairuk.com,,route-uk-inbound,
moving to Abu Dhabi with pets,DIRECTIONAL,mixed,yes,consideration,0,dataforseo_google_ads_live,med,foufoufly.com; thepetsclub.ae; realestateclubdubai.com; noblevetclinic.com; samadubaimovers.com; business-setup-dubai.com; elysiumjet.com; petairuk.com,,directional-inbound,
bringing dog to UAE from UK,DIRECTIONAL,mixed,yes,consideration,50,estimated,high,foufoufly.com; thepetsclub.ae; realestateclubdubai.com; noblevetclinic.com; samadubaimovers.com; business-setup-dubai.com; elysiumjet.com; petairuk.com,,route-uk-inbound,
pet relocation from Dubai,DIRECTIONAL,mixed,yes,consideration,390,dataforseo_google_ads_live,high,foufoufly.com; uaeexperthub.com; onepasspet.com; pawsabroad.co; moveconnector.com; carrymypet.ae; iss-relocations.com; dubai-pet-relocation.ae,How to take my pet out of Dubai,directional-outbound,
pet export Dubai,DIRECTIONAL,mixed,yes,consideration,10,dataforseo_google_ads_live,high,foufoufly.com; uaeexperthub.com; onepasspet.com; pawsabroad.co; moveconnector.com; carrymypet.ae; iss-relocations.com; dubai-pet-relocation.ae,MOCCAE export permit; export health certificate UAE,directional-outbound,foufoufly export page ranks
export dog from Dubai,DIRECTIONAL,mixed,yes,consideration,40,estimated,high,foufoufly.com; uaeexperthub.com; onepasspet.com; pawsabroad.co; moveconnector.com; carrymypet.ae; iss-relocations.com; dubai-pet-relocation.ae,,directional-outbound,
export cat from Dubai,DIRECTIONAL,mixed,yes,consideration,40,estimated,high,foufoufly.com; uaeexperthub.com; onepasspet.com; pawsabroad.co; moveconnector.com; carrymypet.ae; iss-relocations.com; dubai-pet-relocation.ae,,directional-outbound,
taking dog out of UAE,DIRECTIONAL,mixed,yes,consideration,40,estimated,high,foufoufly.com; uaeexperthub.com; onepasspet.com; pawsabroad.co; moveconnector.com; carrymypet.ae; iss-relocations.com; dubai-pet-relocation.ae,Cost to take dog out of UAE; rules,directional-outbound,uaeexperthub.com ranks
taking cat out of UAE,DIRECTIONAL,mixed,yes,consideration,30,estimated,high,foufoufly.com; uaeexperthub.com; onepasspet.com; pawsabroad.co; moveconnector.com; carrymypet.ae; iss-relocations.com; dubai-pet-relocation.ae,,directional-outbound,
leaving Dubai with pets,DIRECTIONAL,mixed,yes,consideration,50,estimated,high,foufoufly.com; uaeexperthub.com; onepasspet.com; pawsabroad.co; moveconnector.com; carrymypet.ae; iss-relocations.com; dubai-pet-relocation.ae,Leaving Dubai with a dog checklist,directional-outbound,pawsabroad.co ranks
moving pet out of Dubai,DIRECTIONAL,mixed,yes,consideration,40,estimated,high,foufoufly.com; uaeexperthub.com; onepasspet.com; pawsabroad.co; moveconnector.com; carrymypet.ae; iss-relocations.com; dubai-pet-relocation.ae,,directional-outbound,
pet export UAE,DIRECTIONAL,mixed,yes,consideration,10,dataforseo_google_ads_live,high,foufoufly.com; uaeexperthub.com; onepasspet.com; pawsabroad.co; moveconnector.com; carrymypet.ae; iss-relocations.com; dubai-pet-relocation.ae,,directional-outbound,
how to take my dog from Dubai to UK,DIRECTIONAL,mixed,yes,consideration,40,estimated,high,foufoufly.com; uaeexperthub.com; onepasspet.com; pawsabroad.co; moveconnector.com; carrymypet.ae; iss-relocations.com; dubai-pet-relocation.ae,,route-uk-outbound,
fly my dog from Dubai,DIRECTIONAL,mixed,yes,consideration,20,estimated,high,foufoufly.com; uaeexperthub.com; onepasspet.com; pawsabroad.co; moveconnector.com; carrymypet.ae; iss-relocations.com; dubai-pet-relocation.ae,,directional-outbound,
send my pet abroad from Dubai,DIRECTIONAL,mixed,yes,consideration,20,estimated,high,foufoufly.com; uaeexperthub.com; onepasspet.com; pawsabroad.co; moveconnector.com; carrymypet.ae; iss-relocations.com; dubai-pet-relocation.ae,,directional-outbound,
pet relocation out of UAE,DIRECTIONAL,mixed,yes,consideration,20,estimated,high,foufoufly.com; uaeexperthub.com; onepasspet.com; pawsabroad.co; moveconnector.com; carrymypet.ae; iss-relocations.com; dubai-pet-relocation.ae,,directional-outbound,
returning home from Dubai with pet,DIRECTIONAL,mixed,yes,consideration,10,estimated,med,foufoufly.com; uaeexperthub.com; onepasspet.com; pawsabroad.co; moveconnector.com; carrymypet.ae; iss-relocations.com; dubai-pet-relocation.ae,,directional-outbound,Expat churn term
shipping dog from Dubai to USA,DIRECTIONAL,mixed,yes,consideration,30,estimated,high,foufoufly.com; uaeexperthub.com; onepasspet.com; pawsabroad.co; moveconnector.com; carrymypet.ae; iss-relocations.com; dubai-pet-relocation.ae,,route-usa-outbound,
pet relocation Dubai cost,COST,commercial,yes,consideration,260,estimated,high,foufoufly.com; propertyfinder.ae; moveconnector.com; samadubaimovers.com; pawsabroad.co; dubaiexpat.co.uk; emirates247.com; flymypet.com; dubai-pet-relocation.ae,How much does pet relocation to Dubai cost; What affects the price,cost,foufoufly cost guide ranks #1-style
pet relocation cost UAE,COST,commercial,yes,consideration,110,estimated,high,foufoufly.com; propertyfinder.ae; moveconnector.com; samadubaimovers.com; pawsabroad.co; dubaiexpat.co.uk; emirates247.com; flymypet.com; dubai-pet-relocation.ae,,cost,
cost to move dog to Dubai,COST,commercial,yes,consideration,90,estimated,high,foufoufly.com; propertyfinder.ae; moveconnector.com; samadubaimovers.com; pawsabroad.co; dubaiexpat.co.uk; emirates247.com; flymypet.com; dubai-pet-relocation.ae,"Cost breakdown: permit, crate, cargo, vet",cost,propertyfinder.ae ranks
cost to bring a cat to Dubai,COST,commercial,yes,consideration,70,estimated,high,foufoufly.com; propertyfinder.ae; moveconnector.com; samadubaimovers.com; pawsabroad.co; dubaiexpat.co.uk; emirates247.com; flymypet.com; dubai-pet-relocation.ae,,cost,
pet shipping cost Dubai,COST,commercial,yes,consideration,110,estimated,high,foufoufly.com; propertyfinder.ae; moveconnector.com; samadubaimovers.com; pawsabroad.co; dubaiexpat.co.uk; emirates247.com; flymypet.com; dubai-pet-relocation.ae,,cost,
pet transport cost Dubai,COST,commercial,yes,consideration,70,estimated,high,foufoufly.com; propertyfinder.ae; moveconnector.com; samadubaimovers.com; pawsabroad.co; dubaiexpat.co.uk; emirates247.com; flymypet.com; dubai-pet-relocation.ae,,cost,
pet relocation Dubai price,COST,commercial,yes,consideration,90,estimated,high,foufoufly.com; propertyfinder.ae; moveconnector.com; samadubaimovers.com; pawsabroad.co; dubaiexpat.co.uk; emirates247.com; flymypet.com; dubai-pet-relocation.ae,,cost,
how much does pet relocation cost in Dubai,COST,commercial,yes,consideration,50,estimated,high,foufoufly.com; propertyfinder.ae; moveconnector.com; samadubaimovers.com; pawsabroad.co; dubaiexpat.co.uk; emirates247.com; flymypet.com; dubai-pet-relocation.ae,,cost,
how much does it cost to fly a dog to Dubai,COST,commercial,yes,consideration,70,estimated,high,foufoufly.com; propertyfinder.ae; moveconnector.com; samadubaimovers.com; pawsabroad.co; dubaiexpat.co.uk; emirates247.com; flymypet.com; dubai-pet-relocation.ae,,cost,dubaiexpat.co.uk ranks UK angle
cost of flying a dog from UK to Dubai,COST,commercial,yes,consideration,40,estimated,high,foufoufly.com; propertyfinder.ae; moveconnector.com; samadubaimovers.com; pawsabroad.co; dubaiexpat.co.uk; emirates247.com; flymypet.com; dubai-pet-relocation.ae,,cost-route-uk,
dog shipping cost UAE,COST,commercial,yes,consideration,40,estimated,high,foufoufly.com; propertyfinder.ae; moveconnector.com; samadubaimovers.com; pawsabroad.co; dubaiexpat.co.uk; emirates247.com; flymypet.com; dubai-pet-relocation.ae,,cost,
cat shipping cost Dubai,COST,commercial,yes,consideration,30,estimated,high,foufoufly.com; propertyfinder.ae; moveconnector.com; samadubaimovers.com; pawsabroad.co; dubaiexpat.co.uk; emirates247.com; flymypet.com; dubai-pet-relocation.ae,,cost,
pet cargo rates Dubai,COST,commercial,yes,consideration,30,estimated,high,foufoufly.com; propertyfinder.ae; moveconnector.com; samadubaimovers.com; pawsabroad.co; dubaiexpat.co.uk; emirates247.com; flymypet.com; dubai-pet-relocation.ae,,cost,
pet cargo charges UAE,COST,commercial,yes,consideration,20,estimated,high,foufoufly.com; propertyfinder.ae; moveconnector.com; samadubaimovers.com; pawsabroad.co; dubaiexpat.co.uk; emirates247.com; flymypet.com; dubai-pet-relocation.ae,,cost,
Emirates SkyCargo pet cost,COST,commercial,yes,consideration,50,estimated,high,foufoufly.com; propertyfinder.ae; moveconnector.com; samadubaimovers.com; pawsabroad.co; dubaiexpat.co.uk; emirates247.com; flymypet.com; dubai-pet-relocation.ae,How much does Emirates charge for pet cargo; volumetric weight pets,cost-airline,moveconnector.com notes volumetric pricing
pet relocation fees Dubai,COST,commercial,yes,consideration,30,estimated,high,foufoufly.com; propertyfinder.ae; moveconnector.com; samadubaimovers.com; pawsabroad.co; dubaiexpat.co.uk; emirates247.com; flymypet.com; dubai-pet-relocation.ae,,cost,
pet relocation service fee UAE,COST,commercial,yes,consideration,20,estimated,high,foufoufly.com; propertyfinder.ae; moveconnector.com; samadubaimovers.com; pawsabroad.co; dubaiexpat.co.uk; emirates247.com; flymypet.com; dubai-pet-relocation.ae,,cost,
MOCCAE pet permit fee,COST,commercial,yes,consideration,70,estimated,high,foufoufly.com; propertyfinder.ae; moveconnector.com; samadubaimovers.com; pawsabroad.co; dubaiexpat.co.uk; emirates247.com; flymypet.com; dubai-pet-relocation.ae,MOCCAE import permit cost AED 200; validity 30 days,cost-governance,
MOCCAE import permit cost,COST,commercial,yes,consideration,50,estimated,high,foufoufly.com; propertyfinder.ae; moveconnector.com; samadubaimovers.com; pawsabroad.co; dubaiexpat.co.uk; emirates247.com; flymypet.com; dubai-pet-relocation.ae,,cost-governance,
pet import permit Dubai cost,COST,commercial,yes,consideration,40,estimated,high,foufoufly.com; propertyfinder.ae; moveconnector.com; samadubaimovers.com; pawsabroad.co; dubaiexpat.co.uk; emirates247.com; flymypet.com; dubai-pet-relocation.ae,,cost-governance,
cost to export pet from Dubai,COST,commercial,yes,consideration,50,estimated,high,foufoufly.com; propertyfinder.ae; moveconnector.com; samadubaimovers.com; pawsabroad.co; dubaiexpat.co.uk; emirates247.com; flymypet.com; dubai-pet-relocation.ae,,cost-export,
pet export Dubai price,COST,commercial,yes,consideration,30,estimated,high,foufoufly.com; propertyfinder.ae; moveconnector.com; samadubaimovers.com; pawsabroad.co; dubaiexpat.co.uk; emirates247.com; flymypet.com; dubai-pet-relocation.ae,,cost-export,
cost of moving a dog from Dubai to UK,COST,commercial,yes,consideration,30,estimated,high,foufoufly.com; propertyfinder.ae; moveconnector.com; samadubaimovers.com; pawsabroad.co; dubaiexpat.co.uk; emirates247.com; flymypet.com; dubai-pet-relocation.ae,,cost-route-uk,
pet relocation Dubai to Australia cost,COST,commercial,yes,consideration,20,estimated,high,foufoufly.com; propertyfinder.ae; moveconnector.com; samadubaimovers.com; pawsabroad.co; dubaiexpat.co.uk; emirates247.com; flymypet.com; dubai-pet-relocation.ae,,cost-route-au,AUD 10k+ route; foufoufly guide
pet relocation India to Dubai cost,COST,commercial,yes,consideration,30,estimated,high,foufoufly.com; propertyfinder.ae; moveconnector.com; samadubaimovers.com; pawsabroad.co; dubaiexpat.co.uk; emirates247.com; flymypet.com; dubai-pet-relocation.ae,Cost in INR; AQCS fees,cost-route-india,INR 150k-450k per foufoufly
pet relocation UAE to Philippines cost,COST,commercial,yes,consideration,20,estimated,high,foufoufly.com; propertyfinder.ae; moveconnector.com; samadubaimovers.com; pawsabroad.co; dubaiexpat.co.uk; emirates247.com; flymypet.com; dubai-pet-relocation.ae,,cost-route-ph,Filipino expat corridor
IATA pet crate price Dubai,COST,commercial,yes,consideration,40,estimated,high,foufoufly.com; propertyfinder.ae; moveconnector.com; samadubaimovers.com; pawsabroad.co; dubaiexpat.co.uk; emirates247.com; flymypet.com; dubai-pet-relocation.ae,Where to buy IATA crate Dubai; crate sizes,cost,
pet travel crate cost UAE,COST,commercial,yes,consideration,20,estimated,high,foufoufly.com; propertyfinder.ae; moveconnector.com; samadubaimovers.com; pawsabroad.co; dubaiexpat.co.uk; emirates247.com; flymypet.com; dubai-pet-relocation.ae,,cost,
pet quarantine cost Dubai,COST,commercial,yes,consideration,20,estimated,high,foufoufly.com; propertyfinder.ae; moveconnector.com; samadubaimovers.com; pawsabroad.co; dubaiexpat.co.uk; emirates247.com; flymypet.com; dubai-pet-relocation.ae,Airport holding fees AED 200-500/day,cost,
customs clearance fee pets Dubai,COST,commercial,yes,consideration,20,estimated,high,foufoufly.com; propertyfinder.ae; moveconnector.com; samadubaimovers.com; pawsabroad.co; dubaiexpat.co.uk; emirates247.com; flymypet.com; dubai-pet-relocation.ae,,cost,
pet relocation hidden costs,COST,commercial,yes,awareness,10,estimated,high,foufoufly.com; propertyfinder.ae; moveconnector.com; samadubaimovers.com; pawsabroad.co; dubaiexpat.co.uk; emirates247.com; flymypet.com; dubai-pet-relocation.ae,,cost,foufoufly hidden-costs section
cheap pet relocation UAE,COST,commercial,yes,decision,40,estimated,high,foufoufly.com; propertyfinder.ae; moveconnector.com; samadubaimovers.com; pawsabroad.co; dubaiexpat.co.uk; emirates247.com; flymypet.com; dubai-pet-relocation.ae,,cost,
pet relocation Dubai payment plan,COST,commercial,yes,decision,10,estimated,high,foufoufly.com; propertyfinder.ae; moveconnector.com; samadubaimovers.com; pawsabroad.co; dubaiexpat.co.uk; emirates247.com; flymypet.com; dubai-pet-relocation.ae,,cost,Zero-volume high-intent
free pet relocation quote UAE,COST,commercial,yes,decision,20,estimated,high,foufoufly.com; propertyfinder.ae; moveconnector.com; samadubaimovers.com; pawsabroad.co; dubaiexpat.co.uk; emirates247.com; flymypet.com; dubai-pet-relocation.ae,,cost,
MOCCAE pet import permit,GOVERNANCE,informational,yes,awareness,30,dataforseo_google_ads_live,high,foufoufly.com; uaeexperthub.com; petsinthecity.me; realestateclubdubai.com; vetsfurpets-clinic.com; petairuk.com; samadubaimovers.com,How to apply MOCCAE pet import permit; MOCCAE permit validity 30 days; MOCCAE permit fee,governance-moccae,foufoufly MOCCAE guide ranks
MOCCAE pet import permit apply online,GOVERNANCE,informational,yes,awareness,90,estimated,high,foufoufly.com; uaeexperthub.com; petsinthecity.me; realestateclubdubai.com; vetsfurpets-clinic.com; petairuk.com; samadubaimovers.com,moccae.gov.ae pet permit; UAE Pass login,governance-moccae,
MOCCAE pet export permit,GOVERNANCE,informational,yes,awareness,140,estimated,high,foufoufly.com; uaeexperthub.com; petsinthecity.me; realestateclubdubai.com; vetsfurpets-clinic.com; petairuk.com; samadubaimovers.com,How to get MOCCAE export permit; processing time,governance-moccae,
UAE pet import requirements,GOVERNANCE,informational,yes,awareness,10,dataforseo_google_ads_live,med,foufoufly.com; uaeexperthub.com; petsinthecity.me; realestateclubdubai.com; vetsfurpets-clinic.com; petairuk.com; samadubaimovers.com,UAE pet import requirements 2026; approved countries list,governance-requirements,
Dubai pet import rules,GOVERNANCE,informational,yes,awareness,170,estimated,med,foufoufly.com; uaeexperthub.com; petsinthecity.me; realestateclubdubai.com; vetsfurpets-clinic.com; petairuk.com; samadubaimovers.com,Dubai pet import rules 2026; 2 pets per year limit,governance-requirements,realestateclubdubai.com ranks
Dubai pet import rules 2026,GOVERNANCE,informational,yes,awareness,70,estimated,med,foufoufly.com; uaeexperthub.com; petsinthecity.me; realestateclubdubai.com; vetsfurpets-clinic.com; petairuk.com; samadubaimovers.com,,governance-requirements,
UAE pet import permit,GOVERNANCE,informational,yes,awareness,40,dataforseo_google_ads_live,high,foufoufly.com; uaeexperthub.com; petsinthecity.me; realestateclubdubai.com; vetsfurpets-clinic.com; petairuk.com; samadubaimovers.com,,governance-moccae,
pet import permit Dubai,GOVERNANCE,informational,yes,awareness,140,estimated,high,foufoufly.com; uaeexperthub.com; petsinthecity.me; realestateclubdubai.com; vetsfurpets-clinic.com; petairuk.com; samadubaimovers.com,,governance-moccae,
banned dog breeds UAE,GOVERNANCE,informational,yes,awareness,10,dataforseo_google_ads_live,low,foufoufly.com; uaeexperthub.com; petsinthecity.me; realestateclubdubai.com; vetsfurpets-clinic.com; petairuk.com; samadubaimovers.com,Which dog breeds are banned in UAE; Is Rottweiler banned in UAE; Pitbull ban UAE,governance-breeds,uaeexperthub + petsinthecity rank
banned dog breeds Dubai,GOVERNANCE,informational,yes,awareness,10,dataforseo_google_ads_live,low,foufoufly.com; uaeexperthub.com; petsinthecity.me; realestateclubdubai.com; vetsfurpets-clinic.com; petairuk.com; samadubaimovers.com,,governance-breeds,
restricted dog breeds UAE,GOVERNANCE,informational,yes,awareness,170,estimated,low,foufoufly.com; uaeexperthub.com; petsinthecity.me; realestateclubdubai.com; vetsfurpets-clinic.com; petairuk.com; samadubaimovers.com,Difference banned vs restricted breeds UAE,governance-breeds,
UAE dangerous dog breeds law,GOVERNANCE,informational,yes,awareness,40,estimated,low,foufoufly.com; uaeexperthub.com; petsinthecity.me; realestateclubdubai.com; vetsfurpets-clinic.com; petairuk.com; samadubaimovers.com,Federal Law No 22 of 2016 dogs,governance-breeds,
is my dog breed allowed in Dubai,GOVERNANCE,informational,yes,awareness,40,estimated,low,foufoufly.com; uaeexperthub.com; petsinthecity.me; realestateclubdubai.com; vetsfurpets-clinic.com; petairuk.com; samadubaimovers.com,,governance-breeds,
can I bring a pitbull to Dubai,GOVERNANCE,informational,yes,awareness,30,estimated,low,foufoufly.com; uaeexperthub.com; petsinthecity.me; realestateclubdubai.com; vetsfurpets-clinic.com; petairuk.com; samadubaimovers.com,,governance-breeds,
can I bring a Rottweiler to Dubai,GOVERNANCE,informational,yes,awareness,20,estimated,low,foufoufly.com; uaeexperthub.com; petsinthecity.me; realestateclubdubai.com; vetsfurpets-clinic.com; petairuk.com; samadubaimovers.com,Rottweiler restricted or banned UAE,governance-breeds,Conflicting sources noted in SERPs
rabies titer test Dubai,GOVERNANCE,informational,yes,awareness,30,dataforseo_google_ads_live,med,foufoufly.com; uaeexperthub.com; petsinthecity.me; realestateclubdubai.com; vetsfurpets-clinic.com; petairuk.com; samadubaimovers.com,Rabies titre test cost Dubai; approved labs; 0.5 IU/ml,governance-titer,vetsfurpets-clinic.com ranks
rabies titre test UAE pet import,GOVERNANCE,informational,yes,awareness,70,estimated,med,foufoufly.com; uaeexperthub.com; petsinthecity.me; realestateclubdubai.com; vetsfurpets-clinic.com; petairuk.com; samadubaimovers.com,,governance-titer,
FAVN test Dubai pet,GOVERNANCE,informational,yes,awareness,20,estimated,med,foufoufly.com; uaeexperthub.com; petsinthecity.me; realestateclubdubai.com; vetsfurpets-clinic.com; petairuk.com; samadubaimovers.com,,governance-titer,
rabies antibody test UAE 0.5 IU/ml,GOVERNANCE,informational,yes,awareness,20,estimated,low,foufoufly.com; uaeexperthub.com; petsinthecity.me; realestateclubdubai.com; vetsfurpets-clinic.com; petairuk.com; samadubaimovers.com,,governance-titer,
UAE approved countries pet import list,GOVERNANCE,informational,yes,awareness,40,estimated,med,foufoufly.com; uaeexperthub.com; petsinthecity.me; realestateclubdubai.com; vetsfurpets-clinic.com; petairuk.com; samadubaimovers.com,Which countries need titer test for UAE,governance-requirements,
high risk rabies countries UAE list,GOVERNANCE,informational,yes,awareness,20,estimated,low,foufoufly.com; uaeexperthub.com; petsinthecity.me; realestateclubdubai.com; vetsfurpets-clinic.com; petairuk.com; samadubaimovers.com,,governance-requirements,
pet quarantine Dubai,GOVERNANCE,informational,yes,awareness,70,estimated,med,foufoufly.com; uaeexperthub.com; petsinthecity.me; realestateclubdubai.com; vetsfurpets-clinic.com; petairuk.com; samadubaimovers.com,Is there quarantine for pets in Dubai; quarantine period,governance-quarantine,
quarantine rules for pets entering UAE,GOVERNANCE,informational,yes,awareness,40,estimated,med,foufoufly.com; uaeexperthub.com; petsinthecity.me; realestateclubdubai.com; vetsfurpets-clinic.com; petairuk.com; samadubaimovers.com,,governance-quarantine,
how many pets can I bring to UAE,GOVERNANCE,informational,yes,awareness,30,estimated,low,foufoufly.com; uaeexperthub.com; petsinthecity.me; realestateclubdubai.com; vetsfurpets-clinic.com; petairuk.com; samadubaimovers.com,2 pets per person per year UAE rule,governance-requirements,
minimum age to import puppy to UAE,GOVERNANCE,informational,yes,awareness,20,estimated,low,foufoufly.com; uaeexperthub.com; petsinthecity.me; realestateclubdubai.com; vetsfurpets-clinic.com; petairuk.com; samadubaimovers.com,12 weeks / 15 weeks minimum age UAE,governance-requirements,
MOCCAE permit processing time,GOVERNANCE,informational,yes,awareness,50,estimated,med,foufoufly.com; uaeexperthub.com; petsinthecity.me; realestateclubdubai.com; vetsfurpets-clinic.com; petairuk.com; samadubaimovers.com,How long does MOCCAE permit take; 3-14 days,governance-moccae,
MOCCAE permit validity 30 days,GOVERNANCE,informational,yes,awareness,20,estimated,med,foufoufly.com; uaeexperthub.com; petsinthecity.me; realestateclubdubai.com; vetsfurpets-clinic.com; petairuk.com; samadubaimovers.com,,governance-moccae,
MOCCAE permit rejected,GOVERNANCE,informational,yes,awareness,10,estimated,med,foufoufly.com; uaeexperthub.com; petsinthecity.me; realestateclubdubai.com; vetsfurpets-clinic.com; petairuk.com; samadubaimovers.com,What to do if MOCCAE application rejected,governance-moccae,Zero-volume pain-point term
Dubai Municipality pet registration,GOVERNANCE,informational,yes,awareness,140,estimated,med,foufoufly.com; uaeexperthub.com; petsinthecity.me; realestateclubdubai.com; vetsfurpets-clinic.com; petairuk.com; samadubaimovers.com,How to register dog Dubai Municipality; pet tag Dubai,governance-registration,blueoasispetcare + realestateclubdubai rank
dog license Dubai,GOVERNANCE,informational,yes,awareness,110,estimated,med,foufoufly.com; uaeexperthub.com; petsinthecity.me; realestateclubdubai.com; vetsfurpets-clinic.com; petairuk.com; samadubaimovers.com,,governance-registration,
pet vaccination requirements UAE import,GOVERNANCE,informational,yes,awareness,50,estimated,med,foufoufly.com; uaeexperthub.com; petsinthecity.me; realestateclubdubai.com; vetsfurpets-clinic.com; petairuk.com; samadubaimovers.com,,governance-requirements,
UAE pet import 2026 rules changes,GOVERNANCE,informational,yes,awareness,20,estimated,med,foufoufly.com; uaeexperthub.com; petsinthecity.me; realestateclubdubai.com; vetsfurpets-clinic.com; petairuk.com; samadubaimovers.com,,governance-requirements,
pet health certificate UAE,DOCUMENT,informational,yes,awareness,110,estimated,med,starvet.ae; noblevetclinic.com; blueoasispetcare.com; foufoufly.com; vetsfurpets-clinic.com,Health certificate valid 10 days UAE; government endorsed vet certificate,document-health-cert,
pet health certificate Dubai,DOCUMENT,informational,yes,awareness,70,estimated,med,starvet.ae; noblevetclinic.com; blueoasispetcare.com; foufoufly.com; vetsfurpets-clinic.com,,document-health-cert,
export health certificate UAE pets,DOCUMENT,informational,yes,awareness,40,estimated,med,starvet.ae; noblevetclinic.com; blueoasispetcare.com; foufoufly.com; vetsfurpets-clinic.com,,document-health-cert,
veterinary health certificate UAE MOCCAE,DOCUMENT,informational,yes,awareness,30,estimated,med,starvet.ae; noblevetclinic.com; blueoasispetcare.com; foufoufly.com; vetsfurpets-clinic.com,,document-health-cert,
pet passport Dubai,DOCUMENT,informational,yes,awareness,210,dataforseo_google_ads_live,med,starvet.ae; noblevetclinic.com; blueoasispetcare.com; foufoufly.com; vetsfurpets-clinic.com,How to get a pet passport in Dubai; pet passport cost Dubai,document-passport,starvet.ae + noblevetclinic.com rank
pet passport UAE,DOCUMENT,informational,yes,awareness,90,estimated,med,starvet.ae; noblevetclinic.com; blueoasispetcare.com; foufoufly.com; vetsfurpets-clinic.com,,document-passport,
pet passport Dubai price,DOCUMENT,informational,yes,awareness,40,estimated,med,starvet.ae; noblevetclinic.com; blueoasispetcare.com; foufoufly.com; vetsfurpets-clinic.com,Pet passport package AED 505,document-passport,starvet 505 AED package observed
EU pet passport valid for Dubai,DOCUMENT,informational,yes,awareness,20,estimated,low,starvet.ae; noblevetclinic.com; blueoasispetcare.com; foufoufly.com; vetsfurpets-clinic.com,Is EU pet passport accepted in UAE; Brexit AHC,document-passport,foufoufly FAQ: UK EU passports no longer valid
animal health certificate UK to Dubai,DOCUMENT,informational,yes,awareness,30,estimated,med,starvet.ae; noblevetclinic.com; blueoasispetcare.com; foufoufly.com; vetsfurpets-clinic.com,AHC APHA endorsement timing,document-ahc,
APHA animal health certificate Dubai,DOCUMENT,informational,yes,awareness,20,estimated,med,starvet.ae; noblevetclinic.com; blueoasispetcare.com; foufoufly.com; vetsfurpets-clinic.com,,document-ahc,
USDA endorsed health certificate UAE,DOCUMENT,informational,yes,awareness,20,estimated,med,starvet.ae; noblevetclinic.com; blueoasispetcare.com; foufoufly.com; vetsfurpets-clinic.com,,document-health-cert,
microchip requirements UAE pets,DOCUMENT,informational,yes,awareness,50,estimated,med,starvet.ae; noblevetclinic.com; blueoasispetcare.com; foufoufly.com; vetsfurpets-clinic.com,ISO 11784/11785 microchip UAE; 15 digit chip,document-microchip,
ISO microchip for Dubai pet import,DOCUMENT,informational,yes,awareness,30,estimated,med,starvet.ae; noblevetclinic.com; blueoasispetcare.com; foufoufly.com; vetsfurpets-clinic.com,,document-microchip,
US microchip not accepted UAE,DOCUMENT,informational,yes,awareness,10,estimated,low,starvet.ae; noblevetclinic.com; blueoasispetcare.com; foufoufly.com; vetsfurpets-clinic.com,125 kHz chip UAE problem,document-microchip,foufoufly flags US non-ISO chips
pet microchipping Dubai,DOCUMENT,informational,yes,awareness,170,estimated,med,starvet.ae; noblevetclinic.com; blueoasispetcare.com; foufoufly.com; vetsfurpets-clinic.com,Where to microchip dog Dubai; microchip cost Dubai,document-microchip,blueoasispetcare.com ranks
rabies vaccination certificate UAE,DOCUMENT,informational,yes,awareness,40,estimated,med,starvet.ae; noblevetclinic.com; blueoasispetcare.com; foufoufly.com; vetsfurpets-clinic.com,,document-health-cert,
pet vaccination record for travel UAE,DOCUMENT,informational,yes,awareness,30,estimated,med,starvet.ae; noblevetclinic.com; blueoasispetcare.com; foufoufly.com; vetsfurpets-clinic.com,,document-health-cert,
IATA approved pet crate Dubai,DOCUMENT,informational,yes,awareness,70,estimated,med,starvet.ae; noblevetclinic.com; blueoasispetcare.com; foufoufly.com; vetsfurpets-clinic.com,Where to buy IATA crate Dubai; IATA crate sizes,document-crate,
IATA crate requirements pets,DOCUMENT,informational,yes,awareness,50,estimated,low,starvet.ae; noblevetclinic.com; blueoasispetcare.com; foufoufly.com; vetsfurpets-clinic.com,IATA Live Animal Regulations crate rules,document-crate,
what size crate for my dog to fly,DOCUMENT,informational,yes,awareness,40,estimated,low,starvet.ae; noblevetclinic.com; blueoasispetcare.com; foufoufly.com; vetsfurpets-clinic.com,"Crate sizing: stand, turn, lie down",document-crate,
pet travel documents Dubai checklist,DOCUMENT,informational,yes,awareness,30,estimated,med,starvet.ae; noblevetclinic.com; blueoasispetcare.com; foufoufly.com; vetsfurpets-clinic.com,,document-checklist,
documents needed to bring pet to Dubai,DOCUMENT,informational,yes,awareness,50,estimated,med,starvet.ae; noblevetclinic.com; blueoasispetcare.com; foufoufly.com; vetsfurpets-clinic.com,5 documents for Dubai pet import,document-checklist,foufoufly 5-doc framing
documents to take pet out of UAE,DOCUMENT,informational,yes,awareness,30,estimated,med,starvet.ae; noblevetclinic.com; blueoasispetcare.com; foufoufly.com; vetsfurpets-clinic.com,,document-checklist,
tapeworm treatment dog Dubai to UK,DOCUMENT,informational,yes,awareness,20,estimated,low,starvet.ae; noblevetclinic.com; blueoasispetcare.com; foufoufly.com; vetsfurpets-clinic.com,Tapeworm 1-5 days before UK entry,document-checklist,
pet fit to fly certificate Dubai,DOCUMENT,informational,yes,awareness,30,estimated,med,starvet.ae; noblevetclinic.com; blueoasispetcare.com; foufoufly.com; vetsfurpets-clinic.com,,document-health-cert,moveconnector 'Fit to Fly' phrasing
Emirates pet cargo,AIRLINE,informational,yes,consideration,110,dataforseo_google_ads_live,med,petholidayclub.com; airtransportanimal.com; happyfares.in; etihad.com; bringfido.com; carrymypet.ae; skyscanner.net; qatarairways.com; foufoufly.com; petsguide.ae; arkjfk.com,Emirates pet policy; Emirates SkyCargo pets booking; pets never in cabin,airline-emirates,petholidayclub + airtransportanimal rank
Emirates SkyCargo pets,AIRLINE,informational,yes,consideration,140,estimated,med,petholidayclub.com; airtransportanimal.com; happyfares.in; etihad.com; bringfido.com; carrymypet.ae; skyscanner.net; qatarairways.com; foufoufly.com; petsguide.ae; arkjfk.com,,airline-emirates,
Emirates pet policy,AIRLINE,informational,yes,consideration,210,estimated,low,petholidayclub.com; airtransportanimal.com; happyfares.in; etihad.com; bringfido.com; carrymypet.ae; skyscanner.net; qatarairways.com; foufoufly.com; petsguide.ae; arkjfk.com,Does Emirates allow pets in cabin; assistance dogs only,airline-emirates,
Emirates pet cargo booking,AIRLINE,informational,yes,consideration,70,estimated,high,petholidayclub.com; airtransportanimal.com; happyfares.in; etihad.com; bringfido.com; carrymypet.ae; skyscanner.net; qatarairways.com; foufoufly.com; petsguide.ae; arkjfk.com,How to book pet on Emirates cargo,airline-emirates,
Emirates pet cargo price,AIRLINE,informational,yes,consideration,50,estimated,med,petholidayclub.com; airtransportanimal.com; happyfares.in; etihad.com; bringfido.com; carrymypet.ae; skyscanner.net; qatarairways.com; foufoufly.com; petsguide.ae; arkjfk.com,,airline-emirates,
Etihad pet policy,AIRLINE,informational,yes,consideration,170,estimated,low,petholidayclub.com; airtransportanimal.com; happyfares.in; etihad.com; bringfido.com; carrymypet.ae; skyscanner.net; qatarairways.com; foufoufly.com; petsguide.ae; arkjfk.com,Etihad pets in cabin USD 399; 8kg limit,airline-etihad,etihad.com official ranks
Etihad pets in cabin,AIRLINE,informational,yes,consideration,320,dataforseo_google_ads_live,med,petholidayclub.com; airtransportanimal.com; happyfares.in; etihad.com; bringfido.com; carrymypet.ae; skyscanner.net; qatarairways.com; foufoufly.com; petsguide.ae; arkjfk.com,Etihad pets onboard booking form; 7 days advance,airline-etihad,Only UAE carrier with cabin pets
Etihad pet fee,AIRLINE,informational,yes,consideration,40,estimated,med,petholidayclub.com; airtransportanimal.com; happyfares.in; etihad.com; bringfido.com; carrymypet.ae; skyscanner.net; qatarairways.com; foufoufly.com; petsguide.ae; arkjfk.com,,airline-etihad,
flydubai pets policy,AIRLINE,informational,yes,consideration,90,estimated,low,petholidayclub.com; airtransportanimal.com; happyfares.in; etihad.com; bringfido.com; carrymypet.ae; skyscanner.net; qatarairways.com; foufoufly.com; petsguide.ae; arkjfk.com,Does flydubai allow pets; cargo only,airline-flydubai,bringfido.com ranks
flydubai pet cargo,AIRLINE,informational,yes,consideration,40,estimated,med,petholidayclub.com; airtransportanimal.com; happyfares.in; etihad.com; bringfido.com; carrymypet.ae; skyscanner.net; qatarairways.com; foufoufly.com; petsguide.ae; arkjfk.com,,airline-flydubai,
Qatar Airways pet policy,AIRLINE,informational,yes,consideration,170,estimated,low,petholidayclub.com; airtransportanimal.com; happyfares.in; etihad.com; bringfido.com; carrymypet.ae; skyscanner.net; qatarairways.com; foufoufly.com; petsguide.ae; arkjfk.com,Qatar pets checked baggage USD 200-450; QR pets,airline-qatar,qatarairways.com official ranks
Air Arabia pet policy,AIRLINE,informational,yes,consideration,40,estimated,low,petholidayclub.com; airtransportanimal.com; happyfares.in; etihad.com; bringfido.com; carrymypet.ae; skyscanner.net; qatarairways.com; foufoufly.com; petsguide.ae; arkjfk.com,,airline-other,
British Airways pet cargo Dubai,AIRLINE,informational,yes,consideration,30,estimated,low,petholidayclub.com; airtransportanimal.com; happyfares.in; etihad.com; bringfido.com; carrymypet.ae; skyscanner.net; qatarairways.com; foufoufly.com; petsguide.ae; arkjfk.com,IAG Cargo pets Heathrow to Dubai,airline-other,
Lufthansa pet cargo Dubai,AIRLINE,informational,yes,consideration,20,estimated,low,petholidayclub.com; airtransportanimal.com; happyfares.in; etihad.com; bringfido.com; carrymypet.ae; skyscanner.net; qatarairways.com; foufoufly.com; petsguide.ae; arkjfk.com,Lufthansa Animal Lounge Frankfurt,airline-other,
KLM pets to Dubai,AIRLINE,informational,yes,consideration,20,estimated,low,petholidayclub.com; airtransportanimal.com; happyfares.in; etihad.com; bringfido.com; carrymypet.ae; skyscanner.net; qatarairways.com; foufoufly.com; petsguide.ae; arkjfk.com,,airline-other,
Air France pet cargo Dubai,AIRLINE,informational,yes,consideration,20,estimated,low,petholidayclub.com; airtransportanimal.com; happyfares.in; etihad.com; bringfido.com; carrymypet.ae; skyscanner.net; qatarairways.com; foufoufly.com; petsguide.ae; arkjfk.com,,airline-other,
Air India pet policy Dubai route,AIRLINE,informational,yes,consideration,20,estimated,low,petholidayclub.com; airtransportanimal.com; happyfares.in; etihad.com; bringfido.com; carrymypet.ae; skyscanner.net; qatarairways.com; foufoufly.com; petsguide.ae; arkjfk.com,,airline-other,
Turkish Airlines pets to Dubai,AIRLINE,informational,yes,consideration,20,estimated,low,petholidayclub.com; airtransportanimal.com; happyfares.in; etihad.com; bringfido.com; carrymypet.ae; skyscanner.net; qatarairways.com; foufoufly.com; petsguide.ae; arkjfk.com,,airline-other,
which airlines fly pets to Dubai,AIRLINE,informational,yes,consideration,50,estimated,med,petholidayclub.com; airtransportanimal.com; happyfares.in; etihad.com; bringfido.com; carrymypet.ae; skyscanner.net; qatarairways.com; foufoufly.com; petsguide.ae; arkjfk.com,Best airline for pets to Dubai; cargo vs cabin,airline-comparison,foufoufly airline guide ranks
pet friendly airlines Dubai,AIRLINE,informational,yes,consideration,70,estimated,med,petholidayclub.com; airtransportanimal.com; happyfares.in; etihad.com; bringfido.com; carrymypet.ae; skyscanner.net; qatarairways.com; foufoufly.com; petsguide.ae; arkjfk.com,,airline-comparison,
best airline to fly dog to Dubai,AIRLINE,informational,yes,consideration,30,estimated,med,petholidayclub.com; airtransportanimal.com; happyfares.in; etihad.com; bringfido.com; carrymypet.ae; skyscanner.net; qatarairways.com; foufoufly.com; petsguide.ae; arkjfk.com,,airline-comparison,
manifest cargo vs excess baggage pets,AIRLINE,informational,yes,consideration,40,estimated,low,petholidayclub.com; airtransportanimal.com; happyfares.in; etihad.com; bringfido.com; carrymypet.ae; skyscanner.net; qatarairways.com; foufoufly.com; petsguide.ae; arkjfk.com,Difference manifest cargo and accompanied baggage; UAE requires manifest cargo,airline-cargo-concepts,carrymypet.ae + arkjfk.com rank
pets as checked baggage UAE,AIRLINE,informational,yes,consideration,30,estimated,low,petholidayclub.com; airtransportanimal.com; happyfares.in; etihad.com; bringfido.com; carrymypet.ae; skyscanner.net; qatarairways.com; foufoufly.com; petsguide.ae; arkjfk.com,,airline-cargo-concepts,
can pets fly in cabin to Dubai,AIRLINE,informational,yes,consideration,90,estimated,low,petholidayclub.com; airtransportanimal.com; happyfares.in; etihad.com; bringfido.com; carrymypet.ae; skyscanner.net; qatarairways.com; foufoufly.com; petsguide.ae; arkjfk.com,No - manifest cargo required at DXB; Etihad exception via AUH,airline-cargo-concepts,Key PAA; foufoufly/petsguide answer
DXB pet arrival,AIRLINE,informational,yes,consideration,30,estimated,med,petholidayclub.com; airtransportanimal.com; happyfares.in; etihad.com; bringfido.com; carrymypet.ae; skyscanner.net; qatarairways.com; foufoufly.com; petsguide.ae; arkjfk.com,Where to collect pet at Dubai airport; Cargo Village,airport-dxb,
Dubai airport pet collection cargo village,AIRLINE,informational,yes,consideration,20,estimated,med,petholidayclub.com; airtransportanimal.com; happyfares.in; etihad.com; bringfido.com; carrymypet.ae; skyscanner.net; qatarairways.com; foufoufly.com; petsguide.ae; arkjfk.com,,airport-dxb,
DXB cargo village pet clearance,AIRLINE,informational,yes,consideration,10,estimated,med,petholidayclub.com; airtransportanimal.com; happyfares.in; etihad.com; bringfido.com; carrymypet.ae; skyscanner.net; qatarairways.com; foufoufly.com; petsguide.ae; arkjfk.com,,airport-dxb,Zero-volume navigational
DNATA pets Dubai airport,AIRLINE,informational,yes,consideration,20,estimated,med,petholidayclub.com; airtransportanimal.com; happyfares.in; etihad.com; bringfido.com; carrymypet.ae; skyscanner.net; qatarairways.com; foufoufly.com; petsguide.ae; arkjfk.com,,airport-dxb,happyfares.in explains DNATA handling
Dubai airport animal reception centre,AIRLINE,informational,yes,consideration,10,estimated,med,petholidayclub.com; airtransportanimal.com; happyfares.in; etihad.com; bringfido.com; carrymypet.ae; skyscanner.net; qatarairways.com; foufoufly.com; petsguide.ae; arkjfk.com,,airport-dxb,
summer pet embargo Dubai,AIRLINE,informational,yes,consideration,30,estimated,low,petholidayclub.com; airtransportanimal.com; happyfares.in; etihad.com; bringfido.com; carrymypet.ae; skyscanner.net; qatarairways.com; foufoufly.com; petsguide.ae; arkjfk.com,When is pet cargo embargo UAE; May-September heat ban,airline-seasonal,samadubaimovers.com covers embargo
flying pets to Dubai in summer,AIRLINE,informational,yes,consideration,30,estimated,low,petholidayclub.com; airtransportanimal.com; happyfares.in; etihad.com; bringfido.com; carrymypet.ae; skyscanner.net; qatarairways.com; foufoufly.com; petsguide.ae; arkjfk.com,,airline-seasonal,
heat embargo pets UAE airlines,AIRLINE,informational,yes,consideration,10,estimated,low,petholidayclub.com; airtransportanimal.com; happyfares.in; etihad.com; bringfido.com; carrymypet.ae; skyscanner.net; qatarairways.com; foufoufly.com; petsguide.ae; arkjfk.com,,airline-seasonal,
pet cargo airway bill tracking,AIRLINE,informational,yes,consideration,10,estimated,low,petholidayclub.com; airtransportanimal.com; happyfares.in; etihad.com; bringfido.com; carrymypet.ae; skyscanner.net; qatarairways.com; foufoufly.com; petsguide.ae; arkjfk.com,,airline-cargo-concepts,
airside pet transfer Dubai transit,AIRLINE,informational,yes,consideration,10,estimated,low,petholidayclub.com; airtransportanimal.com; happyfares.in; etihad.com; bringfido.com; carrymypet.ae; skyscanner.net; qatarairways.com; foufoufly.com; petsguide.ae; arkjfk.com,Transiting Dubai with a pet; banned breed transit rules,airport-dxb,petsinthecity FAQ on transit
private jet pet travel Dubai,AIRLINE,informational,yes,consideration,40,estimated,high,petholidayclub.com; airtransportanimal.com; happyfares.in; etihad.com; bringfido.com; carrymypet.ae; skyscanner.net; qatarairways.com; foufoufly.com; petsguide.ae; arkjfk.com,Cost to fly pet by private jet to Dubai; FBO clearance DWC,airline-private,elysiumjet.com ranks
shared pet charter flight Dubai,AIRLINE,informational,yes,consideration,20,estimated,high,petholidayclub.com; airtransportanimal.com; happyfares.in; etihad.com; bringfido.com; carrymypet.ae; skyscanner.net; qatarairways.com; foufoufly.com; petsguide.ae; arkjfk.com,,airline-private,petspassport.com sells seats AMS/MAD-DXB
pet charter flight Dubai to UK,AIRLINE,informational,yes,consideration,20,estimated,high,petholidayclub.com; airtransportanimal.com; happyfares.in; etihad.com; bringfido.com; carrymypet.ae; skyscanner.net; qatarairways.com; foufoufly.com; petsguide.ae; arkjfk.com,,airline-private,pawsabroad lists $9k-12k shared charter
dog relocation Dubai,BREED,mixed,yes,consideration,30,dataforseo_google_ads_live,high,petsinthecity.me; uaeexperthub.com; tailoredpettravel.com; foufoufly.com; bringfido.com; airtransportanimal.com,Dog relocation process Dubai; dog import rules,breed-dog,
cat relocation Dubai,BREED,mixed,yes,consideration,10,dataforseo_google_ads_live,high,petsinthecity.me; uaeexperthub.com; tailoredpettravel.com; foufoufly.com; bringfido.com; airtransportanimal.com,Cat relocation cost Dubai; flying cats cargo,breed-cat,
dog relocation UAE,BREED,mixed,yes,consideration,70,estimated,high,petsinthecity.me; uaeexperthub.com; tailoredpettravel.com; foufoufly.com; bringfido.com; airtransportanimal.com,,breed-dog,
cat relocation UAE,BREED,mixed,yes,consideration,50,estimated,high,petsinthecity.me; uaeexperthub.com; tailoredpettravel.com; foufoufly.com; bringfido.com; airtransportanimal.com,,breed-cat,
snub-nosed dog flying to Dubai,BREED,mixed,yes,consideration,30,estimated,med,petsinthecity.me; uaeexperthub.com; tailoredpettravel.com; foufoufly.com; bringfido.com; airtransportanimal.com,Can French bulldogs fly to Dubai; brachycephalic airline restrictions,breed-brachycephalic,
brachycephalic breeds flying UAE,BREED,mixed,yes,consideration,20,estimated,med,petsinthecity.me; uaeexperthub.com; tailoredpettravel.com; foufoufly.com; bringfido.com; airtransportanimal.com,,breed-brachycephalic,
French bulldog fly to Dubai,BREED,mixed,yes,consideration,20,estimated,med,petsinthecity.me; uaeexperthub.com; tailoredpettravel.com; foufoufly.com; bringfido.com; airtransportanimal.com,,breed-brachycephalic,
can pugs fly to Dubai,BREED,mixed,yes,consideration,10,estimated,low,petsinthecity.me; uaeexperthub.com; tailoredpettravel.com; foufoufly.com; bringfido.com; airtransportanimal.com,,breed-brachycephalic,
English bulldog relocation Dubai,BREED,mixed,yes,consideration,10,estimated,med,petsinthecity.me; uaeexperthub.com; tailoredpettravel.com; foufoufly.com; bringfido.com; airtransportanimal.com,,breed-brachycephalic,
flying Persian cat to Dubai,BREED,mixed,yes,consideration,10,estimated,med,petsinthecity.me; uaeexperthub.com; tailoredpettravel.com; foufoufly.com; bringfido.com; airtransportanimal.com,,breed-brachycephalic,flydubai/Emirates ban Persian cats observed
large dog relocation Dubai,BREED,mixed,yes,consideration,20,estimated,high,petsinthecity.me; uaeexperthub.com; tailoredpettravel.com; foufoufly.com; bringfido.com; airtransportanimal.com,Extra large dog crate Series 700; cargo for big dogs,breed-large,dubai-pet-relocation.ae has size-based pricing
giant breed dog transport UAE,BREED,mixed,yes,consideration,10,estimated,high,petsinthecity.me; uaeexperthub.com; tailoredpettravel.com; foufoufly.com; bringfido.com; airtransportanimal.com,,breed-large,
relocating multiple pets to Dubai,BREED,mixed,yes,consideration,20,estimated,med,petsinthecity.me; uaeexperthub.com; tailoredpettravel.com; foufoufly.com; bringfido.com; airtransportanimal.com,2 pets per person per year limit; one permit two pets,breed-multi,
moving two cats to Dubai,BREED,mixed,yes,consideration,10,estimated,med,petsinthecity.me; uaeexperthub.com; tailoredpettravel.com; foufoufly.com; bringfido.com; airtransportanimal.com,,breed-multi,
relocating 3 dogs to Dubai,BREED,mixed,yes,consideration,10,estimated,med,petsinthecity.me; uaeexperthub.com; tailoredpettravel.com; foufoufly.com; bringfido.com; airtransportanimal.com,,breed-multi,Exceeds 2-pet cap; commercial permit angle
puppy import Dubai,BREED,mixed,yes,consideration,20,estimated,med,petsinthecity.me; uaeexperthub.com; tailoredpettravel.com; foufoufly.com; bringfido.com; airtransportanimal.com,Minimum age 12/15 weeks puppy import UAE,breed-puppy,
kitten relocation Dubai,BREED,mixed,yes,consideration,10,estimated,med,petsinthecity.me; uaeexperthub.com; tailoredpettravel.com; foufoufly.com; bringfido.com; airtransportanimal.com,,breed-puppy,
senior dog relocation Dubai,BREED,mixed,yes,consideration,10,estimated,med,petsinthecity.me; uaeexperthub.com; tailoredpettravel.com; foufoufly.com; bringfido.com; airtransportanimal.com,Is it safe to fly an old dog to Dubai,breed-senior,
anxious dog relocation Dubai,BREED,mixed,yes,consideration,10,estimated,med,petsinthecity.me; uaeexperthub.com; tailoredpettravel.com; foufoufly.com; bringfido.com; airtransportanimal.com,Sedation rules flying pets; calming aids,breed-anxiety,
pet bird relocation Dubai,BREED,mixed,yes,consideration,10,estimated,med,petsinthecity.me; uaeexperthub.com; tailoredpettravel.com; foufoufly.com; bringfido.com; airtransportanimal.com,,species-bird,CITES angle
parrot relocation UAE,BREED,mixed,yes,consideration,10,estimated,med,petsinthecity.me; uaeexperthub.com; tailoredpettravel.com; foufoufly.com; bringfido.com; airtransportanimal.com,Can I bring my parrot to UAE; CITES permit,species-bird,
bird import UAE permit,BREED,mixed,yes,consideration,10,estimated,med,petsinthecity.me; uaeexperthub.com; tailoredpettravel.com; foufoufly.com; bringfido.com; airtransportanimal.com,,species-bird,
rabbit relocation Dubai,BREED,mixed,yes,consideration,10,estimated,med,petsinthecity.me; uaeexperthub.com; tailoredpettravel.com; foufoufly.com; bringfido.com; airtransportanimal.com,,species-rabbit,
relocating rabbit to UAE,BREED,mixed,yes,consideration,10,estimated,med,petsinthecity.me; uaeexperthub.com; tailoredpettravel.com; foufoufly.com; bringfido.com; airtransportanimal.com,,species-rabbit,
exotic pet relocation Dubai,BREED,mixed,yes,consideration,10,estimated,med,petsinthecity.me; uaeexperthub.com; tailoredpettravel.com; foufoufly.com; bringfido.com; airtransportanimal.com,,species-exotic,
reptile relocation UAE,BREED,mixed,yes,consideration,10,estimated,med,petsinthecity.me; uaeexperthub.com; tailoredpettravel.com; foufoufly.com; bringfido.com; airtransportanimal.com,,species-exotic,
hamster guinea pig relocation Dubai,BREED,mixed,yes,consideration,10,estimated,low,petsinthecity.me; uaeexperthub.com; tailoredpettravel.com; foufoufly.com; bringfido.com; airtransportanimal.com,,species-exotic,
falcon transport UAE,BREED,mixed,yes,consideration,20,estimated,low,petsinthecity.me; uaeexperthub.com; tailoredpettravel.com; foufoufly.com; bringfido.com; airtransportanimal.com,Falcons in cabin Etihad/Emirates routes,species-falcon,Unique Gulf niche; falcons allowed in cabin
horse transport UAE international,BREED,mixed,yes,consideration,20,estimated,med,petsinthecity.me; uaeexperthub.com; tailoredpettravel.com; foufoufly.com; bringfido.com; airtransportanimal.com,,species-horse,Adjacent market; equestrian
assistance dog flight to Dubai,BREED,mixed,yes,consideration,20,estimated,low,petsinthecity.me; uaeexperthub.com; tailoredpettravel.com; foufoufly.com; bringfido.com; airtransportanimal.com,Service dog cabin Emirates/Etihad rules,breed-assistance,
emotional support animal flying to UAE,BREED,mixed,yes,consideration,20,estimated,low,petsinthecity.me; uaeexperthub.com; tailoredpettravel.com; foufoufly.com; bringfido.com; airtransportanimal.com,ESA not recognised Emirates,breed-assistance,happyfares.in: ESAs travel as cargo
relocating adopted stray dog from Dubai,BREED,mixed,yes,consideration,10,estimated,med,petsinthecity.me; uaeexperthub.com; tailoredpettravel.com; foufoufly.com; bringfido.com; airtransportanimal.com,Exporting rescued dog from UAE,breed-rescue,Dubai rescue-export niche
relocating rescue cat from UAE to UK,BREED,mixed,yes,consideration,10,estimated,med,petsinthecity.me; uaeexperthub.com; tailoredpettravel.com; foufoufly.com; bringfido.com; airtransportanimal.com,,breed-rescue,
pet relocation Dubai Marina,LOCAL,commercial,yes,decision,10,estimated,high,propertyfinder.ae; iss-relocations.com; britvet.com; falconveterinaryllc.com; petaeron.com; khimjisrelocations.ae; upsleeve.ae; petairuk.com; realestateclubdubai.com,,local-marina,Zero-volume hyperlocal
pet taxi Dubai Marina,LOCAL,commercial,yes,decision,20,estimated,high,propertyfinder.ae; iss-relocations.com; britvet.com; falconveterinaryllc.com; petaeron.com; khimjisrelocations.ae; upsleeve.ae; petairuk.com; realestateclubdubai.com,,local-marina,
pet transport JVC,LOCAL,commercial,yes,decision,10,estimated,high,propertyfinder.ae; iss-relocations.com; britvet.com; falconveterinaryllc.com; petaeron.com; khimjisrelocations.ae; upsleeve.ae; petairuk.com; realestateclubdubai.com,,local-jvc,
pet relocation Jumeirah,LOCAL,commercial,yes,decision,10,estimated,high,propertyfinder.ae; iss-relocations.com; britvet.com; falconveterinaryllc.com; petaeron.com; khimjisrelocations.ae; upsleeve.ae; petairuk.com; realestateclubdubai.com,,local-jumeirah,
pet taxi Jumeirah,LOCAL,commercial,yes,decision,10,estimated,high,propertyfinder.ae; iss-relocations.com; britvet.com; falconveterinaryllc.com; petaeron.com; khimjisrelocations.ae; upsleeve.ae; petairuk.com; realestateclubdubai.com,,local-jumeirah,
pet relocation Palm Jumeirah,LOCAL,commercial,yes,decision,10,estimated,high,propertyfinder.ae; iss-relocations.com; britvet.com; falconveterinaryllc.com; petaeron.com; khimjisrelocations.ae; upsleeve.ae; petairuk.com; realestateclubdubai.com,,local-palm,
pet transport Downtown Dubai,LOCAL,commercial,yes,decision,10,estimated,high,propertyfinder.ae; iss-relocations.com; britvet.com; falconveterinaryllc.com; petaeron.com; khimjisrelocations.ae; upsleeve.ae; petairuk.com; realestateclubdubai.com,,local-downtown,
pet relocation Business Bay,LOCAL,commercial,yes,decision,10,estimated,high,propertyfinder.ae; iss-relocations.com; britvet.com; falconveterinaryllc.com; petaeron.com; khimjisrelocations.ae; upsleeve.ae; petairuk.com; realestateclubdubai.com,,local-businessbay,
pet relocation Dubai Hills,LOCAL,commercial,yes,decision,10,estimated,high,propertyfinder.ae; iss-relocations.com; britvet.com; falconveterinaryllc.com; petaeron.com; khimjisrelocations.ae; upsleeve.ae; petairuk.com; realestateclubdubai.com,,local-dubaihills,
pet transport Arabian Ranches,LOCAL,commercial,yes,decision,10,estimated,high,propertyfinder.ae; iss-relocations.com; britvet.com; falconveterinaryllc.com; petaeron.com; khimjisrelocations.ae; upsleeve.ae; petairuk.com; realestateclubdubai.com,,local-ranches,
pet relocation Mirdif,LOCAL,commercial,yes,decision,10,estimated,high,propertyfinder.ae; iss-relocations.com; britvet.com; falconveterinaryllc.com; petaeron.com; khimjisrelocations.ae; upsleeve.ae; petairuk.com; realestateclubdubai.com,,local-mirdif,
pet transport Al Barsha,LOCAL,commercial,yes,decision,10,estimated,high,propertyfinder.ae; iss-relocations.com; britvet.com; falconveterinaryllc.com; petaeron.com; khimjisrelocations.ae; upsleeve.ae; petairuk.com; realestateclubdubai.com,,local-barsha,
pet relocation Deira,LOCAL,commercial,yes,decision,10,estimated,high,propertyfinder.ae; iss-relocations.com; britvet.com; falconveterinaryllc.com; petaeron.com; khimjisrelocations.ae; upsleeve.ae; petairuk.com; realestateclubdubai.com,,local-deira,
pet taxi Dubai,LOCAL,commercial,yes,decision,590,dataforseo_google_ads_live,high,propertyfinder.ae; iss-relocations.com; britvet.com; falconveterinaryllc.com; petaeron.com; khimjisrelocations.ae; upsleeve.ae; petairuk.com; realestateclubdubai.com,Pet taxi Dubai price; same-day pet taxi Dubai,local-pet-taxi,falconveterinaryllc.com ranks; adjacent service
pet taxi Abu Dhabi,LOCAL,commercial,yes,decision,110,dataforseo_google_ads_live,high,propertyfinder.ae; iss-relocations.com; britvet.com; falconveterinaryllc.com; petaeron.com; khimjisrelocations.ae; upsleeve.ae; petairuk.com; realestateclubdubai.com,,local-pet-taxi-ad,
pet transport Ras Al Khaimah,LOCAL,commercial,yes,decision,20,estimated,high,propertyfinder.ae; iss-relocations.com; britvet.com; falconveterinaryllc.com; petaeron.com; khimjisrelocations.ae; upsleeve.ae; petairuk.com; realestateclubdubai.com,,local-rak,iss-relocations + petaeron rank
pet relocation Ras Al Khaimah,LOCAL,commercial,yes,decision,30,estimated,high,propertyfinder.ae; iss-relocations.com; britvet.com; falconveterinaryllc.com; petaeron.com; khimjisrelocations.ae; upsleeve.ae; petairuk.com; realestateclubdubai.com,,local-rak,
pet relocation Ajman,LOCAL,commercial,yes,decision,20,estimated,high,propertyfinder.ae; iss-relocations.com; britvet.com; falconveterinaryllc.com; petaeron.com; khimjisrelocations.ae; upsleeve.ae; petairuk.com; realestateclubdubai.com,,local-ajman,iss-relocations + khimjisrelocations rank
pet relocation Fujairah,LOCAL,commercial,yes,decision,10,estimated,high,propertyfinder.ae; iss-relocations.com; britvet.com; falconveterinaryllc.com; petaeron.com; khimjisrelocations.ae; upsleeve.ae; petairuk.com; realestateclubdubai.com,,local-fujairah,
pet relocation Umm Al Quwain,LOCAL,commercial,yes,decision,10,estimated,high,propertyfinder.ae; iss-relocations.com; britvet.com; falconveterinaryllc.com; petaeron.com; khimjisrelocations.ae; upsleeve.ae; petairuk.com; realestateclubdubai.com,,local-uaq,
pet relocation Al Ain,LOCAL,commercial,yes,decision,10,estimated,high,propertyfinder.ae; iss-relocations.com; britvet.com; falconveterinaryllc.com; petaeron.com; khimjisrelocations.ae; upsleeve.ae; petairuk.com; realestateclubdubai.com,,local-alain,
pet transport Dubai to Abu Dhabi,LOCAL,commercial,yes,decision,20,estimated,high,propertyfinder.ae; iss-relocations.com; britvet.com; falconveterinaryllc.com; petaeron.com; khimjisrelocations.ae; upsleeve.ae; petairuk.com; realestateclubdubai.com,,local-inter-emirate,
pet taxi Dubai to Abu Dhabi,LOCAL,commercial,yes,decision,10,estimated,high,propertyfinder.ae; iss-relocations.com; britvet.com; falconveterinaryllc.com; petaeron.com; khimjisrelocations.ae; upsleeve.ae; petairuk.com; realestateclubdubai.com,,local-inter-emirate,
pet relocation between emirates,LOCAL,commercial,yes,decision,10,estimated,high,propertyfinder.ae; iss-relocations.com; britvet.com; falconveterinaryllc.com; petaeron.com; khimjisrelocations.ae; upsleeve.ae; petairuk.com; realestateclubdubai.com,,local-inter-emirate,
pet transport Sharjah to Dubai,LOCAL,commercial,yes,decision,10,estimated,high,propertyfinder.ae; iss-relocations.com; britvet.com; falconveterinaryllc.com; petaeron.com; khimjisrelocations.ae; upsleeve.ae; petairuk.com; realestateclubdubai.com,,local-inter-emirate,
pet boarding during relocation Dubai,LOCAL,commercial,yes,decision,20,estimated,med,propertyfinder.ae; iss-relocations.com; britvet.com; falconveterinaryllc.com; petaeron.com; khimjisrelocations.ae; upsleeve.ae; petairuk.com; realestateclubdubai.com,,local-boarding,
airport pet pickup Dubai,LOCAL,commercial,yes,decision,20,estimated,high,propertyfinder.ae; iss-relocations.com; britvet.com; falconveterinaryllc.com; petaeron.com; khimjisrelocations.ae; upsleeve.ae; petairuk.com; realestateclubdubai.com,,local-airport,
pet delivery from DXB to home,LOCAL,commercial,yes,decision,10,estimated,high,propertyfinder.ae; iss-relocations.com; britvet.com; falconveterinaryllc.com; petaeron.com; khimjisrelocations.ae; upsleeve.ae; petairuk.com; realestateclubdubai.com,,local-airport,
MOCCAE approved pet transport Dubai,LOCAL,commercial,yes,decision,10,estimated,high,propertyfinder.ae; iss-relocations.com; britvet.com; falconveterinaryllc.com; petaeron.com; khimjisrelocations.ae; upsleeve.ae; petairuk.com; realestateclubdubai.com,,local-licensed,falconveterinaryllc uses MOCCAE-approved angle
how to bring a cat to Dubai,QUESTION,informational,yes,awareness,50,estimated,low,foufoufly.com; thepetsclub.ae; business-setup-dubai.com; noblevetclinic.com; petsguide.ae; petholidayclub.com; dubaiexpat.co.uk,,question-import,
how to import a pet to UAE,QUESTION,informational,yes,awareness,40,estimated,low,foufoufly.com; thepetsclub.ae; business-setup-dubai.com; noblevetclinic.com; petsguide.ae; petholidayclub.com; dubaiexpat.co.uk,,question-import,
how to move my dog to Dubai,QUESTION,informational,yes,awareness,40,estimated,low,foufoufly.com; thepetsclub.ae; business-setup-dubai.com; noblevetclinic.com; petsguide.ae; petholidayclub.com; dubaiexpat.co.uk,,question-import,
how to move my cat to Dubai,QUESTION,informational,yes,awareness,30,estimated,low,foufoufly.com; thepetsclub.ae; business-setup-dubai.com; noblevetclinic.com; petsguide.ae; petholidayclub.com; dubaiexpat.co.uk,,question-import,
can I bring my dog to Dubai,QUESTION,informational,yes,awareness,10,dataforseo_google_ads_live,low,foufoufly.com; thepetsclub.ae; business-setup-dubai.com; noblevetclinic.com; petsguide.ae; petholidayclub.com; dubaiexpat.co.uk,Breed check first; banned breeds refused,question-import,
can I bring my cat to Dubai,QUESTION,informational,yes,awareness,10,dataforseo_google_ads_live,low,foufoufly.com; thepetsclub.ae; business-setup-dubai.com; noblevetclinic.com; petsguide.ae; petholidayclub.com; dubaiexpat.co.uk,,question-import,
can I take my dog to Dubai on holiday,QUESTION,informational,yes,awareness,20,estimated,low,foufoufly.com; thepetsclub.ae; business-setup-dubai.com; noblevetclinic.com; petsguide.ae; petholidayclub.com; dubaiexpat.co.uk,Same import rules apply for short stays,question-import,
how much does it cost to bring a pet to Dubai,QUESTION,informational,yes,awareness,70,estimated,low,foufoufly.com; thepetsclub.ae; business-setup-dubai.com; noblevetclinic.com; petsguide.ae; petholidayclub.com; dubaiexpat.co.uk,,question-cost,
how much does pet relocation cost UAE,QUESTION,informational,yes,awareness,40,estimated,low,foufoufly.com; thepetsclub.ae; business-setup-dubai.com; noblevetclinic.com; petsguide.ae; petholidayclub.com; dubaiexpat.co.uk,,question-cost,
how much does it cost to move a dog from UK to Dubai,QUESTION,informational,yes,awareness,30,estimated,low,foufoufly.com; thepetsclub.ae; business-setup-dubai.com; noblevetclinic.com; petsguide.ae; petholidayclub.com; dubaiexpat.co.uk,AED 12k-20k all-in managed,question-cost,
how much does it cost to take a pet out of Dubai,QUESTION,informational,yes,awareness,30,estimated,low,foufoufly.com; thepetsclub.ae; business-setup-dubai.com; noblevetclinic.com; petsguide.ae; petholidayclub.com; dubaiexpat.co.uk,,question-cost,
how long does a MOCCAE permit take,QUESTION,informational,yes,awareness,30,estimated,low,foufoufly.com; thepetsclub.ae; business-setup-dubai.com; noblevetclinic.com; petsguide.ae; petholidayclub.com; dubaiexpat.co.uk,2-14 business days reported,question-permit,
how long does pet relocation to Dubai take,QUESTION,informational,yes,awareness,30,estimated,low,foufoufly.com; thepetsclub.ae; business-setup-dubai.com; noblevetclinic.com; petsguide.ae; petholidayclub.com; dubaiexpat.co.uk,4-8 weeks documented; 5-6 months with titre,question-timeline,
how long does it take to bring a dog from UK to Dubai,QUESTION,informational,yes,awareness,20,estimated,low,foufoufly.com; thepetsclub.ae; business-setup-dubai.com; noblevetclinic.com; petsguide.ae; petholidayclub.com; dubaiexpat.co.uk,,question-timeline,
how long does pet export from Dubai take,QUESTION,informational,yes,awareness,20,estimated,low,foufoufly.com; thepetsclub.ae; business-setup-dubai.com; noblevetclinic.com; petsguide.ae; petholidayclub.com; dubaiexpat.co.uk,,question-timeline,
can I fly my cat in cabin to Dubai,QUESTION,informational,yes,awareness,40,estimated,low,foufoufly.com; thepetsclub.ae; business-setup-dubai.com; noblevetclinic.com; petsguide.ae; petholidayclub.com; dubaiexpat.co.uk,No cabin at DXB - manifest cargo; Etihad AUH exception,question-airline,
can my dog fly in the cabin to Dubai,QUESTION,informational,yes,awareness,40,estimated,low,foufoufly.com; thepetsclub.ae; business-setup-dubai.com; noblevetclinic.com; petsguide.ae; petholidayclub.com; dubaiexpat.co.uk,,question-airline,
is cargo safe for dogs,QUESTION,informational,yes,awareness,30,estimated,low,foufoufly.com; thepetsclub.ae; business-setup-dubai.com; noblevetclinic.com; petsguide.ae; petholidayclub.com; dubaiexpat.co.uk,Pressurised climate-controlled hold explanation,question-airline,
is it safe to fly pets to Dubai,QUESTION,informational,yes,awareness,20,estimated,low,foufoufly.com; thepetsclub.ae; business-setup-dubai.com; noblevetclinic.com; petsguide.ae; petholidayclub.com; dubaiexpat.co.uk,,question-airline,
what documents do I need to bring my pet to Dubai,QUESTION,informational,yes,awareness,40,estimated,low,foufoufly.com; thepetsclub.ae; business-setup-dubai.com; noblevetclinic.com; petsguide.ae; petholidayclub.com; dubaiexpat.co.uk,,question-documents,
what vaccinations does my dog need for Dubai,QUESTION,informational,yes,awareness,20,estimated,low,foufoufly.com; thepetsclub.ae; business-setup-dubai.com; noblevetclinic.com; petsguide.ae; petholidayclub.com; dubaiexpat.co.uk,"Rabies, distemper, parvo, hepatitis, lepto",question-documents,
does my pet need a rabies titer test for Dubai,QUESTION,informational,yes,awareness,30,estimated,low,foufoufly.com; thepetsclub.ae; business-setup-dubai.com; noblevetclinic.com; petsguide.ae; petholidayclub.com; dubaiexpat.co.uk,Depends on origin country listing,question-titer,
do I need a titre test from UK to Dubai,QUESTION,informational,yes,awareness,20,estimated,low,foufoufly.com; thepetsclub.ae; business-setup-dubai.com; noblevetclinic.com; petsguide.ae; petholidayclub.com; dubaiexpat.co.uk,,question-titer,Conflicting info in SERPs - content opportunity
what happens when my pet arrives at Dubai airport,QUESTION,informational,yes,awareness,20,estimated,low,foufoufly.com; thepetsclub.ae; business-setup-dubai.com; noblevetclinic.com; petsguide.ae; petholidayclub.com; dubaiexpat.co.uk,MOCCAE inspection 3-6 hours,question-arrival,
is there quarantine for pets in Dubai,QUESTION,informational,yes,awareness,30,estimated,low,foufoufly.com; thepetsclub.ae; business-setup-dubai.com; noblevetclinic.com; petsguide.ae; petholidayclub.com; dubaiexpat.co.uk,No quarantine with correct documents,question-quarantine,
which dog breeds are banned in Dubai,QUESTION,informational,yes,awareness,40,estimated,low,foufoufly.com; thepetsclub.ae; business-setup-dubai.com; noblevetclinic.com; petsguide.ae; petholidayclub.com; dubaiexpat.co.uk,,question-breeds,
can I bring two dogs to Dubai,QUESTION,informational,yes,awareness,10,estimated,low,foufoufly.com; thepetsclub.ae; business-setup-dubai.com; noblevetclinic.com; petsguide.ae; petholidayclub.com; dubaiexpat.co.uk,2 pets per person per year,question-rules,
how do I get a pet passport in Dubai,QUESTION,informational,yes,awareness,30,estimated,low,foufoufly.com; thepetsclub.ae; business-setup-dubai.com; noblevetclinic.com; petsguide.ae; petholidayclub.com; dubaiexpat.co.uk,,question-documents,
how do I register my dog in Dubai,QUESTION,informational,yes,awareness,30,estimated,low,foufoufly.com; thepetsclub.ae; business-setup-dubai.com; noblevetclinic.com; petsguide.ae; petholidayclub.com; dubaiexpat.co.uk,Dubai Municipality registration,question-registration,
what is the best pet relocation company in Dubai,QUESTION,informational,yes,awareness,30,estimated,low,foufoufly.com; thepetsclub.ae; business-setup-dubai.com; noblevetclinic.com; petsguide.ae; petholidayclub.com; dubaiexpat.co.uk,,question-commercial,
how to choose a pet relocation company Dubai,QUESTION,informational,yes,awareness,20,estimated,low,foufoufly.com; thepetsclub.ae; business-setup-dubai.com; noblevetclinic.com; petsguide.ae; petholidayclub.com; dubaiexpat.co.uk,,question-commercial,
can I relocate my pet myself to Dubai DIY,QUESTION,informational,yes,awareness,20,estimated,low,foufoufly.com; thepetsclub.ae; business-setup-dubai.com; noblevetclinic.com; petsguide.ae; petholidayclub.com; dubaiexpat.co.uk,DIY vs agent comparison,question-diy,
is it cheaper to relocate a cat than a dog to Dubai,QUESTION,informational,yes,awareness,10,estimated,low,foufoufly.com; thepetsclub.ae; business-setup-dubai.com; noblevetclinic.com; petsguide.ae; petholidayclub.com; dubaiexpat.co.uk,,question-cost,
what is a MOCCAE import permit,QUESTION,informational,yes,awareness,30,estimated,low,foufoufly.com; thepetsclub.ae; business-setup-dubai.com; noblevetclinic.com; petsguide.ae; petholidayclub.com; dubaiexpat.co.uk,,question-permit,
how to apply for MOCCAE pet permit,QUESTION,informational,yes,awareness,40,estimated,low,foufoufly.com; thepetsclub.ae; business-setup-dubai.com; noblevetclinic.com; petsguide.ae; petholidayclub.com; dubaiexpat.co.uk,"moccae.gov.ae portal, UAE Pass",question-permit,
can I use EU pet passport to enter Dubai,QUESTION,informational,yes,awareness,10,estimated,low,foufoufly.com; thepetsclub.ae; business-setup-dubai.com; noblevetclinic.com; petsguide.ae; petholidayclub.com; dubaiexpat.co.uk,,question-documents,
what is manifest cargo for pets,QUESTION,informational,yes,awareness,30,estimated,low,foufoufly.com; thepetsclub.ae; business-setup-dubai.com; noblevetclinic.com; petsguide.ae; petholidayclub.com; dubaiexpat.co.uk,,question-airline,
how to prepare my pet for a flight to Dubai,QUESTION,informational,yes,awareness,20,estimated,low,foufoufly.com; thepetsclub.ae; business-setup-dubai.com; noblevetclinic.com; petsguide.ae; petholidayclub.com; dubaiexpat.co.uk,Crate training; no sedatives,question-preparation,
should I sedate my dog for a flight,QUESTION,informational,yes,awareness,20,estimated,low,foufoufly.com; thepetsclub.ae; business-setup-dubai.com; noblevetclinic.com; petsguide.ae; petholidayclub.com; dubaiexpat.co.uk,Sedation discouraged by airlines,question-preparation,
what size crate does my dog need to fly,QUESTION,informational,yes,awareness,20,estimated,low,foufoufly.com; thepetsclub.ae; business-setup-dubai.com; noblevetclinic.com; petsguide.ae; petholidayclub.com; dubaiexpat.co.uk,,question-preparation,
can I bring my pet to Abu Dhabi instead of Dubai,QUESTION,informational,yes,awareness,10,estimated,low,foufoufly.com; thepetsclub.ae; business-setup-dubai.com; noblevetclinic.com; petsguide.ae; petholidayclub.com; dubaiexpat.co.uk,AUH arrival + Etihad cabin option,question-airline,
how to move pets from Dubai to Australia,QUESTION,informational,yes,awareness,20,estimated,low,foufoufly.com; thepetsclub.ae; business-setup-dubai.com; noblevetclinic.com; petsguide.ae; petholidayclub.com; dubaiexpat.co.uk,No direct route; approved-country pathway,question-route-au,
can I fly my dog direct from Dubai to Australia,QUESTION,informational,yes,awareness,10,estimated,low,foufoufly.com; thepetsclub.ae; business-setup-dubai.com; noblevetclinic.com; petsguide.ae; petholidayclub.com; dubaiexpat.co.uk,No - UAE not approved country,question-route-au,
how to take pets from UAE to India,QUESTION,informational,yes,awareness,10,dataforseo_google_ads_live,low,foufoufly.com; thepetsclub.ae; business-setup-dubai.com; noblevetclinic.com; petsguide.ae; petholidayclub.com; dubaiexpat.co.uk,,question-route-india,
how to bring pet from India to Dubai,QUESTION,informational,yes,awareness,30,estimated,low,foufoufly.com; thepetsclub.ae; business-setup-dubai.com; noblevetclinic.com; petsguide.ae; petholidayclub.com; dubaiexpat.co.uk,AQCS NOC + titre test,question-route-india,
what is AQCS clearance for pets,QUESTION,informational,yes,awareness,10,estimated,low,foufoufly.com; thepetsclub.ae; business-setup-dubai.com; noblevetclinic.com; petsguide.ae; petholidayclub.com; dubaiexpat.co.uk,,question-route-india,
how to bring a pet from Philippines to Dubai,QUESTION,informational,yes,awareness,20,estimated,low,foufoufly.com; thepetsclub.ae; business-setup-dubai.com; noblevetclinic.com; petsguide.ae; petholidayclub.com; dubaiexpat.co.uk,,question-route-ph,
how to send pet from Dubai to Philippines,QUESTION,informational,yes,awareness,20,estimated,low,foufoufly.com; thepetsclub.ae; business-setup-dubai.com; noblevetclinic.com; petsguide.ae; petholidayclub.com; dubaiexpat.co.uk,BAI SPSIC permit,question-route-ph,
urgent pet relocation Dubai,URGENCY,commercial,yes,decision,10,estimated,high,falconveterinaryllc.com; pawsabroad.co; elysiumjet.com; petspassport.com,,urgency,Zero-volume; high willingness-to-pay
emergency pet relocation Dubai,URGENCY,commercial,yes,decision,10,estimated,high,falconveterinaryllc.com; pawsabroad.co; elysiumjet.com; petspassport.com,,urgency,
last minute pet relocation Dubai,URGENCY,commercial,yes,decision,10,estimated,high,falconveterinaryllc.com; pawsabroad.co; elysiumjet.com; petspassport.com,,urgency,
same day pet transport Dubai,URGENCY,commercial,yes,decision,20,estimated,high,falconveterinaryllc.com; pawsabroad.co; elysiumjet.com; petspassport.com,,urgency,falconveterinaryllc same-day pet taxi ranks
fast track pet relocation Dubai,URGENCY,commercial,yes,decision,10,estimated,high,falconveterinaryllc.com; pawsabroad.co; elysiumjet.com; petspassport.com,,urgency,
express MOCCAE permit,URGENCY,commercial,yes,decision,10,estimated,med,falconveterinaryllc.com; pawsabroad.co; elysiumjet.com; petspassport.com,Is express MOCCAE processing available,urgency-permit,
urgent pet export from Dubai,URGENCY,commercial,yes,decision,10,estimated,high,falconveterinaryllc.com; pawsabroad.co; elysiumjet.com; petspassport.com,,urgency,
emergency pet transport UAE,URGENCY,commercial,yes,decision,10,estimated,high,falconveterinaryllc.com; pawsabroad.co; elysiumjet.com; petspassport.com,,urgency,
short notice pet relocation UAE,URGENCY,commercial,yes,decision,10,estimated,high,falconveterinaryllc.com; pawsabroad.co; elysiumjet.com; petspassport.com,,urgency,
quickest way to relocate a pet to Dubai,URGENCY,commercial,yes,decision,10,estimated,med,falconveterinaryllc.com; pawsabroad.co; elysiumjet.com; petspassport.com,,urgency,
pet stuck at Dubai airport customs,URGENCY,commercial,yes,decision,10,estimated,med,falconveterinaryllc.com; pawsabroad.co; elysiumjet.com; petspassport.com,Airport holding fees AED 200-500/day; clearance agent,urgency-problem,Pain-point: clearance failure
pet refused entry Dubai what to do,URGENCY,commercial,yes,decision,10,estimated,med,falconveterinaryllc.com; pawsabroad.co; elysiumjet.com; petspassport.com,,urgency-problem,
MOCCAE permit expired before flight,URGENCY,commercial,yes,decision,10,estimated,med,falconveterinaryllc.com; pawsabroad.co; elysiumjet.com; petspassport.com,,urgency-problem,
missed flight pet relocation rebooking Dubai,URGENCY,commercial,yes,decision,10,estimated,med,falconveterinaryllc.com; pawsabroad.co; elysiumjet.com; petspassport.com,,urgency-problem,
urgent pet flight Dubai to UK,URGENCY,commercial,yes,decision,10,estimated,high,falconveterinaryllc.com; pawsabroad.co; elysiumjet.com; petspassport.com,,urgency-route,
emergency vet clearance certificate Dubai same day,URGENCY,commercial,yes,decision,10,estimated,med,falconveterinaryllc.com; pawsabroad.co; elysiumjet.com; petspassport.com,,urgency-doc,
corporate pet relocation Dubai,B2B,commercial,yes,consideration,20,estimated,high,khimjisrelocations.ae; 6thmove.com; iss-relocations.com; crownrelo.com; alameinmovers.com; jobxdubai.com,,b2b,khimjis/6thmove offer assignee services
employee relocation with pets UAE,B2B,commercial,yes,consideration,10,estimated,high,khimjisrelocations.ae; 6thmove.com; iss-relocations.com; crownrelo.com; alameinmovers.com; jobxdubai.com,,b2b,
corporate relocation pet services Dubai,B2B,commercial,yes,consideration,10,estimated,high,khimjisrelocations.ae; 6thmove.com; iss-relocations.com; crownrelo.com; alameinmovers.com; jobxdubai.com,,b2b,
HR relocation package pets Dubai,B2B,commercial,yes,consideration,10,estimated,med,khimjisrelocations.ae; 6thmove.com; iss-relocations.com; crownrelo.com; alameinmovers.com; jobxdubai.com,,b2b,
relocation company pet services UAE,B2B,commercial,yes,consideration,20,estimated,high,khimjisrelocations.ae; 6thmove.com; iss-relocations.com; crownrelo.com; alameinmovers.com; jobxdubai.com,,b2b,crownrelo.com + iss-relocations.com rank
bulk pet transport UAE,B2B,commercial,yes,consideration,10,estimated,med,khimjisrelocations.ae; 6thmove.com; iss-relocations.com; crownrelo.com; alameinmovers.com; jobxdubai.com,,b2b,
pet relocation for expats Dubai,B2B,commercial,yes,consideration,30,estimated,med,khimjisrelocations.ae; 6thmove.com; iss-relocations.com; crownrelo.com; alameinmovers.com; jobxdubai.com,,b2b-adjacent,
diplomatic pet relocation UAE,B2B,commercial,yes,consideration,10,estimated,med,khimjisrelocations.ae; 6thmove.com; iss-relocations.com; crownrelo.com; alameinmovers.com; jobxdubai.com,,b2b,
military pet relocation UAE,B2B,commercial,yes,consideration,10,estimated,med,khimjisrelocations.ae; 6thmove.com; iss-relocations.com; crownrelo.com; alameinmovers.com; jobxdubai.com,,b2b,
pet import license commercial UAE,B2B,commercial,yes,consideration,10,estimated,med,khimjisrelocations.ae; 6thmove.com; iss-relocations.com; crownrelo.com; alameinmovers.com; jobxdubai.com,MOCCAE commercial import permit for businesses,b2b-commercial-import,aedbs.com pet-shop licence angle
commercial pet import Dubai,B2B,commercial,yes,consideration,10,estimated,med,khimjisrelocations.ae; 6thmove.com; iss-relocations.com; crownrelo.com; alameinmovers.com; jobxdubai.com,,b2b-commercial-import,
pet relocation partner program Dubai,B2B,commercial,yes,consideration,10,estimated,med,khimjisrelocations.ae; 6thmove.com; iss-relocations.com; crownrelo.com; alameinmovers.com; jobxdubai.com,,b2b,Zero-volume partnership term
pet relocation for relocation companies UAE,B2B,commercial,yes,consideration,10,estimated,med,khimjisrelocations.ae; 6thmove.com; iss-relocations.com; crownrelo.com; alameinmovers.com; jobxdubai.com,,b2b,White-label partnership angle
destination services pet relocation Dubai,B2B,commercial,yes,consideration,10,estimated,med,khimjisrelocations.ae; 6thmove.com; iss-relocations.com; crownrelo.com; alameinmovers.com; jobxdubai.com,,b2b,
pet relocation UK to Dubai,ROUTE,mixed,yes,consideration,170,estimated,high,foufoufly.com; dubaiexpat.co.uk; petairuk.com; tailoredpettravel.com; crownrelo.com; flymypet.com,How long from UK to Dubai; cost; which airlines,route-uk-inbound,
moving dog from UK to Dubai,ROUTE,mixed,yes,consideration,85,estimated,high,foufoufly.com; dubaiexpat.co.uk; petairuk.com; tailoredpettravel.com; crownrelo.com; flymypet.com,How long from UK to Dubai; cost; which airlines,route-uk-inbound,
pet transport UK to Dubai,ROUTE,mixed,yes,consideration,56,estimated,high,foufoufly.com; dubaiexpat.co.uk; petairuk.com; tailoredpettravel.com; crownrelo.com; flymypet.com,How long from UK to Dubai; cost; which airlines,route-uk-inbound,
bring cat from UK to Dubai,ROUTE,mixed,yes,consideration,56,estimated,high,foufoufly.com; dubaiexpat.co.uk; petairuk.com; tailoredpettravel.com; crownrelo.com; flymypet.com,How long from UK to Dubai; cost; which airlines,route-uk-inbound,
pet relocation UK to UAE,ROUTE,mixed,yes,consideration,56,estimated,high,foufoufly.com; dubaiexpat.co.uk; petairuk.com; tailoredpettravel.com; crownrelo.com; flymypet.com,How long from UK to Dubai; cost; which airlines,route-uk-inbound,
pet relocation Dubai to UK,ROUTE,mixed,yes,consideration,10,dataforseo_google_ads_live,high,foufoufly.com; dubaiexpat.co.uk; petairuk.com; tailoredpettravel.com; crownrelo.com; flymypet.com,Cost Dubai to UK; quarantine; documents,route-uk-outbound,
moving dog from Dubai to UK,ROUTE,mixed,yes,consideration,55,estimated,high,foufoufly.com; dubaiexpat.co.uk; petairuk.com; tailoredpettravel.com; crownrelo.com; flymypet.com,Cost Dubai to UK; quarantine; documents,route-uk-outbound,
pet export Dubai to UK,ROUTE,mixed,yes,consideration,36,estimated,high,foufoufly.com; dubaiexpat.co.uk; petairuk.com; tailoredpettravel.com; crownrelo.com; flymypet.com,Cost Dubai to UK; quarantine; documents,route-uk-outbound,
pet relocation London to Dubai,ROUTE,mixed,yes,consideration,40,estimated,high,foufoufly.com; dubaiexpat.co.uk; petairuk.com; tailoredpettravel.com; crownrelo.com; flymypet.com,How long from London to Dubai; cost; which airlines,route-uk-inbound,
moving dog from London to Dubai,ROUTE,mixed,yes,consideration,20,estimated,high,foufoufly.com; dubaiexpat.co.uk; petairuk.com; tailoredpettravel.com; crownrelo.com; flymypet.com,How long from London to Dubai; cost; which airlines,route-uk-inbound,
pet transport London to Dubai,ROUTE,mixed,yes,consideration,13,estimated,high,foufoufly.com; dubaiexpat.co.uk; petairuk.com; tailoredpettravel.com; crownrelo.com; flymypet.com,How long from London to Dubai; cost; which airlines,route-uk-inbound,
pet relocation London to UAE,ROUTE,mixed,yes,consideration,13,estimated,high,foufoufly.com; dubaiexpat.co.uk; petairuk.com; tailoredpettravel.com; crownrelo.com; flymypet.com,How long from London to Dubai; cost; which airlines,route-uk-inbound,
pet relocation Dubai to London,ROUTE,mixed,yes,consideration,20,estimated,high,foufoufly.com; dubaiexpat.co.uk; petairuk.com; tailoredpettravel.com; crownrelo.com; flymypet.com,Cost Dubai to London; quarantine; documents,route-uk-outbound,
moving dog from Dubai to London,ROUTE,mixed,yes,consideration,10,estimated,high,foufoufly.com; dubaiexpat.co.uk; petairuk.com; tailoredpettravel.com; crownrelo.com; flymypet.com,Cost Dubai to London; quarantine; documents,route-uk-outbound,
pet export Dubai to London,ROUTE,mixed,yes,consideration,6,estimated,high,foufoufly.com; dubaiexpat.co.uk; petairuk.com; tailoredpettravel.com; crownrelo.com; flymypet.com,Cost Dubai to London; quarantine; documents,route-uk-outbound,
pet relocation USA to Dubai,ROUTE,mixed,yes,consideration,110,estimated,high,pawsenroute.com; foufoufly.com; airpetsinternational.com,How long from USA to Dubai; cost; which airlines,route-usa-inbound,
moving dog from USA to Dubai,ROUTE,mixed,yes,consideration,55,estimated,high,pawsenroute.com; foufoufly.com; airpetsinternational.com,How long from USA to Dubai; cost; which airlines,route-usa-inbound,
pet transport USA to Dubai,ROUTE,mixed,yes,consideration,36,estimated,high,pawsenroute.com; foufoufly.com; airpetsinternational.com,How long from USA to Dubai; cost; which airlines,route-usa-inbound,
bring cat from USA to Dubai,ROUTE,mixed,yes,consideration,36,estimated,high,pawsenroute.com; foufoufly.com; airpetsinternational.com,How long from USA to Dubai; cost; which airlines,route-usa-inbound,
pet relocation USA to UAE,ROUTE,mixed,yes,consideration,36,estimated,high,pawsenroute.com; foufoufly.com; airpetsinternational.com,How long from USA to Dubai; cost; which airlines,route-usa-inbound,
pet relocation Dubai to USA,ROUTE,mixed,yes,consideration,70,estimated,high,pawsenroute.com; foufoufly.com; airpetsinternational.com,Cost Dubai to USA; quarantine; documents,route-usa-outbound,
moving dog from Dubai to USA,ROUTE,mixed,yes,consideration,35,estimated,high,pawsenroute.com; foufoufly.com; airpetsinternational.com,Cost Dubai to USA; quarantine; documents,route-usa-outbound,
pet export Dubai to USA,ROUTE,mixed,yes,consideration,23,estimated,high,pawsenroute.com; foufoufly.com; airpetsinternational.com,Cost Dubai to USA; quarantine; documents,route-usa-outbound,
pet relocation Canada to Dubai,ROUTE,mixed,yes,consideration,70,estimated,high,pawsenroute.com; foufoufly.com; airpetsinternational.com,How long from Canada to Dubai; cost; which airlines,route-canada-inbound,
moving dog from Canada to Dubai,ROUTE,mixed,yes,consideration,35,estimated,high,pawsenroute.com; foufoufly.com; airpetsinternational.com,How long from Canada to Dubai; cost; which airlines,route-canada-inbound,
pet transport Canada to Dubai,ROUTE,mixed,yes,consideration,23,estimated,high,pawsenroute.com; foufoufly.com; airpetsinternational.com,How long from Canada to Dubai; cost; which airlines,route-canada-inbound,
bring cat from Canada to Dubai,ROUTE,mixed,yes,consideration,23,estimated,high,pawsenroute.com; foufoufly.com; airpetsinternational.com,How long from Canada to Dubai; cost; which airlines,route-canada-inbound,
pet relocation Canada to UAE,ROUTE,mixed,yes,consideration,23,estimated,high,pawsenroute.com; foufoufly.com; airpetsinternational.com,How long from Canada to Dubai; cost; which airlines,route-canada-inbound,
pet relocation Dubai to Canada,ROUTE,mixed,yes,consideration,50,estimated,high,pawsenroute.com; foufoufly.com; airpetsinternational.com,Cost Dubai to Canada; quarantine; documents,route-canada-outbound,
moving dog from Dubai to Canada,ROUTE,mixed,yes,consideration,25,estimated,high,pawsenroute.com; foufoufly.com; airpetsinternational.com,Cost Dubai to Canada; quarantine; documents,route-canada-outbound,
pet export Dubai to Canada,ROUTE,mixed,yes,consideration,16,estimated,high,pawsenroute.com; foufoufly.com; airpetsinternational.com,Cost Dubai to Canada; quarantine; documents,route-canada-outbound,
pet relocation Australia to Dubai,ROUTE,mixed,yes,consideration,90,estimated,high,jetpets.com.au; foufoufly.com,How long from Australia to Dubai; cost; which airlines,route-australia-inbound,
moving dog from Australia to Dubai,ROUTE,mixed,yes,consideration,45,estimated,high,jetpets.com.au; foufoufly.com,How long from Australia to Dubai; cost; which airlines,route-australia-inbound,
pet transport Australia to Dubai,ROUTE,mixed,yes,consideration,30,estimated,high,jetpets.com.au; foufoufly.com,How long from Australia to Dubai; cost; which airlines,route-australia-inbound,
bring cat from Australia to Dubai,ROUTE,mixed,yes,consideration,30,estimated,high,jetpets.com.au; foufoufly.com,How long from Australia to Dubai; cost; which airlines,route-australia-inbound,
pet relocation Australia to UAE,ROUTE,mixed,yes,consideration,30,estimated,high,jetpets.com.au; foufoufly.com,How long from Australia to Dubai; cost; which airlines,route-australia-inbound,
pet relocation Dubai to Australia,ROUTE,mixed,yes,consideration,70,estimated,high,jetpets.com.au; foufoufly.com,Cost Dubai to Australia; quarantine; documents,route-australia-outbound,
moving dog from Dubai to Australia,ROUTE,mixed,yes,consideration,35,estimated,high,jetpets.com.au; foufoufly.com,Cost Dubai to Australia; quarantine; documents,route-australia-outbound,
pet export Dubai to Australia,ROUTE,mixed,yes,consideration,23,estimated,high,jetpets.com.au; foufoufly.com,Cost Dubai to Australia; quarantine; documents,route-australia-outbound,
pet relocation India to Dubai,ROUTE,mixed,yes,consideration,140,estimated,high,foufoufly.com; airpets.in; petmovers.in; petaeron.com; happyfares.in; iss-relocations.com,How long from India to Dubai; cost; which airlines,route-india-inbound,
moving dog from India to Dubai,ROUTE,mixed,yes,consideration,70,estimated,high,foufoufly.com; airpets.in; petmovers.in; petaeron.com; happyfares.in; iss-relocations.com,How long from India to Dubai; cost; which airlines,route-india-inbound,
pet transport India to Dubai,ROUTE,mixed,yes,consideration,46,estimated,high,foufoufly.com; airpets.in; petmovers.in; petaeron.com; happyfares.in; iss-relocations.com,How long from India to Dubai; cost; which airlines,route-india-inbound,
bring cat from India to Dubai,ROUTE,mixed,yes,consideration,46,estimated,high,foufoufly.com; airpets.in; petmovers.in; petaeron.com; happyfares.in; iss-relocations.com,How long from India to Dubai; cost; which airlines,route-india-inbound,
pet relocation India to UAE,ROUTE,mixed,yes,consideration,46,estimated,high,foufoufly.com; airpets.in; petmovers.in; petaeron.com; happyfares.in; iss-relocations.com,How long from India to Dubai; cost; which airlines,route-india-inbound,
pet relocation Dubai to India,ROUTE,mixed,yes,consideration,30,dataforseo_google_ads_live,high,foufoufly.com; airpets.in; petmovers.in; petaeron.com; happyfares.in; iss-relocations.com,Cost Dubai to India; quarantine; documents,route-india-outbound,
moving dog from Dubai to India,ROUTE,mixed,yes,consideration,55,estimated,high,foufoufly.com; airpets.in; petmovers.in; petaeron.com; happyfares.in; iss-relocations.com,Cost Dubai to India; quarantine; documents,route-india-outbound,
pet export Dubai to India,ROUTE,mixed,yes,consideration,36,estimated,high,foufoufly.com; airpets.in; petmovers.in; petaeron.com; happyfares.in; iss-relocations.com,Cost Dubai to India; quarantine; documents,route-india-outbound,
pet relocation Mumbai to Dubai,ROUTE,mixed,yes,consideration,30,estimated,high,foufoufly.com; airpets.in; petmovers.in; petaeron.com; happyfares.in; iss-relocations.com,How long from Mumbai to Dubai; cost; which airlines,route-india-inbound,
moving dog from Mumbai to Dubai,ROUTE,mixed,yes,consideration,15,estimated,high,foufoufly.com; airpets.in; petmovers.in; petaeron.com; happyfares.in; iss-relocations.com,How long from Mumbai to Dubai; cost; which airlines,route-india-inbound,
pet transport Mumbai to Dubai,ROUTE,mixed,yes,consideration,10,estimated,high,foufoufly.com; airpets.in; petmovers.in; petaeron.com; happyfares.in; iss-relocations.com,How long from Mumbai to Dubai; cost; which airlines,route-india-inbound,
pet relocation Mumbai to UAE,ROUTE,mixed,yes,consideration,10,estimated,high,foufoufly.com; airpets.in; petmovers.in; petaeron.com; happyfares.in; iss-relocations.com,How long from Mumbai to Dubai; cost; which airlines,route-india-inbound,
pet relocation Dubai to Mumbai,ROUTE,mixed,yes,consideration,20,estimated,high,foufoufly.com; airpets.in; petmovers.in; petaeron.com; happyfares.in; iss-relocations.com,Cost Dubai to Mumbai; quarantine; documents,route-india-outbound,
moving dog from Dubai to Mumbai,ROUTE,mixed,yes,consideration,10,estimated,high,foufoufly.com; airpets.in; petmovers.in; petaeron.com; happyfares.in; iss-relocations.com,Cost Dubai to Mumbai; quarantine; documents,route-india-outbound,
pet export Dubai to Mumbai,ROUTE,mixed,yes,consideration,6,estimated,high,foufoufly.com; airpets.in; petmovers.in; petaeron.com; happyfares.in; iss-relocations.com,Cost Dubai to Mumbai; quarantine; documents,route-india-outbound,
pet relocation Philippines to Dubai,ROUTE,mixed,yes,consideration,70,estimated,high,petmovers.com; petrelocationdubai.com; foufoufly.com; iss-relocations.com,How long from Philippines to Dubai; cost; which airlines,route-philippines-inbound,
moving dog from Philippines to Dubai,ROUTE,mixed,yes,consideration,35,estimated,high,petmovers.com; petrelocationdubai.com; foufoufly.com; iss-relocations.com,How long from Philippines to Dubai; cost; which airlines,route-philippines-inbound,
pet transport Philippines to Dubai,ROUTE,mixed,yes,consideration,23,estimated,high,petmovers.com; petrelocationdubai.com; foufoufly.com; iss-relocations.com,How long from Philippines to Dubai; cost; which airlines,route-philippines-inbound,
bring cat from Philippines to Dubai,ROUTE,mixed,yes,consideration,23,estimated,high,petmovers.com; petrelocationdubai.com; foufoufly.com; iss-relocations.com,How long from Philippines to Dubai; cost; which airlines,route-philippines-inbound,
pet relocation Philippines to UAE,ROUTE,mixed,yes,consideration,23,estimated,high,petmovers.com; petrelocationdubai.com; foufoufly.com; iss-relocations.com,How long from Philippines to Dubai; cost; which airlines,route-philippines-inbound,
pet relocation Dubai to Philippines,ROUTE,mixed,yes,consideration,90,estimated,high,petmovers.com; petrelocationdubai.com; foufoufly.com; iss-relocations.com,Cost Dubai to Philippines; quarantine; documents,route-philippines-outbound,
moving dog from Dubai to Philippines,ROUTE,mixed,yes,consideration,45,estimated,high,petmovers.com; petrelocationdubai.com; foufoufly.com; iss-relocations.com,Cost Dubai to Philippines; quarantine; documents,route-philippines-outbound,
pet export Dubai to Philippines,ROUTE,mixed,yes,consideration,30,estimated,high,petmovers.com; petrelocationdubai.com; foufoufly.com; iss-relocations.com,Cost Dubai to Philippines; quarantine; documents,route-philippines-outbound,
pet relocation South Africa to Dubai,ROUTE,mixed,yes,consideration,50,estimated,high,foufoufly.com; petairuk.com; tailoredpettravel.com,How long from South Africa to Dubai; cost; which airlines,route-southafrica-inbound,
moving dog from South Africa to Dubai,ROUTE,mixed,yes,consideration,25,estimated,high,foufoufly.com; petairuk.com; tailoredpettravel.com,How long from South Africa to Dubai; cost; which airlines,route-southafrica-inbound,
pet transport South Africa to Dubai,ROUTE,mixed,yes,consideration,16,estimated,high,foufoufly.com; petairuk.com; tailoredpettravel.com,How long from South Africa to Dubai; cost; which airlines,route-southafrica-inbound,
bring cat from South Africa to Dubai,ROUTE,mixed,yes,consideration,16,estimated,high,foufoufly.com; petairuk.com; tailoredpettravel.com,How long from South Africa to Dubai; cost; which airlines,route-southafrica-inbound,
pet relocation South Africa to UAE,ROUTE,mixed,yes,consideration,16,estimated,high,foufoufly.com; petairuk.com; tailoredpettravel.com,How long from South Africa to Dubai; cost; which airlines,route-southafrica-inbound,
pet relocation Dubai to South Africa,ROUTE,mixed,yes,consideration,30,estimated,high,foufoufly.com; petairuk.com; tailoredpettravel.com,Cost Dubai to South Africa; quarantine; documents,route-southafrica-outbound,
moving dog from Dubai to South Africa,ROUTE,mixed,yes,consideration,15,estimated,high,foufoufly.com; petairuk.com; tailoredpettravel.com,Cost Dubai to South Africa; quarantine; documents,route-southafrica-outbound,
pet export Dubai to South Africa,ROUTE,mixed,yes,consideration,10,estimated,high,foufoufly.com; petairuk.com; tailoredpettravel.com,Cost Dubai to South Africa; quarantine; documents,route-southafrica-outbound,
pet relocation Germany to Dubai,ROUTE,mixed,yes,consideration,50,estimated,high,foufoufly.com; iss-relocations.com; carrymypet.ae; relopet.com; ferndalekennels.com; flymypet.com; crownrelo.com,How long from Germany to Dubai; cost; which airlines,route-germany-inbound,
moving dog from Germany to Dubai,ROUTE,mixed,yes,consideration,25,estimated,high,foufoufly.com; iss-relocations.com; carrymypet.ae; relopet.com; ferndalekennels.com; flymypet.com; crownrelo.com,How long from Germany to Dubai; cost; which airlines,route-germany-inbound,
pet transport Germany to Dubai,ROUTE,mixed,yes,consideration,16,estimated,high,foufoufly.com; iss-relocations.com; carrymypet.ae; relopet.com; ferndalekennels.com; flymypet.com; crownrelo.com,How long from Germany to Dubai; cost; which airlines,route-germany-inbound,
bring cat from Germany to Dubai,ROUTE,mixed,yes,consideration,16,estimated,high,foufoufly.com; iss-relocations.com; carrymypet.ae; relopet.com; ferndalekennels.com; flymypet.com; crownrelo.com,How long from Germany to Dubai; cost; which airlines,route-germany-inbound,
pet relocation Germany to UAE,ROUTE,mixed,yes,consideration,16,estimated,high,foufoufly.com; iss-relocations.com; carrymypet.ae; relopet.com; ferndalekennels.com; flymypet.com; crownrelo.com,How long from Germany to Dubai; cost; which airlines,route-germany-inbound,
pet relocation Dubai to Germany,ROUTE,mixed,yes,consideration,40,estimated,high,foufoufly.com; iss-relocations.com; carrymypet.ae; relopet.com; ferndalekennels.com; flymypet.com; crownrelo.com,Cost Dubai to Germany; quarantine; documents,route-germany-outbound,
moving dog from Dubai to Germany,ROUTE,mixed,yes,consideration,20,estimated,high,foufoufly.com; iss-relocations.com; carrymypet.ae; relopet.com; ferndalekennels.com; flymypet.com; crownrelo.com,Cost Dubai to Germany; quarantine; documents,route-germany-outbound,
pet export Dubai to Germany,ROUTE,mixed,yes,consideration,13,estimated,high,foufoufly.com; iss-relocations.com; carrymypet.ae; relopet.com; ferndalekennels.com; flymypet.com; crownrelo.com,Cost Dubai to Germany; quarantine; documents,route-germany-outbound,
pet relocation France to Dubai,ROUTE,mixed,yes,consideration,40,estimated,high,foufoufly.com; iss-relocations.com; carrymypet.ae; relopet.com; ferndalekennels.com; flymypet.com; crownrelo.com,How long from France to Dubai; cost; which airlines,route-france-inbound,
moving dog from France to Dubai,ROUTE,mixed,yes,consideration,20,estimated,high,foufoufly.com; iss-relocations.com; carrymypet.ae; relopet.com; ferndalekennels.com; flymypet.com; crownrelo.com,How long from France to Dubai; cost; which airlines,route-france-inbound,
pet transport France to Dubai,ROUTE,mixed,yes,consideration,13,estimated,high,foufoufly.com; iss-relocations.com; carrymypet.ae; relopet.com; ferndalekennels.com; flymypet.com; crownrelo.com,How long from France to Dubai; cost; which airlines,route-france-inbound,
bring cat from France to Dubai,ROUTE,mixed,yes,consideration,13,estimated,high,foufoufly.com; iss-relocations.com; carrymypet.ae; relopet.com; ferndalekennels.com; flymypet.com; crownrelo.com,How long from France to Dubai; cost; which airlines,route-france-inbound,
pet relocation France to UAE,ROUTE,mixed,yes,consideration,13,estimated,high,foufoufly.com; iss-relocations.com; carrymypet.ae; relopet.com; ferndalekennels.com; flymypet.com; crownrelo.com,How long from France to Dubai; cost; which airlines,route-france-inbound,
pet relocation Dubai to France,ROUTE,mixed,yes,consideration,40,estimated,high,foufoufly.com; iss-relocations.com; carrymypet.ae; relopet.com; ferndalekennels.com; flymypet.com; crownrelo.com,Cost Dubai to France; quarantine; documents,route-france-outbound,
moving dog from Dubai to France,ROUTE,mixed,yes,consideration,20,estimated,high,foufoufly.com; iss-relocations.com; carrymypet.ae; relopet.com; ferndalekennels.com; flymypet.com; crownrelo.com,Cost Dubai to France; quarantine; documents,route-france-outbound,
pet export Dubai to France,ROUTE,mixed,yes,consideration,13,estimated,high,foufoufly.com; iss-relocations.com; carrymypet.ae; relopet.com; ferndalekennels.com; flymypet.com; crownrelo.com,Cost Dubai to France; quarantine; documents,route-france-outbound,
pet relocation Netherlands to Dubai,ROUTE,mixed,yes,consideration,30,estimated,high,foufoufly.com; iss-relocations.com; carrymypet.ae; relopet.com; ferndalekennels.com; flymypet.com; crownrelo.com,How long from Netherlands to Dubai; cost; which airlines,route-netherlands-inbound,
moving dog from Netherlands to Dubai,ROUTE,mixed,yes,consideration,15,estimated,high,foufoufly.com; iss-relocations.com; carrymypet.ae; relopet.com; ferndalekennels.com; flymypet.com; crownrelo.com,How long from Netherlands to Dubai; cost; which airlines,route-netherlands-inbound,
pet transport Netherlands to Dubai,ROUTE,mixed,yes,consideration,10,estimated,high,foufoufly.com; iss-relocations.com; carrymypet.ae; relopet.com; ferndalekennels.com; flymypet.com; crownrelo.com,How long from Netherlands to Dubai; cost; which airlines,route-netherlands-inbound,
pet relocation Netherlands to UAE,ROUTE,mixed,yes,consideration,10,estimated,high,foufoufly.com; iss-relocations.com; carrymypet.ae; relopet.com; ferndalekennels.com; flymypet.com; crownrelo.com,How long from Netherlands to Dubai; cost; which airlines,route-netherlands-inbound,
pet relocation Dubai to Netherlands,ROUTE,mixed,yes,consideration,20,estimated,high,foufoufly.com; iss-relocations.com; carrymypet.ae; relopet.com; ferndalekennels.com; flymypet.com; crownrelo.com,Cost Dubai to Netherlands; quarantine; documents,route-netherlands-outbound,
moving dog from Dubai to Netherlands,ROUTE,mixed,yes,consideration,10,estimated,high,foufoufly.com; iss-relocations.com; carrymypet.ae; relopet.com; ferndalekennels.com; flymypet.com; crownrelo.com,Cost Dubai to Netherlands; quarantine; documents,route-netherlands-outbound,
pet export Dubai to Netherlands,ROUTE,mixed,yes,consideration,6,estimated,high,foufoufly.com; iss-relocations.com; carrymypet.ae; relopet.com; ferndalekennels.com; flymypet.com; crownrelo.com,Cost Dubai to Netherlands; quarantine; documents,route-netherlands-outbound,
pet relocation Spain to Dubai,ROUTE,mixed,yes,consideration,30,estimated,high,foufoufly.com; iss-relocations.com; carrymypet.ae; relopet.com; ferndalekennels.com; flymypet.com; crownrelo.com,How long from Spain to Dubai; cost; which airlines,route-spain-inbound,
moving dog from Spain to Dubai,ROUTE,mixed,yes,consideration,15,estimated,high,foufoufly.com; iss-relocations.com; carrymypet.ae; relopet.com; ferndalekennels.com; flymypet.com; crownrelo.com,How long from Spain to Dubai; cost; which airlines,route-spain-inbound,
pet transport Spain to Dubai,ROUTE,mixed,yes,consideration,10,estimated,high,foufoufly.com; iss-relocations.com; carrymypet.ae; relopet.com; ferndalekennels.com; flymypet.com; crownrelo.com,How long from Spain to Dubai; cost; which airlines,route-spain-inbound,
pet relocation Spain to UAE,ROUTE,mixed,yes,consideration,10,estimated,high,foufoufly.com; iss-relocations.com; carrymypet.ae; relopet.com; ferndalekennels.com; flymypet.com; crownrelo.com,How long from Spain to Dubai; cost; which airlines,route-spain-inbound,
pet relocation Dubai to Spain,ROUTE,mixed,yes,consideration,20,estimated,high,foufoufly.com; iss-relocations.com; carrymypet.ae; relopet.com; ferndalekennels.com; flymypet.com; crownrelo.com,Cost Dubai to Spain; quarantine; documents,route-spain-outbound,
moving dog from Dubai to Spain,ROUTE,mixed,yes,consideration,10,estimated,high,foufoufly.com; iss-relocations.com; carrymypet.ae; relopet.com; ferndalekennels.com; flymypet.com; crownrelo.com,Cost Dubai to Spain; quarantine; documents,route-spain-outbound,
pet export Dubai to Spain,ROUTE,mixed,yes,consideration,6,estimated,high,foufoufly.com; iss-relocations.com; carrymypet.ae; relopet.com; ferndalekennels.com; flymypet.com; crownrelo.com,Cost Dubai to Spain; quarantine; documents,route-spain-outbound,
pet relocation Italy to Dubai,ROUTE,mixed,yes,consideration,20,estimated,high,foufoufly.com; iss-relocations.com; carrymypet.ae; relopet.com; ferndalekennels.com; flymypet.com; crownrelo.com,How long from Italy to Dubai; cost; which airlines,route-italy-inbound,
moving dog from Italy to Dubai,ROUTE,mixed,yes,consideration,10,estimated,high,foufoufly.com; iss-relocations.com; carrymypet.ae; relopet.com; ferndalekennels.com; flymypet.com; crownrelo.com,How long from Italy to Dubai; cost; which airlines,route-italy-inbound,
pet transport Italy to Dubai,ROUTE,mixed,yes,consideration,6,estimated,high,foufoufly.com; iss-relocations.com; carrymypet.ae; relopet.com; ferndalekennels.com; flymypet.com; crownrelo.com,How long from Italy to Dubai; cost; which airlines,route-italy-inbound,
pet relocation Italy to UAE,ROUTE,mixed,yes,consideration,6,estimated,high,foufoufly.com; iss-relocations.com; carrymypet.ae; relopet.com; ferndalekennels.com; flymypet.com; crownrelo.com,How long from Italy to Dubai; cost; which airlines,route-italy-inbound,
pet relocation Dubai to Italy,ROUTE,mixed,yes,consideration,20,estimated,high,foufoufly.com; iss-relocations.com; carrymypet.ae; relopet.com; ferndalekennels.com; flymypet.com; crownrelo.com,Cost Dubai to Italy; quarantine; documents,route-italy-outbound,
moving dog from Dubai to Italy,ROUTE,mixed,yes,consideration,10,estimated,high,foufoufly.com; iss-relocations.com; carrymypet.ae; relopet.com; ferndalekennels.com; flymypet.com; crownrelo.com,Cost Dubai to Italy; quarantine; documents,route-italy-outbound,
pet export Dubai to Italy,ROUTE,mixed,yes,consideration,6,estimated,high,foufoufly.com; iss-relocations.com; carrymypet.ae; relopet.com; ferndalekennels.com; flymypet.com; crownrelo.com,Cost Dubai to Italy; quarantine; documents,route-italy-outbound,
pet relocation Ireland to Dubai,ROUTE,mixed,yes,consideration,20,estimated,high,flymypet.com; foufoufly.com; petairuk.com,How long from Ireland to Dubai; cost; which airlines,route-ireland-inbound,
moving dog from Ireland to Dubai,ROUTE,mixed,yes,consideration,10,estimated,high,flymypet.com; foufoufly.com; petairuk.com,How long from Ireland to Dubai; cost; which airlines,route-ireland-inbound,
pet transport Ireland to Dubai,ROUTE,mixed,yes,consideration,6,estimated,high,flymypet.com; foufoufly.com; petairuk.com,How long from Ireland to Dubai; cost; which airlines,route-ireland-inbound,
pet relocation Ireland to UAE,ROUTE,mixed,yes,consideration,6,estimated,high,flymypet.com; foufoufly.com; petairuk.com,How long from Ireland to Dubai; cost; which airlines,route-ireland-inbound,
pet relocation Dubai to Ireland,ROUTE,mixed,yes,consideration,20,estimated,high,flymypet.com; foufoufly.com; petairuk.com,Cost Dubai to Ireland; quarantine; documents,route-ireland-outbound,
moving dog from Dubai to Ireland,ROUTE,mixed,yes,consideration,10,estimated,high,flymypet.com; foufoufly.com; petairuk.com,Cost Dubai to Ireland; quarantine; documents,route-ireland-outbound,
pet export Dubai to Ireland,ROUTE,mixed,yes,consideration,6,estimated,high,flymypet.com; foufoufly.com; petairuk.com,Cost Dubai to Ireland; quarantine; documents,route-ireland-outbound,
pet relocation Singapore to Dubai,ROUTE,mixed,yes,consideration,30,estimated,high,petmovers.com; petrelocationdubai.com; foufoufly.com; iss-relocations.com,How long from Singapore to Dubai; cost; which airlines,route-singapore-inbound,
moving dog from Singapore to Dubai,ROUTE,mixed,yes,consideration,15,estimated,high,petmovers.com; petrelocationdubai.com; foufoufly.com; iss-relocations.com,How long from Singapore to Dubai; cost; which airlines,route-singapore-inbound,
pet transport Singapore to Dubai,ROUTE,mixed,yes,consideration,10,estimated,high,petmovers.com; petrelocationdubai.com; foufoufly.com; iss-relocations.com,How long from Singapore to Dubai; cost; which airlines,route-singapore-inbound,
bring cat from Singapore to Dubai,ROUTE,mixed,yes,consideration,10,estimated,high,petmovers.com; petrelocationdubai.com; foufoufly.com; iss-relocations.com,How long from Singapore to Dubai; cost; which airlines,route-singapore-inbound,
pet relocation Singapore to UAE,ROUTE,mixed,yes,consideration,10,estimated,high,petmovers.com; petrelocationdubai.com; foufoufly.com; iss-relocations.com,How long from Singapore to Dubai; cost; which airlines,route-singapore-inbound,
pet relocation Dubai to Singapore,ROUTE,mixed,yes,consideration,30,estimated,high,petmovers.com; petrelocationdubai.com; foufoufly.com; iss-relocations.com,Cost Dubai to Singapore; quarantine; documents,route-singapore-outbound,
moving dog from Dubai to Singapore,ROUTE,mixed,yes,consideration,15,estimated,high,petmovers.com; petrelocationdubai.com; foufoufly.com; iss-relocations.com,Cost Dubai to Singapore; quarantine; documents,route-singapore-outbound,
pet export Dubai to Singapore,ROUTE,mixed,yes,consideration,10,estimated,high,petmovers.com; petrelocationdubai.com; foufoufly.com; iss-relocations.com,Cost Dubai to Singapore; quarantine; documents,route-singapore-outbound,
pet relocation Saudi Arabia to Dubai,ROUTE,mixed,yes,consideration,40,estimated,high,qatarairways.com; pettravel.com; petairuk.com; parkviewpetcenter.com; iss-relocations.com; 6thmove.com; chooseandmoves.com,How long from Saudi Arabia to Dubai; cost; which airlines,route-ksa-inbound,
moving dog from Saudi Arabia to Dubai,ROUTE,mixed,yes,consideration,20,estimated,high,qatarairways.com; pettravel.com; petairuk.com; parkviewpetcenter.com; iss-relocations.com; 6thmove.com; chooseandmoves.com,How long from Saudi Arabia to Dubai; cost; which airlines,route-ksa-inbound,
pet transport Saudi Arabia to Dubai,ROUTE,mixed,yes,consideration,13,estimated,high,qatarairways.com; pettravel.com; petairuk.com; parkviewpetcenter.com; iss-relocations.com; 6thmove.com; chooseandmoves.com,How long from Saudi Arabia to Dubai; cost; which airlines,route-ksa-inbound,
bring cat from Saudi Arabia to Dubai,ROUTE,mixed,yes,consideration,13,estimated,high,qatarairways.com; pettravel.com; petairuk.com; parkviewpetcenter.com; iss-relocations.com; 6thmove.com; chooseandmoves.com,How long from Saudi Arabia to Dubai; cost; which airlines,route-ksa-inbound,
pet relocation Saudi Arabia to UAE,ROUTE,mixed,yes,consideration,13,estimated,high,qatarairways.com; pettravel.com; petairuk.com; parkviewpetcenter.com; iss-relocations.com; 6thmove.com; chooseandmoves.com,How long from Saudi Arabia to Dubai; cost; which airlines,route-ksa-inbound,
pet relocation Dubai to Saudi Arabia,ROUTE,mixed,yes,consideration,50,estimated,high,qatarairways.com; pettravel.com; petairuk.com; parkviewpetcenter.com; iss-relocations.com; 6thmove.com; chooseandmoves.com,Cost Dubai to Saudi Arabia; quarantine; documents,route-ksa-outbound,
moving dog from Dubai to Saudi Arabia,ROUTE,mixed,yes,consideration,25,estimated,high,qatarairways.com; pettravel.com; petairuk.com; parkviewpetcenter.com; iss-relocations.com; 6thmove.com; chooseandmoves.com,Cost Dubai to Saudi Arabia; quarantine; documents,route-ksa-outbound,
pet export Dubai to Saudi Arabia,ROUTE,mixed,yes,consideration,16,estimated,high,qatarairways.com; pettravel.com; petairuk.com; parkviewpetcenter.com; iss-relocations.com; 6thmove.com; chooseandmoves.com,Cost Dubai to Saudi Arabia; quarantine; documents,route-ksa-outbound,
pet relocation Riyadh to Dubai,ROUTE,mixed,yes,consideration,20,estimated,high,qatarairways.com; pettravel.com; petairuk.com; parkviewpetcenter.com; iss-relocations.com; 6thmove.com; chooseandmoves.com,How long from Riyadh to Dubai; cost; which airlines,route-ksa-inbound,
moving dog from Riyadh to Dubai,ROUTE,mixed,yes,consideration,10,estimated,high,qatarairways.com; pettravel.com; petairuk.com; parkviewpetcenter.com; iss-relocations.com; 6thmove.com; chooseandmoves.com,How long from Riyadh to Dubai; cost; which airlines,route-ksa-inbound,
pet transport Riyadh to Dubai,ROUTE,mixed,yes,consideration,6,estimated,high,qatarairways.com; pettravel.com; petairuk.com; parkviewpetcenter.com; iss-relocations.com; 6thmove.com; chooseandmoves.com,How long from Riyadh to Dubai; cost; which airlines,route-ksa-inbound,
pet relocation Riyadh to UAE,ROUTE,mixed,yes,consideration,6,estimated,high,qatarairways.com; pettravel.com; petairuk.com; parkviewpetcenter.com; iss-relocations.com; 6thmove.com; chooseandmoves.com,How long from Riyadh to Dubai; cost; which airlines,route-ksa-inbound,
pet relocation Dubai to Riyadh,ROUTE,mixed,yes,consideration,20,estimated,high,qatarairways.com; pettravel.com; petairuk.com; parkviewpetcenter.com; iss-relocations.com; 6thmove.com; chooseandmoves.com,Cost Dubai to Riyadh; quarantine; documents,route-ksa-outbound,
moving dog from Dubai to Riyadh,ROUTE,mixed,yes,consideration,10,estimated,high,qatarairways.com; pettravel.com; petairuk.com; parkviewpetcenter.com; iss-relocations.com; 6thmove.com; chooseandmoves.com,Cost Dubai to Riyadh; quarantine; documents,route-ksa-outbound,
pet export Dubai to Riyadh,ROUTE,mixed,yes,consideration,6,estimated,high,qatarairways.com; pettravel.com; petairuk.com; parkviewpetcenter.com; iss-relocations.com; 6thmove.com; chooseandmoves.com,Cost Dubai to Riyadh; quarantine; documents,route-ksa-outbound,
pet relocation Qatar to Dubai,ROUTE,mixed,yes,consideration,30,estimated,high,qatarairways.com; pettravel.com; petairuk.com; parkviewpetcenter.com; iss-relocations.com; 6thmove.com; chooseandmoves.com,How long from Qatar to Dubai; cost; which airlines,route-qatar-inbound,
moving dog from Qatar to Dubai,ROUTE,mixed,yes,consideration,15,estimated,high,qatarairways.com; pettravel.com; petairuk.com; parkviewpetcenter.com; iss-relocations.com; 6thmove.com; chooseandmoves.com,How long from Qatar to Dubai; cost; which airlines,route-qatar-inbound,
pet transport Qatar to Dubai,ROUTE,mixed,yes,consideration,10,estimated,high,qatarairways.com; pettravel.com; petairuk.com; parkviewpetcenter.com; iss-relocations.com; 6thmove.com; chooseandmoves.com,How long from Qatar to Dubai; cost; which airlines,route-qatar-inbound,
bring cat from Qatar to Dubai,ROUTE,mixed,yes,consideration,10,estimated,high,qatarairways.com; pettravel.com; petairuk.com; parkviewpetcenter.com; iss-relocations.com; 6thmove.com; chooseandmoves.com,How long from Qatar to Dubai; cost; which airlines,route-qatar-inbound,
pet relocation Qatar to UAE,ROUTE,mixed,yes,consideration,10,estimated,high,qatarairways.com; pettravel.com; petairuk.com; parkviewpetcenter.com; iss-relocations.com; 6thmove.com; chooseandmoves.com,How long from Qatar to Dubai; cost; which airlines,route-qatar-inbound,
pet relocation Dubai to Qatar,ROUTE,mixed,yes,consideration,40,estimated,high,qatarairways.com; pettravel.com; petairuk.com; parkviewpetcenter.com; iss-relocations.com; 6thmove.com; chooseandmoves.com,Cost Dubai to Qatar; quarantine; documents,route-qatar-outbound,
moving dog from Dubai to Qatar,ROUTE,mixed,yes,consideration,20,estimated,high,qatarairways.com; pettravel.com; petairuk.com; parkviewpetcenter.com; iss-relocations.com; 6thmove.com; chooseandmoves.com,Cost Dubai to Qatar; quarantine; documents,route-qatar-outbound,
pet export Dubai to Qatar,ROUTE,mixed,yes,consideration,13,estimated,high,qatarairways.com; pettravel.com; petairuk.com; parkviewpetcenter.com; iss-relocations.com; 6thmove.com; chooseandmoves.com,Cost Dubai to Qatar; quarantine; documents,route-qatar-outbound,
pet relocation Oman to Dubai,ROUTE,mixed,yes,consideration,20,estimated,high,qatarairways.com; pettravel.com; petairuk.com; parkviewpetcenter.com; iss-relocations.com; 6thmove.com; chooseandmoves.com,How long from Oman to Dubai; cost; which airlines,route-oman-inbound,
moving dog from Oman to Dubai,ROUTE,mixed,yes,consideration,10,estimated,high,qatarairways.com; pettravel.com; petairuk.com; parkviewpetcenter.com; iss-relocations.com; 6thmove.com; chooseandmoves.com,How long from Oman to Dubai; cost; which airlines,route-oman-inbound,
pet transport Oman to Dubai,ROUTE,mixed,yes,consideration,6,estimated,high,qatarairways.com; pettravel.com; petairuk.com; parkviewpetcenter.com; iss-relocations.com; 6thmove.com; chooseandmoves.com,How long from Oman to Dubai; cost; which airlines,route-oman-inbound,
pet relocation Oman to UAE,ROUTE,mixed,yes,consideration,6,estimated,high,qatarairways.com; pettravel.com; petairuk.com; parkviewpetcenter.com; iss-relocations.com; 6thmove.com; chooseandmoves.com,How long from Oman to Dubai; cost; which airlines,route-oman-inbound,
pet relocation Dubai to Oman,ROUTE,mixed,yes,consideration,30,estimated,high,qatarairways.com; pettravel.com; petairuk.com; parkviewpetcenter.com; iss-relocations.com; 6thmove.com; chooseandmoves.com,Cost Dubai to Oman; quarantine; documents,route-oman-outbound,
moving dog from Dubai to Oman,ROUTE,mixed,yes,consideration,15,estimated,high,qatarairways.com; pettravel.com; petairuk.com; parkviewpetcenter.com; iss-relocations.com; 6thmove.com; chooseandmoves.com,Cost Dubai to Oman; quarantine; documents,route-oman-outbound,
pet export Dubai to Oman,ROUTE,mixed,yes,consideration,10,estimated,high,qatarairways.com; pettravel.com; petairuk.com; parkviewpetcenter.com; iss-relocations.com; 6thmove.com; chooseandmoves.com,Cost Dubai to Oman; quarantine; documents,route-oman-outbound,
pet relocation Bahrain to Dubai,ROUTE,mixed,yes,consideration,20,estimated,high,qatarairways.com; pettravel.com; petairuk.com; parkviewpetcenter.com; iss-relocations.com; 6thmove.com; chooseandmoves.com,How long from Bahrain to Dubai; cost; which airlines,route-bahrain-inbound,
moving dog from Bahrain to Dubai,ROUTE,mixed,yes,consideration,10,estimated,high,qatarairways.com; pettravel.com; petairuk.com; parkviewpetcenter.com; iss-relocations.com; 6thmove.com; chooseandmoves.com,How long from Bahrain to Dubai; cost; which airlines,route-bahrain-inbound,
pet transport Bahrain to Dubai,ROUTE,mixed,yes,consideration,6,estimated,high,qatarairways.com; pettravel.com; petairuk.com; parkviewpetcenter.com; iss-relocations.com; 6thmove.com; chooseandmoves.com,How long from Bahrain to Dubai; cost; which airlines,route-bahrain-inbound,
pet relocation Bahrain to UAE,ROUTE,mixed,yes,consideration,6,estimated,high,qatarairways.com; pettravel.com; petairuk.com; parkviewpetcenter.com; iss-relocations.com; 6thmove.com; chooseandmoves.com,How long from Bahrain to Dubai; cost; which airlines,route-bahrain-inbound,
pet relocation Dubai to Bahrain,ROUTE,mixed,yes,consideration,20,estimated,high,qatarairways.com; pettravel.com; petairuk.com; parkviewpetcenter.com; iss-relocations.com; 6thmove.com; chooseandmoves.com,Cost Dubai to Bahrain; quarantine; documents,route-bahrain-outbound,
moving dog from Dubai to Bahrain,ROUTE,mixed,yes,consideration,10,estimated,high,qatarairways.com; pettravel.com; petairuk.com; parkviewpetcenter.com; iss-relocations.com; 6thmove.com; chooseandmoves.com,Cost Dubai to Bahrain; quarantine; documents,route-bahrain-outbound,
pet export Dubai to Bahrain,ROUTE,mixed,yes,consideration,6,estimated,high,qatarairways.com; pettravel.com; petairuk.com; parkviewpetcenter.com; iss-relocations.com; 6thmove.com; chooseandmoves.com,Cost Dubai to Bahrain; quarantine; documents,route-bahrain-outbound,
pet relocation Kuwait to Dubai,ROUTE,mixed,yes,consideration,20,estimated,high,qatarairways.com; pettravel.com; petairuk.com; parkviewpetcenter.com; iss-relocations.com; 6thmove.com; chooseandmoves.com,How long from Kuwait to Dubai; cost; which airlines,route-kuwait-inbound,
moving dog from Kuwait to Dubai,ROUTE,mixed,yes,consideration,10,estimated,high,qatarairways.com; pettravel.com; petairuk.com; parkviewpetcenter.com; iss-relocations.com; 6thmove.com; chooseandmoves.com,How long from Kuwait to Dubai; cost; which airlines,route-kuwait-inbound,
pet transport Kuwait to Dubai,ROUTE,mixed,yes,consideration,6,estimated,high,qatarairways.com; pettravel.com; petairuk.com; parkviewpetcenter.com; iss-relocations.com; 6thmove.com; chooseandmoves.com,How long from Kuwait to Dubai; cost; which airlines,route-kuwait-inbound,
pet relocation Kuwait to UAE,ROUTE,mixed,yes,consideration,6,estimated,high,qatarairways.com; pettravel.com; petairuk.com; parkviewpetcenter.com; iss-relocations.com; 6thmove.com; chooseandmoves.com,How long from Kuwait to Dubai; cost; which airlines,route-kuwait-inbound,
pet relocation Dubai to Kuwait,ROUTE,mixed,yes,consideration,20,estimated,high,qatarairways.com; pettravel.com; petairuk.com; parkviewpetcenter.com; iss-relocations.com; 6thmove.com; chooseandmoves.com,Cost Dubai to Kuwait; quarantine; documents,route-kuwait-outbound,
moving dog from Dubai to Kuwait,ROUTE,mixed,yes,consideration,10,estimated,high,qatarairways.com; pettravel.com; petairuk.com; parkviewpetcenter.com; iss-relocations.com; 6thmove.com; chooseandmoves.com,Cost Dubai to Kuwait; quarantine; documents,route-kuwait-outbound,
pet export Dubai to Kuwait,ROUTE,mixed,yes,consideration,6,estimated,high,qatarairways.com; pettravel.com; petairuk.com; parkviewpetcenter.com; iss-relocations.com; 6thmove.com; chooseandmoves.com,Cost Dubai to Kuwait; quarantine; documents,route-kuwait-outbound,
pet relocation New Zealand to Dubai,ROUTE,mixed,yes,consideration,20,estimated,high,jetpets.com.au; foufoufly.com,How long from New Zealand to Dubai; cost; which airlines,route-nz-inbound,
moving dog from New Zealand to Dubai,ROUTE,mixed,yes,consideration,10,estimated,high,jetpets.com.au; foufoufly.com,How long from New Zealand to Dubai; cost; which airlines,route-nz-inbound,
pet transport New Zealand to Dubai,ROUTE,mixed,yes,consideration,6,estimated,high,jetpets.com.au; foufoufly.com,How long from New Zealand to Dubai; cost; which airlines,route-nz-inbound,
pet relocation New Zealand to UAE,ROUTE,mixed,yes,consideration,6,estimated,high,jetpets.com.au; foufoufly.com,How long from New Zealand to Dubai; cost; which airlines,route-nz-inbound,
pet relocation Dubai to New Zealand,ROUTE,mixed,yes,consideration,30,estimated,high,jetpets.com.au; foufoufly.com,Cost Dubai to New Zealand; quarantine; documents,route-nz-outbound,
moving dog from Dubai to New Zealand,ROUTE,mixed,yes,consideration,15,estimated,high,jetpets.com.au; foufoufly.com,Cost Dubai to New Zealand; quarantine; documents,route-nz-outbound,
pet export Dubai to New Zealand,ROUTE,mixed,yes,consideration,10,estimated,high,jetpets.com.au; foufoufly.com,Cost Dubai to New Zealand; quarantine; documents,route-nz-outbound,
pet relocation Pakistan to Dubai,ROUTE,mixed,yes,consideration,30,estimated,high,iss-relocations.com; petmovers.in; foufoufly.com,How long from Pakistan to Dubai; cost; which airlines,route-pakistan-inbound,
moving dog from Pakistan to Dubai,ROUTE,mixed,yes,consideration,15,estimated,high,iss-relocations.com; petmovers.in; foufoufly.com,How long from Pakistan to Dubai; cost; which airlines,route-pakistan-inbound,
pet transport Pakistan to Dubai,ROUTE,mixed,yes,consideration,10,estimated,high,iss-relocations.com; petmovers.in; foufoufly.com,How long from Pakistan to Dubai; cost; which airlines,route-pakistan-inbound,
bring cat from Pakistan to Dubai,ROUTE,mixed,yes,consideration,10,estimated,high,iss-relocations.com; petmovers.in; foufoufly.com,How long from Pakistan to Dubai; cost; which airlines,route-pakistan-inbound,
pet relocation Pakistan to UAE,ROUTE,mixed,yes,consideration,10,estimated,high,iss-relocations.com; petmovers.in; foufoufly.com,How long from Pakistan to Dubai; cost; which airlines,route-pakistan-inbound,
pet relocation Dubai to Pakistan,ROUTE,mixed,yes,consideration,40,estimated,high,iss-relocations.com; petmovers.in; foufoufly.com,Cost Dubai to Pakistan; quarantine; documents,route-pakistan-outbound,
moving dog from Dubai to Pakistan,ROUTE,mixed,yes,consideration,20,estimated,high,iss-relocations.com; petmovers.in; foufoufly.com,Cost Dubai to Pakistan; quarantine; documents,route-pakistan-outbound,
pet export Dubai to Pakistan,ROUTE,mixed,yes,consideration,13,estimated,high,iss-relocations.com; petmovers.in; foufoufly.com,Cost Dubai to Pakistan; quarantine; documents,route-pakistan-outbound,
pet relocation Sri Lanka to Dubai,ROUTE,mixed,yes,consideration,20,estimated,high,iss-relocations.com; petmovers.in,How long from Sri Lanka to Dubai; cost; which airlines,route-srilanka-inbound,
moving dog from Sri Lanka to Dubai,ROUTE,mixed,yes,consideration,10,estimated,high,iss-relocations.com; petmovers.in,How long from Sri Lanka to Dubai; cost; which airlines,route-srilanka-inbound,
pet transport Sri Lanka to Dubai,ROUTE,mixed,yes,consideration,6,estimated,high,iss-relocations.com; petmovers.in,How long from Sri Lanka to Dubai; cost; which airlines,route-srilanka-inbound,
pet relocation Sri Lanka to UAE,ROUTE,mixed,yes,consideration,6,estimated,high,iss-relocations.com; petmovers.in,How long from Sri Lanka to Dubai; cost; which airlines,route-srilanka-inbound,
pet relocation Dubai to Sri Lanka,ROUTE,mixed,yes,consideration,20,estimated,high,iss-relocations.com; petmovers.in,Cost Dubai to Sri Lanka; quarantine; documents,route-srilanka-outbound,
moving dog from Dubai to Sri Lanka,ROUTE,mixed,yes,consideration,10,estimated,high,iss-relocations.com; petmovers.in,Cost Dubai to Sri Lanka; quarantine; documents,route-srilanka-outbound,
pet export Dubai to Sri Lanka,ROUTE,mixed,yes,consideration,6,estimated,high,iss-relocations.com; petmovers.in,Cost Dubai to Sri Lanka; quarantine; documents,route-srilanka-outbound,
pet relocation Turkey to Dubai,ROUTE,mixed,yes,consideration,30,estimated,high,ferndalekennels.com; foufoufly.com,How long from Turkey to Dubai; cost; which airlines,route-turkey-inbound,
moving dog from Turkey to Dubai,ROUTE,mixed,yes,consideration,15,estimated,high,ferndalekennels.com; foufoufly.com,How long from Turkey to Dubai; cost; which airlines,route-turkey-inbound,
pet transport Turkey to Dubai,ROUTE,mixed,yes,consideration,10,estimated,high,ferndalekennels.com; foufoufly.com,How long from Turkey to Dubai; cost; which airlines,route-turkey-inbound,
pet relocation Turkey to UAE,ROUTE,mixed,yes,consideration,10,estimated,high,ferndalekennels.com; foufoufly.com,How long from Turkey to Dubai; cost; which airlines,route-turkey-inbound,
pet relocation Dubai to Turkey,ROUTE,mixed,yes,consideration,30,estimated,high,ferndalekennels.com; foufoufly.com,Cost Dubai to Turkey; quarantine; documents,route-turkey-outbound,
moving dog from Dubai to Turkey,ROUTE,mixed,yes,consideration,15,estimated,high,ferndalekennels.com; foufoufly.com,Cost Dubai to Turkey; quarantine; documents,route-turkey-outbound,
pet export Dubai to Turkey,ROUTE,mixed,yes,consideration,10,estimated,high,ferndalekennels.com; foufoufly.com,Cost Dubai to Turkey; quarantine; documents,route-turkey-outbound,
pet relocation Europe to Dubai,ROUTE,mixed,yes,consideration,50,estimated,high,foufoufly.com; iss-relocations.com; carrymypet.ae; relopet.com; ferndalekennels.com; flymypet.com; crownrelo.com,How long from Europe to Dubai; cost; which airlines,route-europe-inbound,
moving dog from Europe to Dubai,ROUTE,mixed,yes,consideration,25,estimated,high,foufoufly.com; iss-relocations.com; carrymypet.ae; relopet.com; ferndalekennels.com; flymypet.com; crownrelo.com,How long from Europe to Dubai; cost; which airlines,route-europe-inbound,
pet transport Europe to Dubai,ROUTE,mixed,yes,consideration,16,estimated,high,foufoufly.com; iss-relocations.com; carrymypet.ae; relopet.com; ferndalekennels.com; flymypet.com; crownrelo.com,How long from Europe to Dubai; cost; which airlines,route-europe-inbound,
bring cat from Europe to Dubai,ROUTE,mixed,yes,consideration,16,estimated,high,foufoufly.com; iss-relocations.com; carrymypet.ae; relopet.com; ferndalekennels.com; flymypet.com; crownrelo.com,How long from Europe to Dubai; cost; which airlines,route-europe-inbound,
pet relocation Europe to UAE,ROUTE,mixed,yes,consideration,16,estimated,high,foufoufly.com; iss-relocations.com; carrymypet.ae; relopet.com; ferndalekennels.com; flymypet.com; crownrelo.com,How long from Europe to Dubai; cost; which airlines,route-europe-inbound,
pet relocation Dubai to Europe,ROUTE,mixed,yes,consideration,50,estimated,high,foufoufly.com; iss-relocations.com; carrymypet.ae; relopet.com; ferndalekennels.com; flymypet.com; crownrelo.com,Cost Dubai to Europe; quarantine; documents,route-europe-outbound,
moving dog from Dubai to Europe,ROUTE,mixed,yes,consideration,25,estimated,high,foufoufly.com; iss-relocations.com; carrymypet.ae; relopet.com; ferndalekennels.com; flymypet.com; crownrelo.com,Cost Dubai to Europe; quarantine; documents,route-europe-outbound,
pet export Dubai to Europe,ROUTE,mixed,yes,consideration,16,estimated,high,foufoufly.com; iss-relocations.com; carrymypet.ae; relopet.com; ferndalekennels.com; flymypet.com; crownrelo.com,Cost Dubai to Europe; quarantine; documents,route-europe-outbound,
pet relocation Egypt to Dubai,ROUTE,mixed,yes,consideration,20,estimated,high,iss-relocations.com; foufoufly.com,How long from Egypt to Dubai; cost; which airlines,route-egypt-inbound,
moving dog from Egypt to Dubai,ROUTE,mixed,yes,consideration,10,estimated,high,iss-relocations.com; foufoufly.com,How long from Egypt to Dubai; cost; which airlines,route-egypt-inbound,
pet transport Egypt to Dubai,ROUTE,mixed,yes,consideration,6,estimated,high,iss-relocations.com; foufoufly.com,How long from Egypt to Dubai; cost; which airlines,route-egypt-inbound,
pet relocation Egypt to UAE,ROUTE,mixed,yes,consideration,6,estimated,high,iss-relocations.com; foufoufly.com,How long from Egypt to Dubai; cost; which airlines,route-egypt-inbound,
pet relocation Dubai to Egypt,ROUTE,mixed,yes,consideration,20,estimated,high,iss-relocations.com; foufoufly.com,Cost Dubai to Egypt; quarantine; documents,route-egypt-outbound,
moving dog from Dubai to Egypt,ROUTE,mixed,yes,consideration,10,estimated,high,iss-relocations.com; foufoufly.com,Cost Dubai to Egypt; quarantine; documents,route-egypt-outbound,
pet export Dubai to Egypt,ROUTE,mixed,yes,consideration,6,estimated,high,iss-relocations.com; foufoufly.com,Cost Dubai to Egypt; quarantine; documents,route-egypt-outbound,
pet relocation Kenya to Dubai,ROUTE,mixed,yes,consideration,10,estimated,high,petairuk.com; foufoufly.com,How long from Kenya to Dubai; cost; which airlines,route-kenya-inbound,
moving dog from Kenya to Dubai,ROUTE,mixed,yes,consideration,5,estimated,high,petairuk.com; foufoufly.com,How long from Kenya to Dubai; cost; which airlines,route-kenya-inbound,
pet transport Kenya to Dubai,ROUTE,mixed,yes,consideration,5,estimated,high,petairuk.com; foufoufly.com,How long from Kenya to Dubai; cost; which airlines,route-kenya-inbound,
pet relocation Kenya to UAE,ROUTE,mixed,yes,consideration,5,estimated,high,petairuk.com; foufoufly.com,How long from Kenya to Dubai; cost; which airlines,route-kenya-inbound,
pet relocation Dubai to Kenya,ROUTE,mixed,yes,consideration,10,estimated,high,petairuk.com; foufoufly.com,Cost Dubai to Kenya; quarantine; documents,route-kenya-outbound,
moving dog from Dubai to Kenya,ROUTE,mixed,yes,consideration,5,estimated,high,petairuk.com; foufoufly.com,Cost Dubai to Kenya; quarantine; documents,route-kenya-outbound,
pet export Dubai to Kenya,ROUTE,mixed,yes,consideration,5,estimated,high,petairuk.com; foufoufly.com,Cost Dubai to Kenya; quarantine; documents,route-kenya-outbound,
pet relocation Russia to Dubai,ROUTE,mixed,yes,consideration,20,estimated,high,ferndalekennels.com; foufoufly.com,How long from Russia to Dubai; cost; which airlines,route-russia-inbound,
moving dog from Russia to Dubai,ROUTE,mixed,yes,consideration,10,estimated,high,ferndalekennels.com; foufoufly.com,How long from Russia to Dubai; cost; which airlines,route-russia-inbound,
pet transport Russia to Dubai,ROUTE,mixed,yes,consideration,6,estimated,high,ferndalekennels.com; foufoufly.com,How long from Russia to Dubai; cost; which airlines,route-russia-inbound,
pet relocation Russia to UAE,ROUTE,mixed,yes,consideration,6,estimated,high,ferndalekennels.com; foufoufly.com,How long from Russia to Dubai; cost; which airlines,route-russia-inbound,
pet relocation Dubai to Russia,ROUTE,mixed,yes,consideration,20,estimated,high,ferndalekennels.com; foufoufly.com,Cost Dubai to Russia; quarantine; documents,route-russia-outbound,
moving dog from Dubai to Russia,ROUTE,mixed,yes,consideration,10,estimated,high,ferndalekennels.com; foufoufly.com,Cost Dubai to Russia; quarantine; documents,route-russia-outbound,
pet export Dubai to Russia,ROUTE,mixed,yes,consideration,6,estimated,high,ferndalekennels.com; foufoufly.com,Cost Dubai to Russia; quarantine; documents,route-russia-outbound,
