Keyword,Primary URL,Page Type,Primary/Secondary,Search Volume,Intent,Funnel Stage,Cluster,Parent Hub,Existing/New,Current Rank,Target Rank,Cannibalization Risk,Related Keywords,Supporting Pages,Commercial Value,Priority Score,Status,Last Optimized,Next Review
pet flight options Dubai,https://dubai-pet-relocation.ae/guides/pet-flight-options-dubai/,guide,primary,40,informational,awareness,airline-comparison,/guides/,new,not tracked,Top 10,low: child airline guides (chooser only — no fee grids),fly pet to or from Dubai; cabin vs cargo vs charter UAE; pet travel modes Dubai,/guides/etihad-pet-policy/; /guides/emirates-pet-cargo/; /service/pet-relocation-dubai/,medium,68,assigned,2026-09-04,2026-12-03
pet relocation Dubai,https://dubai-pet-relocation.ae/service/pet-relocation-dubai/,service,primary,390,commercial,decision,core-money,/services/,existing,not tracked,Top 3,low: /service/pet-relocation-to-dubai/ + /service/international-pet-relocation/ (folds per ruling 11),pet relocation services Dubai; pet shipping Dubai; pet moving company Dubai; pet movers Dubai; pet relocation company Dubai,/service/pet-relocation-to-dubai/; /guides/pet-relocation-cost-dubai/; /service/pet-transport-dubai/,high,84,needs refresh,2026-07-02 (sitemap lastmod),2026-12-03
pet relocation services Dubai,https://dubai-pet-relocation.ae/service/pet-relocation-dubai/,service,primary,320,commercial,decision,core-money,/services/,existing,not tracked,Top 3,low: /service/pet-relocation-to-dubai/ + /service/international-pet-relocation/ (folds per ruling 11),pet relocation Dubai; pet shipping Dubai; pet moving company Dubai; pet movers Dubai; pet relocation company Dubai,/service/pet-relocation-to-dubai/; /guides/pet-relocation-cost-dubai/; /service/pet-transport-dubai/,high,83,needs refresh,2026-07-02 (sitemap lastmod),2026-12-03
pet shipping Dubai,https://dubai-pet-relocation.ae/service/pet-relocation-dubai/,service,secondary,10,commercial,decision,core-money,/services/,existing,not tracked,Top 20,low: /service/pet-relocation-to-dubai/ + /service/international-pet-relocation/ (folds per ruling 11),pet relocation Dubai; pet relocation services Dubai; pet moving company Dubai; pet movers Dubai; pet relocation company Dubai,/service/pet-relocation-to-dubai/; /guides/pet-relocation-cost-dubai/; /service/pet-transport-dubai/,high,70,assigned,2026-07-02 (sitemap lastmod),2026-12-03
pet transport Dubai,https://dubai-pet-relocation.ae/service/pet-transport-dubai/,service,secondary,30,commercial,decision,core-money,/services/,existing,not tracked,Top 20,none,pet transport services Dubai; pet taxi Dubai; pet transport Dubai to Abu Dhabi; pet taxi Dubai to Abu Dhabi; pet relocation between emirates,/dubai/; /cities/,high,85,needs refresh,2026-07-02 (sitemap lastmod),2026-12-03
international pet relocation Dubai,https://dubai-pet-relocation.ae/service/international-pet-relocation/,service,primary,260,commercial,decision,core-money,/services/,existing,not tracked,Top 10,"low: /service/pet-relocation-dubai/ (cargo fold, ruling 11)",pet cargo Dubai; international pet shipping Dubai; pet flight booking service Dubai; pet cargo booking Dubai; private jet pet travel Dubai,/service/pet-relocation-dubai/; /routes/,high,83,needs refresh,2026-07-02 (sitemap lastmod),2026-12-03
pet moving company Dubai,https://dubai-pet-relocation.ae/service/pet-relocation-dubai/,service,secondary,170,commercial,decision,core-money,/services/,existing,not tracked,Top 20,low: /service/pet-relocation-to-dubai/ + /service/international-pet-relocation/ (folds per ruling 11),pet relocation Dubai; pet relocation services Dubai; pet shipping Dubai; pet movers Dubai; pet relocation company Dubai,/service/pet-relocation-to-dubai/; /guides/pet-relocation-cost-dubai/; /service/pet-transport-dubai/,high,68,assigned,2026-07-02 (sitemap lastmod),2026-12-03
pet movers Dubai,https://dubai-pet-relocation.ae/service/pet-relocation-dubai/,service,secondary,10,commercial,decision,core-money,/services/,existing,not tracked,Top 20,low: /service/pet-relocation-to-dubai/ + /service/international-pet-relocation/ (folds per ruling 11),pet relocation Dubai; pet relocation services Dubai; pet shipping Dubai; pet moving company Dubai; pet relocation company Dubai,/service/pet-relocation-to-dubai/; /guides/pet-relocation-cost-dubai/; /service/pet-transport-dubai/,high,69,assigned,2026-07-02 (sitemap lastmod),2026-12-03
pet cargo Dubai,https://dubai-pet-relocation.ae/service/international-pet-relocation/,service,secondary,10,commercial,decision,core-money,/services/,existing,not tracked,Top 20,"low: /service/pet-relocation-dubai/ (cargo fold, ruling 11)",international pet relocation Dubai; international pet shipping Dubai; pet flight booking service Dubai; pet cargo booking Dubai; private jet pet travel Dubai,/service/pet-relocation-dubai/; /routes/,high,70,assigned,2026-07-02 (sitemap lastmod),2026-12-03
pet relocation UAE,https://dubai-pet-relocation.ae/cities/,hub,primary,50,commercial,decision,core-money,/,new,not tracked,Top 10,low: /cities/dubai/ (hub vs emirate page until merge),pet relocation services UAE; pet shipping UAE; pet relocation company UAE; pet transport Ras Al Khaimah; pet relocation Ras Al Khaimah,/dubai/; /cities/abu-dhabi/; /cities/sharjah/,high,86,to create,unknown,2026-12-03
pet relocation services UAE,https://dubai-pet-relocation.ae/cities/,hub,secondary,30,commercial,decision,core-money,/,new,not tracked,Top 10,low: /cities/dubai/ (hub vs emirate page until merge),pet relocation UAE; pet shipping UAE; pet relocation company UAE; pet transport Ras Al Khaimah; pet relocation Ras Al Khaimah,/dubai/; /cities/abu-dhabi/; /cities/sharjah/,high,74,to create,unknown,2026-12-03
pet relocation company Dubai,https://dubai-pet-relocation.ae/service/pet-relocation-dubai/,service,secondary,20,commercial,decision,core-money,/services/,existing,not tracked,Top 20,low: /service/pet-relocation-to-dubai/ + /service/international-pet-relocation/ (folds per ruling 11),pet relocation Dubai; pet relocation services Dubai; pet shipping Dubai; pet moving company Dubai; pet movers Dubai,/service/pet-relocation-to-dubai/; /guides/pet-relocation-cost-dubai/; /service/pet-transport-dubai/,high,68,assigned,2026-07-02 (sitemap lastmod),2026-12-03
best pet relocation company Dubai,https://dubai-pet-relocation.ae/guides/pet-relocation-companies-dubai/,guide,primary,90,commercial,decision,core-money,/guides/,new,not tracked,Top 10,none,IPATA pet shipper Dubai; licensed pet relocation company Dubai; pet relocation Dubai reviews; compare pet relocation companies Dubai; what is the best pet relocation company in Dubai,/service/pet-relocation-dubai/; /contact/,high,84,to create,unknown,2026-12-03
pet relocation agency Dubai,https://dubai-pet-relocation.ae/service/pet-relocation-dubai/,service,secondary,70,commercial,decision,core-money,/services/,existing,not tracked,Top 20,low: /service/pet-relocation-to-dubai/ + /service/international-pet-relocation/ (folds per ruling 11),pet relocation Dubai; pet relocation services Dubai; pet shipping Dubai; pet moving company Dubai; pet movers Dubai,/service/pet-relocation-to-dubai/; /guides/pet-relocation-cost-dubai/; /service/pet-transport-dubai/,high,66,assigned,2026-07-02 (sitemap lastmod),2026-12-03
pet travel agency Dubai,https://dubai-pet-relocation.ae/service/pet-relocation-dubai/,service,secondary,10,commercial,decision,core-money,/services/,existing,not tracked,Top 20,low: /service/pet-relocation-to-dubai/ + /service/international-pet-relocation/ (folds per ruling 11),pet relocation Dubai; pet relocation services Dubai; pet shipping Dubai; pet moving company Dubai; pet movers Dubai,/service/pet-relocation-to-dubai/; /guides/pet-relocation-cost-dubai/; /service/pet-transport-dubai/,high,67,assigned,2026-07-02 (sitemap lastmod),2026-12-03
pet shipping company Dubai,https://dubai-pet-relocation.ae/service/pet-relocation-dubai/,service,secondary,10,commercial,decision,core-money,/services/,existing,not tracked,Top 20,low: /service/pet-relocation-to-dubai/ + /service/international-pet-relocation/ (folds per ruling 11),pet relocation Dubai; pet relocation services Dubai; pet shipping Dubai; pet moving company Dubai; pet movers Dubai,/service/pet-relocation-to-dubai/; /guides/pet-relocation-cost-dubai/; /service/pet-transport-dubai/,high,67,assigned,2026-07-02 (sitemap lastmod),2026-12-03
pet transport services Dubai,https://dubai-pet-relocation.ae/service/pet-transport-dubai/,service,secondary,140,commercial,decision,core-money,/services/,existing,not tracked,Top 20,none,pet transport Dubai; pet taxi Dubai; pet transport Dubai to Abu Dhabi; pet taxi Dubai to Abu Dhabi; pet relocation between emirates,/dubai/; /cities/,high,70,assigned,2026-07-02 (sitemap lastmod),2026-12-03
door to door pet relocation Dubai,https://dubai-pet-relocation.ae/service/pet-relocation-dubai/,service,secondary,70,commercial,decision,core-money,/services/,existing,not tracked,Top 20,low: /service/pet-relocation-to-dubai/ + /service/international-pet-relocation/ (folds per ruling 11),pet relocation Dubai; pet relocation services Dubai; pet shipping Dubai; pet moving company Dubai; pet movers Dubai,/service/pet-relocation-to-dubai/; /guides/pet-relocation-cost-dubai/; /service/pet-transport-dubai/,high,66,assigned,2026-07-02 (sitemap lastmod),2026-12-03
pet export services Dubai,https://dubai-pet-relocation.ae/service/pet-export-dubai/,service,secondary,90,commercial,decision,core-money,/services/,existing,not tracked,Top 20,none,pet export Dubai; export dog from Dubai; export cat from Dubai; pet export UAE; fly my dog from Dubai,/guides/pet-export-from-dubai/; /service/pet-relocation-from-dubai/,high,69,assigned,2026-07-02 (sitemap lastmod),2026-12-03
pet import services Dubai,https://dubai-pet-relocation.ae/service/pet-import-dubai/,service,primary,70,commercial,decision,core-money,/services/,existing,not tracked,Top 10,medium: /guides/uae-pet-import-requirements/ (ruling 5; no duplicate rules tables),import dog to Dubai; import cat to Dubai; import pet to UAE; pet immigration Dubai; bulk pet transport UAE,/guides/uae-pet-import-requirements/; /service/moccae-pet-permit/,high,80,needs refresh,2026-07-02 (sitemap lastmod),2026-12-03
international pet shipping Dubai,https://dubai-pet-relocation.ae/service/international-pet-relocation/,service,secondary,90,commercial,decision,core-money,/services/,existing,not tracked,Top 20,"low: /service/pet-relocation-dubai/ (cargo fold, ruling 11)",international pet relocation Dubai; pet cargo Dubai; pet flight booking service Dubai; pet cargo booking Dubai; private jet pet travel Dubai,/service/pet-relocation-dubai/; /routes/,high,69,assigned,2026-07-02 (sitemap lastmod),2026-12-03
pet relocation specialist Dubai,https://dubai-pet-relocation.ae/service/pet-relocation-dubai/,service,secondary,40,commercial,decision,core-money,/services/,existing,not tracked,Top 20,low: /service/pet-relocation-to-dubai/ + /service/international-pet-relocation/ (folds per ruling 11),pet relocation Dubai; pet relocation services Dubai; pet shipping Dubai; pet moving company Dubai; pet movers Dubai,/service/pet-relocation-to-dubai/; /guides/pet-relocation-cost-dubai/; /service/pet-transport-dubai/,high,65,assigned,2026-07-02 (sitemap lastmod),2026-12-03
professional pet relocation Dubai,https://dubai-pet-relocation.ae/service/pet-relocation-dubai/,service,secondary,30,commercial,decision,core-money,/services/,existing,not tracked,Top 20,low: /service/pet-relocation-to-dubai/ + /service/international-pet-relocation/ (folds per ruling 11),pet relocation Dubai; pet relocation services Dubai; pet shipping Dubai; pet moving company Dubai; pet movers Dubai,/service/pet-relocation-to-dubai/; /guides/pet-relocation-cost-dubai/; /service/pet-transport-dubai/,high,65,assigned,2026-07-02 (sitemap lastmod),2026-12-03
pet relocation near me,https://dubai-pet-relocation.ae/dubai/,local-hub,secondary,210,commercial,decision,core-money,/,existing,not tracked,Top 20,high: /cities/dubai/ (brief: MERGE /cities/dubai/ into /dubai/ with 301),pet movers near me Dubai; pet transport near me,/cities/dubai/; /service/pet-transport-dubai/,high,67,assigned,2026-07-02 (sitemap lastmod),2026-12-03
pet movers near me Dubai,https://dubai-pet-relocation.ae/dubai/,local-hub,secondary,90,commercial,decision,core-money,/,existing,not tracked,Top 20,high: /cities/dubai/ (brief: MERGE /cities/dubai/ into /dubai/ with 301),pet relocation near me; pet transport near me,/cities/dubai/; /service/pet-transport-dubai/,high,65,assigned,2026-07-02 (sitemap lastmod),2026-12-03
pet transport near me,https://dubai-pet-relocation.ae/dubai/,local-hub,secondary,170,commercial,decision,core-money,/,existing,not tracked,Top 20,high: /cities/dubai/ (brief: MERGE /cities/dubai/ into /dubai/ with 301),pet relocation near me; pet movers near me Dubai,/cities/dubai/; /service/pet-transport-dubai/,medium,58,assigned,2026-07-02 (sitemap lastmod),2026-12-03
animal relocation Dubai,https://dubai-pet-relocation.ae/service/pet-relocation-dubai/,service,secondary,90,commercial,decision,core-money,/services/,existing,not tracked,Top 20,low: /service/pet-relocation-to-dubai/ + /service/international-pet-relocation/ (folds per ruling 11),pet relocation Dubai; pet relocation services Dubai; pet shipping Dubai; pet moving company Dubai; pet movers Dubai,/service/pet-relocation-to-dubai/; /guides/pet-relocation-cost-dubai/; /service/pet-transport-dubai/,medium,59,assigned,2026-07-02 (sitemap lastmod),2026-12-03
pet relocation Abu Dhabi,https://dubai-pet-relocation.ae/cities/abu-dhabi/,city,primary,50,commercial,decision,core-money-ad,/cities/,existing,not tracked,Top 3,none,pet movers Abu Dhabi; pet transport Abu Dhabi; moving to Abu Dhabi with pets; pet taxi Abu Dhabi; can I bring my pet to Abu Dhabi instead of Dubai,,high,84,needs refresh,2026-07-02 (sitemap lastmod),2026-12-03
pet relocation Sharjah,https://dubai-pet-relocation.ae/cities/sharjah/,city,primary,140,commercial,decision,core-money-shj,/cities/,new,not tracked,Top 10,none,,,high,85,to create,unknown,2026-12-03
pet movers Abu Dhabi,https://dubai-pet-relocation.ae/cities/abu-dhabi/,city,secondary,90,commercial,decision,core-money-ad,/cities/,existing,not tracked,Top 20,none,pet relocation Abu Dhabi; pet transport Abu Dhabi; moving to Abu Dhabi with pets; pet taxi Abu Dhabi; can I bring my pet to Abu Dhabi instead of Dubai,,high,70,assigned,2026-07-02 (sitemap lastmod),2026-12-03
pet transport Abu Dhabi,https://dubai-pet-relocation.ae/cities/abu-dhabi/,city,secondary,110,commercial,decision,core-money-ad,/cities/,existing,not tracked,Top 20,none,pet relocation Abu Dhabi; pet movers Abu Dhabi; moving to Abu Dhabi with pets; pet taxi Abu Dhabi; can I bring my pet to Abu Dhabi instead of Dubai,,high,70,assigned,2026-07-02 (sitemap lastmod),2026-12-03
pet shipping UAE,https://dubai-pet-relocation.ae/cities/,hub,secondary,90,commercial,decision,core-money,/,new,not tracked,Top 10,low: /cities/dubai/ (hub vs emirate page until merge),pet relocation UAE; pet relocation services UAE; pet relocation company UAE; pet transport Ras Al Khaimah; pet relocation Ras Al Khaimah,/dubai/; /cities/abu-dhabi/; /cities/sharjah/,high,72,to create,unknown,2026-12-03
pet relocation company UAE,https://dubai-pet-relocation.ae/cities/,hub,secondary,70,commercial,decision,core-money,/,new,not tracked,Top 10,low: /cities/dubai/ (hub vs emirate page until merge),pet relocation UAE; pet relocation services UAE; pet shipping UAE; pet transport Ras Al Khaimah; pet relocation Ras Al Khaimah,/dubai/; /cities/abu-dhabi/; /cities/sharjah/,high,71,to create,unknown,2026-12-03
IPATA pet shipper Dubai,https://dubai-pet-relocation.ae/guides/pet-relocation-companies-dubai/,guide,secondary,40,commercial,decision,core-money,/guides/,new,not tracked,Top 10,none,best pet relocation company Dubai; licensed pet relocation company Dubai; pet relocation Dubai reviews; compare pet relocation companies Dubai; what is the best pet relocation company in Dubai,/service/pet-relocation-dubai/; /contact/,high,71,to create,unknown,2026-12-03
licensed pet relocation company Dubai,https://dubai-pet-relocation.ae/guides/pet-relocation-companies-dubai/,guide,secondary,20,commercial,decision,core-money,/guides/,new,not tracked,Top 10,none,best pet relocation company Dubai; IPATA pet shipper Dubai; pet relocation Dubai reviews; compare pet relocation companies Dubai; what is the best pet relocation company in Dubai,/service/pet-relocation-dubai/; /contact/,high,70,to create,unknown,2026-12-03
pet relocation quote Dubai,https://dubai-pet-relocation.ae/service/pet-relocation-dubai/,service,secondary,50,commercial,decision,core-money,/services/,existing,not tracked,Top 20,low: /service/pet-relocation-to-dubai/ + /service/international-pet-relocation/ (folds per ruling 11),pet relocation Dubai; pet relocation services Dubai; pet shipping Dubai; pet moving company Dubai; pet movers Dubai,/service/pet-relocation-to-dubai/; /guides/pet-relocation-cost-dubai/; /service/pet-transport-dubai/,high,66,assigned,2026-07-02 (sitemap lastmod),2026-12-03
book pet relocation Dubai,https://dubai-pet-relocation.ae/service/pet-relocation-dubai/,service,secondary,20,commercial,decision,core-money,/services/,existing,not tracked,Top 20,low: /service/pet-relocation-to-dubai/ + /service/international-pet-relocation/ (folds per ruling 11),pet relocation Dubai; pet relocation services Dubai; pet shipping Dubai; pet moving company Dubai; pet movers Dubai,/service/pet-relocation-to-dubai/; /guides/pet-relocation-cost-dubai/; /service/pet-transport-dubai/,high,64,assigned,2026-07-02 (sitemap lastmod),2026-12-03
hire pet relocation company Dubai,https://dubai-pet-relocation.ae/service/pet-relocation-dubai/,service,secondary,10,commercial,decision,core-money,/services/,existing,not tracked,Top 20,low: /service/pet-relocation-to-dubai/ + /service/international-pet-relocation/ (folds per ruling 11),pet relocation Dubai; pet relocation services Dubai; pet shipping Dubai; pet moving company Dubai; pet movers Dubai,/service/pet-relocation-to-dubai/; /guides/pet-relocation-cost-dubai/; /service/pet-transport-dubai/,high,62,assigned,2026-07-02 (sitemap lastmod),2026-12-03
affordable pet relocation Dubai,https://dubai-pet-relocation.ae/service/pet-relocation-dubai/,service,secondary,50,commercial,decision,core-money,/services/,existing,not tracked,Top 20,low: /service/pet-relocation-to-dubai/ + /service/international-pet-relocation/ (folds per ruling 11),pet relocation Dubai; pet relocation services Dubai; pet shipping Dubai; pet moving company Dubai; pet movers Dubai,/service/pet-relocation-to-dubai/; /guides/pet-relocation-cost-dubai/; /service/pet-transport-dubai/,high,66,assigned,2026-07-02 (sitemap lastmod),2026-12-03
cheap pet shipping Dubai,https://dubai-pet-relocation.ae/service/pet-relocation-dubai/,service,secondary,40,commercial,decision,core-money,/services/,existing,not tracked,Top 20,low: /service/pet-relocation-to-dubai/ + /service/international-pet-relocation/ (folds per ruling 11),pet relocation Dubai; pet relocation services Dubai; pet shipping Dubai; pet moving company Dubai; pet movers Dubai,/service/pet-relocation-to-dubai/; /guides/pet-relocation-cost-dubai/; /service/pet-transport-dubai/,medium,57,assigned,2026-07-02 (sitemap lastmod),2026-12-03
pet relocation packages Dubai,https://dubai-pet-relocation.ae/service/pet-relocation-dubai/,service,secondary,20,commercial,decision,core-money,/services/,existing,not tracked,Top 20,low: /service/pet-relocation-to-dubai/ + /service/international-pet-relocation/ (folds per ruling 11),pet relocation Dubai; pet relocation services Dubai; pet shipping Dubai; pet moving company Dubai; pet movers Dubai,/service/pet-relocation-to-dubai/; /guides/pet-relocation-cost-dubai/; /service/pet-transport-dubai/,high,64,assigned,2026-07-02 (sitemap lastmod),2026-12-03
pet relocation consultation Dubai,https://dubai-pet-relocation.ae/service/pet-relocation-dubai/,service,secondary,10,commercial,decision,core-money,/services/,existing,not tracked,Top 20,low: /service/pet-relocation-to-dubai/ + /service/international-pet-relocation/ (folds per ruling 11),pet relocation Dubai; pet relocation services Dubai; pet shipping Dubai; pet moving company Dubai; pet movers Dubai,/service/pet-relocation-to-dubai/; /guides/pet-relocation-cost-dubai/; /service/pet-transport-dubai/,high,62,assigned,2026-07-02 (sitemap lastmod),2026-12-03
pet relocation WhatsApp Dubai,https://dubai-pet-relocation.ae/service/pet-relocation-dubai/,service,secondary,10,commercial,decision,core-money,/services/,existing,not tracked,Top 20,low: /service/pet-relocation-to-dubai/ + /service/international-pet-relocation/ (folds per ruling 11),pet relocation Dubai; pet relocation services Dubai; pet shipping Dubai; pet moving company Dubai; pet movers Dubai,/service/pet-relocation-to-dubai/; /guides/pet-relocation-cost-dubai/; /service/pet-transport-dubai/,high,62,assigned,2026-07-02 (sitemap lastmod),2026-12-03
pet relocation Dubai reviews,https://dubai-pet-relocation.ae/guides/pet-relocation-companies-dubai/,guide,secondary,40,commercial,decision,core-money,/guides/,new,not tracked,Top 10,none,best pet relocation company Dubai; IPATA pet shipper Dubai; licensed pet relocation company Dubai; compare pet relocation companies Dubai; what is the best pet relocation company in Dubai,/service/pet-relocation-dubai/; /contact/,medium,63,to create,unknown,2026-12-03
compare pet relocation companies Dubai,https://dubai-pet-relocation.ae/guides/pet-relocation-companies-dubai/,guide,secondary,10,commercial,decision,core-money,/guides/,new,not tracked,Top 10,none,best pet relocation company Dubai; IPATA pet shipper Dubai; licensed pet relocation company Dubai; pet relocation Dubai reviews; what is the best pet relocation company in Dubai,/service/pet-relocation-dubai/; /contact/,medium,60,to create,unknown,2026-12-03
pet flight booking service Dubai,https://dubai-pet-relocation.ae/service/international-pet-relocation/,service,secondary,20,commercial,decision,core-money,/services/,existing,not tracked,Top 20,"low: /service/pet-relocation-dubai/ (cargo fold, ruling 11)",international pet relocation Dubai; pet cargo Dubai; international pet shipping Dubai; pet cargo booking Dubai; private jet pet travel Dubai,/service/pet-relocation-dubai/; /routes/,high,66,assigned,2026-07-02 (sitemap lastmod),2026-12-03
pet cargo booking Dubai,https://dubai-pet-relocation.ae/service/international-pet-relocation/,service,secondary,20,commercial,decision,core-money,/services/,existing,not tracked,Top 20,"low: /service/pet-relocation-dubai/ (cargo fold, ruling 11)",international pet relocation Dubai; pet cargo Dubai; international pet shipping Dubai; pet flight booking service Dubai; private jet pet travel Dubai,/service/pet-relocation-dubai/; /routes/,high,66,assigned,2026-07-02 (sitemap lastmod),2026-12-03
pet relocation concierge Dubai,https://dubai-pet-relocation.ae/service/pet-relocation-dubai/,service,secondary,10,commercial,decision,core-money,/services/,existing,not tracked,Top 20,low: /service/pet-relocation-to-dubai/ + /service/international-pet-relocation/ (folds per ruling 11),pet relocation Dubai; pet relocation services Dubai; pet shipping Dubai; pet moving company Dubai; pet movers Dubai,/service/pet-relocation-to-dubai/; /guides/pet-relocation-cost-dubai/; /service/pet-transport-dubai/,high,62,assigned,2026-07-02 (sitemap lastmod),2026-12-03
pet nanny flight Dubai,https://dubai-pet-relocation.ae/service/pet-relocation-dubai/,service,secondary,40,commercial,decision,core-money,/services/,existing,not tracked,Top 20,low: /service/pet-relocation-to-dubai/ + /service/international-pet-relocation/ (folds per ruling 11),pet relocation Dubai; pet relocation services Dubai; pet shipping Dubai; pet moving company Dubai; pet movers Dubai,/service/pet-relocation-to-dubai/; /guides/pet-relocation-cost-dubai/; /service/pet-transport-dubai/,high,65,assigned,2026-07-02 (sitemap lastmod),2026-12-03
flight nanny UAE pet,https://dubai-pet-relocation.ae/service/pet-relocation-dubai/,service,secondary,20,commercial,decision,core-money,/services/,existing,not tracked,Top 20,low: /service/pet-relocation-to-dubai/ + /service/international-pet-relocation/ (folds per ruling 11),pet relocation Dubai; pet relocation services Dubai; pet shipping Dubai; pet moving company Dubai; pet movers Dubai,/service/pet-relocation-to-dubai/; /guides/pet-relocation-cost-dubai/; /service/pet-transport-dubai/,high,64,assigned,2026-07-02 (sitemap lastmod),2026-12-03
pet relocation to Dubai,https://dubai-pet-relocation.ae/service/pet-relocation-to-dubai/,service,primary,390,mixed,consideration,directional-inbound,/services/,existing,not tracked,Top 3,"low: /service/pet-relocation-dubai/ (directional vs money, ruling 2)",moving to Dubai with pets; moving to Dubai with a dog; moving to Dubai with a cat; bringing a dog to Dubai; bringing a cat to Dubai,/guides/uae-pet-import-requirements/; /guides/moccae-import-permit/; /service/pet-relocation-dubai/,high,79,needs refresh,2026-07-02 (sitemap lastmod),2026-12-03
moving to Dubai with pets,https://dubai-pet-relocation.ae/service/pet-relocation-to-dubai/,service,primary,10,mixed,consideration,directional-inbound,/services/,existing,not tracked,Top 3,"low: /service/pet-relocation-dubai/ (directional vs money, ruling 2)",pet relocation to Dubai; moving to Dubai with a dog; moving to Dubai with a cat; bringing a dog to Dubai; bringing a cat to Dubai,/guides/uae-pet-import-requirements/; /guides/moccae-import-permit/; /service/pet-relocation-dubai/,medium,70,needs refresh,2026-07-02 (sitemap lastmod),2026-12-03
moving to Dubai with a dog,https://dubai-pet-relocation.ae/service/pet-relocation-to-dubai/,service,secondary,10,mixed,consideration,directional-inbound,/services/,existing,not tracked,Top 20,"low: /service/pet-relocation-dubai/ (directional vs money, ruling 2)",pet relocation to Dubai; moving to Dubai with pets; moving to Dubai with a cat; bringing a dog to Dubai; bringing a cat to Dubai,/guides/uae-pet-import-requirements/; /guides/moccae-import-permit/; /service/pet-relocation-dubai/,high,65,assigned,2026-07-02 (sitemap lastmod),2026-12-03
moving to Dubai with a cat,https://dubai-pet-relocation.ae/service/pet-relocation-to-dubai/,service,secondary,110,mixed,consideration,directional-inbound,/services/,existing,not tracked,Top 20,"low: /service/pet-relocation-dubai/ (directional vs money, ruling 2)",pet relocation to Dubai; moving to Dubai with pets; moving to Dubai with a dog; bringing a dog to Dubai; bringing a cat to Dubai,/guides/uae-pet-import-requirements/; /guides/moccae-import-permit/; /service/pet-relocation-dubai/,high,64,assigned,2026-07-02 (sitemap lastmod),2026-12-03
bringing a dog to Dubai,https://dubai-pet-relocation.ae/service/pet-relocation-to-dubai/,service,secondary,10,mixed,consideration,directional-inbound,/services/,existing,not tracked,Top 20,"low: /service/pet-relocation-dubai/ (directional vs money, ruling 2)",pet relocation to Dubai; moving to Dubai with pets; moving to Dubai with a dog; moving to Dubai with a cat; bringing a cat to Dubai,/guides/uae-pet-import-requirements/; /guides/moccae-import-permit/; /service/pet-relocation-dubai/,high,65,assigned,2026-07-02 (sitemap lastmod),2026-12-03
bringing a cat to Dubai,https://dubai-pet-relocation.ae/service/pet-relocation-to-dubai/,service,secondary,110,mixed,consideration,directional-inbound,/services/,existing,not tracked,Top 20,"low: /service/pet-relocation-dubai/ (directional vs money, ruling 2)",pet relocation to Dubai; moving to Dubai with pets; moving to Dubai with a dog; moving to Dubai with a cat; bringing a dog to Dubai,/guides/uae-pet-import-requirements/; /guides/moccae-import-permit/; /service/pet-relocation-dubai/,high,64,assigned,2026-07-02 (sitemap lastmod),2026-12-03
bringing pets to Dubai,https://dubai-pet-relocation.ae/service/pet-relocation-to-dubai/,service,secondary,10,mixed,consideration,directional-inbound,/services/,existing,not tracked,Top 20,"low: /service/pet-relocation-dubai/ (directional vs money, ruling 2)",pet relocation to Dubai; moving to Dubai with pets; moving to Dubai with a dog; moving to Dubai with a cat; bringing a dog to Dubai,/guides/uae-pet-import-requirements/; /guides/moccae-import-permit/; /service/pet-relocation-dubai/,high,65,assigned,2026-07-02 (sitemap lastmod),2026-12-03
how to bring a dog to Dubai,https://dubai-pet-relocation.ae/dog-relocation-to-dubai/,route-species,primary,90,mixed,consideration,directional-inbound,/routes/,existing,ranks (observed SERP),Top 3,medium: /service/dog-relocation-dubai/ (ruling 8; root page ranks),cost to move dog to Dubai; how to move my dog to Dubai; can I bring my dog to Dubai,,high,76,needs refresh,2026-07-02 (sitemap lastmod),2026-12-03
import dog to Dubai,https://dubai-pet-relocation.ae/service/pet-import-dubai/,service,secondary,10,mixed,consideration,directional-inbound,/services/,existing,not tracked,Top 20,medium: /guides/uae-pet-import-requirements/ (ruling 5; no duplicate rules tables),pet import services Dubai; import cat to Dubai; import pet to UAE; pet immigration Dubai; bulk pet transport UAE,/guides/uae-pet-import-requirements/; /service/moccae-pet-permit/,high,63,assigned,2026-07-02 (sitemap lastmod),2026-12-03
import cat to Dubai,https://dubai-pet-relocation.ae/service/pet-import-dubai/,service,secondary,10,mixed,consideration,directional-inbound,/services/,existing,not tracked,Top 20,medium: /guides/uae-pet-import-requirements/ (ruling 5; no duplicate rules tables),pet import services Dubai; import dog to Dubai; import pet to UAE; pet immigration Dubai; bulk pet transport UAE,/guides/uae-pet-import-requirements/; /service/moccae-pet-permit/,high,63,assigned,2026-07-02 (sitemap lastmod),2026-12-03
import pet to UAE,https://dubai-pet-relocation.ae/service/pet-import-dubai/,service,secondary,90,mixed,consideration,directional-inbound,/services/,existing,not tracked,Top 20,medium: /guides/uae-pet-import-requirements/ (ruling 5; no duplicate rules tables),pet import services Dubai; import dog to Dubai; import cat to Dubai; pet immigration Dubai; bulk pet transport UAE,/guides/uae-pet-import-requirements/; /service/moccae-pet-permit/,high,64,assigned,2026-07-02 (sitemap lastmod),2026-12-03
moving dog to UAE,https://dubai-pet-relocation.ae/service/pet-relocation-to-dubai/,service,secondary,50,mixed,consideration,directional-inbound,/services/,existing,not tracked,Top 20,"low: /service/pet-relocation-dubai/ (directional vs money, ruling 2)",pet relocation to Dubai; moving to Dubai with pets; moving to Dubai with a dog; moving to Dubai with a cat; bringing a dog to Dubai,/guides/uae-pet-import-requirements/; /guides/moccae-import-permit/; /service/pet-relocation-dubai/,high,63,assigned,2026-07-02 (sitemap lastmod),2026-12-03
bringing pets to UAE,https://dubai-pet-relocation.ae/service/pet-relocation-to-dubai/,service,secondary,10,mixed,consideration,directional-inbound,/services/,existing,not tracked,Top 20,"low: /service/pet-relocation-dubai/ (directional vs money, ruling 2)",pet relocation to Dubai; moving to Dubai with pets; moving to Dubai with a dog; moving to Dubai with a cat; bringing a dog to Dubai,/guides/uae-pet-import-requirements/; /guides/moccae-import-permit/; /service/pet-relocation-dubai/,high,64,assigned,2026-07-02 (sitemap lastmod),2026-12-03
relocate my dog to Dubai,https://dubai-pet-relocation.ae/service/pet-relocation-to-dubai/,service,secondary,30,mixed,consideration,directional-inbound,/services/,existing,not tracked,Top 20,"low: /service/pet-relocation-dubai/ (directional vs money, ruling 2)",pet relocation to Dubai; moving to Dubai with pets; moving to Dubai with a dog; moving to Dubai with a cat; bringing a dog to Dubai,/guides/uae-pet-import-requirements/; /guides/moccae-import-permit/; /service/pet-relocation-dubai/,high,62,assigned,2026-07-02 (sitemap lastmod),2026-12-03
relocate my cat to Dubai,https://dubai-pet-relocation.ae/service/pet-relocation-to-dubai/,service,secondary,20,mixed,consideration,directional-inbound,/services/,existing,not tracked,Top 20,"low: /service/pet-relocation-dubai/ (directional vs money, ruling 2)",pet relocation to Dubai; moving to Dubai with pets; moving to Dubai with a dog; moving to Dubai with a cat; bringing a dog to Dubai,/guides/uae-pet-import-requirements/; /guides/moccae-import-permit/; /service/pet-relocation-dubai/,high,61,assigned,2026-07-02 (sitemap lastmod),2026-12-03
pet immigration Dubai,https://dubai-pet-relocation.ae/service/pet-import-dubai/,service,secondary,30,mixed,consideration,directional-inbound,/services/,existing,not tracked,Top 20,medium: /guides/uae-pet-import-requirements/ (ruling 5; no duplicate rules tables),pet import services Dubai; import dog to Dubai; import cat to Dubai; import pet to UAE; bulk pet transport UAE,/guides/uae-pet-import-requirements/; /service/moccae-pet-permit/,medium,54,assigned,2026-07-02 (sitemap lastmod),2026-12-03
emigrating to Dubai with pets,https://dubai-pet-relocation.ae/service/pet-relocation-to-dubai/,service,secondary,20,mixed,consideration,directional-inbound,/services/,existing,not tracked,Top 20,"low: /service/pet-relocation-dubai/ (directional vs money, ruling 2)",pet relocation to Dubai; moving to Dubai with pets; moving to Dubai with a dog; moving to Dubai with a cat; bringing a dog to Dubai,/guides/uae-pet-import-requirements/; /guides/moccae-import-permit/; /service/pet-relocation-dubai/,medium,53,assigned,2026-07-02 (sitemap lastmod),2026-12-03
pet relocation to UAE from UK,https://dubai-pet-relocation.ae/routes/uk-to-dubai/,route,secondary,90,mixed,consideration,route-uk-inbound,/routes/,existing,not tracked,Top 20,none,bringing dog to UAE from UK; cost of flying a dog from UK to Dubai; cost of moving a dog from Dubai to UK; animal health certificate UK to Dubai; APHA animal health certificate Dubai,,high,62,assigned,2026-07-02 (sitemap lastmod),2026-12-03
moving to Abu Dhabi with pets,https://dubai-pet-relocation.ae/cities/abu-dhabi/,city,secondary,0,mixed,consideration,directional-inbound,/cities/,existing,not tracked,Top 20,none,pet relocation Abu Dhabi; pet movers Abu Dhabi; pet transport Abu Dhabi; pet taxi Abu Dhabi; can I bring my pet to Abu Dhabi instead of Dubai,,medium,56,assigned,2026-07-02 (sitemap lastmod),2026-12-03
bringing dog to UAE from UK,https://dubai-pet-relocation.ae/routes/uk-to-dubai/,route,secondary,50,mixed,consideration,route-uk-inbound,/routes/,existing,not tracked,Top 20,none,pet relocation to UAE from UK; cost of flying a dog from UK to Dubai; cost of moving a dog from Dubai to UK; animal health certificate UK to Dubai; APHA animal health certificate Dubai,,high,61,assigned,2026-07-02 (sitemap lastmod),2026-12-03
pet relocation from Dubai,https://dubai-pet-relocation.ae/service/pet-relocation-from-dubai/,service,primary,390,mixed,consideration,directional-outbound,/services/,existing,not tracked,Top 3,low: /service/pet-export-dubai/ (directional vs commercial export),taking dog out of UAE; taking cat out of UAE; leaving Dubai with pets; moving pet out of Dubai; pet relocation out of UAE,/guides/pet-export-from-dubai/; /service/pet-export-dubai/,high,77,needs refresh,2026-07-02 (sitemap lastmod),2026-12-03
pet export Dubai,https://dubai-pet-relocation.ae/service/pet-export-dubai/,service,primary,10,mixed,consideration,directional-outbound,/services/,existing,not tracked,Top 10,none,pet export services Dubai; export dog from Dubai; export cat from Dubai; pet export UAE; fly my dog from Dubai,/guides/pet-export-from-dubai/; /service/pet-relocation-from-dubai/,high,77,needs refresh,2026-07-02 (sitemap lastmod),2026-12-03
export dog from Dubai,https://dubai-pet-relocation.ae/service/pet-export-dubai/,service,secondary,40,mixed,consideration,directional-outbound,/services/,existing,not tracked,Top 20,none,pet export services Dubai; pet export Dubai; export cat from Dubai; pet export UAE; fly my dog from Dubai,/guides/pet-export-from-dubai/; /service/pet-relocation-from-dubai/,high,62,assigned,2026-07-02 (sitemap lastmod),2026-12-03
export cat from Dubai,https://dubai-pet-relocation.ae/service/pet-export-dubai/,service,secondary,40,mixed,consideration,directional-outbound,/services/,existing,not tracked,Top 20,none,pet export services Dubai; pet export Dubai; export dog from Dubai; pet export UAE; fly my dog from Dubai,/guides/pet-export-from-dubai/; /service/pet-relocation-from-dubai/,high,62,assigned,2026-07-02 (sitemap lastmod),2026-12-03
taking dog out of UAE,https://dubai-pet-relocation.ae/service/pet-relocation-from-dubai/,service,secondary,40,mixed,consideration,directional-outbound,/services/,existing,not tracked,Top 20,low: /service/pet-export-dubai/ (directional vs commercial export),pet relocation from Dubai; taking cat out of UAE; leaving Dubai with pets; moving pet out of Dubai; pet relocation out of UAE,/guides/pet-export-from-dubai/; /service/pet-export-dubai/,high,62,assigned,2026-07-02 (sitemap lastmod),2026-12-03
taking cat out of UAE,https://dubai-pet-relocation.ae/service/pet-relocation-from-dubai/,service,secondary,30,mixed,consideration,directional-outbound,/services/,existing,not tracked,Top 20,low: /service/pet-export-dubai/ (directional vs commercial export),pet relocation from Dubai; taking dog out of UAE; leaving Dubai with pets; moving pet out of Dubai; pet relocation out of UAE,/guides/pet-export-from-dubai/; /service/pet-export-dubai/,high,62,assigned,2026-07-02 (sitemap lastmod),2026-12-03
leaving Dubai with pets,https://dubai-pet-relocation.ae/service/pet-relocation-from-dubai/,service,secondary,50,mixed,consideration,directional-outbound,/services/,existing,not tracked,Top 20,low: /service/pet-export-dubai/ (directional vs commercial export),pet relocation from Dubai; taking dog out of UAE; taking cat out of UAE; moving pet out of Dubai; pet relocation out of UAE,/guides/pet-export-from-dubai/; /service/pet-export-dubai/,high,63,assigned,2026-07-02 (sitemap lastmod),2026-12-03
moving pet out of Dubai,https://dubai-pet-relocation.ae/service/pet-relocation-from-dubai/,service,secondary,40,mixed,consideration,directional-outbound,/services/,existing,not tracked,Top 20,low: /service/pet-export-dubai/ (directional vs commercial export),pet relocation from Dubai; taking dog out of UAE; taking cat out of UAE; leaving Dubai with pets; pet relocation out of UAE,/guides/pet-export-from-dubai/; /service/pet-export-dubai/,high,62,assigned,2026-07-02 (sitemap lastmod),2026-12-03
pet export UAE,https://dubai-pet-relocation.ae/service/pet-export-dubai/,service,secondary,10,mixed,consideration,directional-outbound,/services/,existing,not tracked,Top 20,none,pet export services Dubai; pet export Dubai; export dog from Dubai; export cat from Dubai; fly my dog from Dubai,/guides/pet-export-from-dubai/; /service/pet-relocation-from-dubai/,high,64,assigned,2026-07-02 (sitemap lastmod),2026-12-03
how to take my dog from Dubai to UK,https://dubai-pet-relocation.ae/routes/dubai-to-uk/,route,secondary,40,mixed,consideration,route-uk-outbound,/routes/,existing,not tracked,Top 20,none,tapeworm treatment dog Dubai to UK; pet relocation Dubai to UK; moving dog from Dubai to UK; pet export Dubai to UK; pet relocation Dubai to London,,high,62,assigned,2026-07-02 (sitemap lastmod),2026-12-03
fly my dog from Dubai,https://dubai-pet-relocation.ae/service/pet-export-dubai/,service,secondary,20,mixed,consideration,directional-outbound,/services/,existing,not tracked,Top 20,none,pet export services Dubai; pet export Dubai; export dog from Dubai; export cat from Dubai; pet export UAE,/guides/pet-export-from-dubai/; /service/pet-relocation-from-dubai/,high,61,assigned,2026-07-02 (sitemap lastmod),2026-12-03
send my pet abroad from Dubai,https://dubai-pet-relocation.ae/service/pet-export-dubai/,service,secondary,20,mixed,consideration,directional-outbound,/services/,existing,not tracked,Top 20,none,pet export services Dubai; pet export Dubai; export dog from Dubai; export cat from Dubai; pet export UAE,/guides/pet-export-from-dubai/; /service/pet-relocation-from-dubai/,high,61,assigned,2026-07-02 (sitemap lastmod),2026-12-03
pet relocation out of UAE,https://dubai-pet-relocation.ae/service/pet-relocation-from-dubai/,service,secondary,20,mixed,consideration,directional-outbound,/services/,existing,not tracked,Top 20,low: /service/pet-export-dubai/ (directional vs commercial export),pet relocation from Dubai; taking dog out of UAE; taking cat out of UAE; leaving Dubai with pets; moving pet out of Dubai,/guides/pet-export-from-dubai/; /service/pet-export-dubai/,high,61,assigned,2026-07-02 (sitemap lastmod),2026-12-03
returning home from Dubai with pet,https://dubai-pet-relocation.ae/service/pet-relocation-from-dubai/,service,secondary,10,mixed,consideration,directional-outbound,/services/,existing,not tracked,Top 20,low: /service/pet-export-dubai/ (directional vs commercial export),pet relocation from Dubai; taking dog out of UAE; taking cat out of UAE; leaving Dubai with pets; moving pet out of Dubai,/guides/pet-export-from-dubai/; /service/pet-export-dubai/,medium,51,assigned,2026-07-02 (sitemap lastmod),2026-12-03
shipping dog from Dubai to USA,https://dubai-pet-relocation.ae/routes/dubai-to-usa/,route,secondary,30,mixed,consideration,route-usa-outbound,/routes/,existing,not tracked,Top 20,none,pet relocation Dubai to USA; moving dog from Dubai to USA; pet export Dubai to USA,,high,62,assigned,2026-07-02 (sitemap lastmod),2026-12-03
pet relocation Dubai cost,https://dubai-pet-relocation.ae/guides/pet-relocation-cost-dubai/,guide,primary,260,commercial,consideration,cost,/guides/,existing,not tracked,Top 10,none,pet relocation cost UAE; pet shipping cost Dubai; pet transport cost Dubai; pet relocation Dubai price; how much does pet relocation cost in Dubai,/service/pet-relocation-dubai/; /routes/,high,76,needs refresh,2026-07-02 (sitemap lastmod),2026-12-03
pet relocation cost UAE,https://dubai-pet-relocation.ae/guides/pet-relocation-cost-dubai/,guide,secondary,110,commercial,consideration,cost,/guides/,existing,not tracked,Top 20,none,pet relocation Dubai cost; pet shipping cost Dubai; pet transport cost Dubai; pet relocation Dubai price; how much does pet relocation cost in Dubai,/service/pet-relocation-dubai/; /routes/,high,63,assigned,2026-07-02 (sitemap lastmod),2026-12-03
cost to move dog to Dubai,https://dubai-pet-relocation.ae/dog-relocation-to-dubai/,route-species,secondary,90,commercial,consideration,cost,/routes/,existing,ranks (observed SERP),Top 20,medium: /service/dog-relocation-dubai/ (ruling 8; root page ranks),how to bring a dog to Dubai; how to move my dog to Dubai; can I bring my dog to Dubai,,high,64,assigned,2026-07-02 (sitemap lastmod),2026-12-03
cost to bring a cat to Dubai,https://dubai-pet-relocation.ae/cat-relocation-to-dubai/,route-species,secondary,70,commercial,consideration,cost,/routes/,existing,not tracked,Top 20,medium: /service/cat-relocation-dubai/ (ruling 9),how to bring a cat to Dubai; how to move my cat to Dubai; can I bring my cat to Dubai,,high,63,assigned,2026-07-02 (sitemap lastmod),2026-12-03
pet shipping cost Dubai,https://dubai-pet-relocation.ae/guides/pet-relocation-cost-dubai/,guide,secondary,110,commercial,consideration,cost,/guides/,existing,not tracked,Top 20,none,pet relocation Dubai cost; pet relocation cost UAE; pet transport cost Dubai; pet relocation Dubai price; how much does pet relocation cost in Dubai,/service/pet-relocation-dubai/; /routes/,high,63,assigned,2026-07-02 (sitemap lastmod),2026-12-03
pet transport cost Dubai,https://dubai-pet-relocation.ae/guides/pet-relocation-cost-dubai/,guide,secondary,70,commercial,consideration,cost,/guides/,existing,not tracked,Top 20,none,pet relocation Dubai cost; pet relocation cost UAE; pet shipping cost Dubai; pet relocation Dubai price; how much does pet relocation cost in Dubai,/service/pet-relocation-dubai/; /routes/,high,62,assigned,2026-07-02 (sitemap lastmod),2026-12-03
pet relocation Dubai price,https://dubai-pet-relocation.ae/guides/pet-relocation-cost-dubai/,guide,secondary,90,commercial,consideration,cost,/guides/,existing,not tracked,Top 20,none,pet relocation Dubai cost; pet relocation cost UAE; pet shipping cost Dubai; pet transport cost Dubai; how much does pet relocation cost in Dubai,/service/pet-relocation-dubai/; /routes/,high,63,assigned,2026-07-02 (sitemap lastmod),2026-12-03
how much does pet relocation cost in Dubai,https://dubai-pet-relocation.ae/guides/pet-relocation-cost-dubai/,guide,secondary,50,commercial,consideration,cost,/guides/,existing,not tracked,Top 20,none,pet relocation Dubai cost; pet relocation cost UAE; pet shipping cost Dubai; pet transport cost Dubai; pet relocation Dubai price,/service/pet-relocation-dubai/; /routes/,high,62,assigned,2026-07-02 (sitemap lastmod),2026-12-03
how much does it cost to fly a dog to Dubai,https://dubai-pet-relocation.ae/guides/pet-relocation-cost-dubai/,guide,secondary,70,commercial,consideration,cost,/guides/,existing,not tracked,Top 20,none,pet relocation Dubai cost; pet relocation cost UAE; pet shipping cost Dubai; pet transport cost Dubai; pet relocation Dubai price,/service/pet-relocation-dubai/; /routes/,high,62,assigned,2026-07-02 (sitemap lastmod),2026-12-03
cost of flying a dog from UK to Dubai,https://dubai-pet-relocation.ae/routes/uk-to-dubai/,route,secondary,40,commercial,consideration,cost-route-uk,/routes/,existing,not tracked,Top 20,none,pet relocation to UAE from UK; bringing dog to UAE from UK; cost of moving a dog from Dubai to UK; animal health certificate UK to Dubai; APHA animal health certificate Dubai,,high,60,assigned,2026-07-02 (sitemap lastmod),2026-12-03
dog shipping cost UAE,https://dubai-pet-relocation.ae/guides/pet-relocation-cost-dubai/,guide,secondary,40,commercial,consideration,cost,/guides/,existing,not tracked,Top 20,none,pet relocation Dubai cost; pet relocation cost UAE; pet shipping cost Dubai; pet transport cost Dubai; pet relocation Dubai price,/service/pet-relocation-dubai/; /routes/,high,61,assigned,2026-07-02 (sitemap lastmod),2026-12-03
cat shipping cost Dubai,https://dubai-pet-relocation.ae/guides/pet-relocation-cost-dubai/,guide,secondary,30,commercial,consideration,cost,/guides/,existing,not tracked,Top 20,none,pet relocation Dubai cost; pet relocation cost UAE; pet shipping cost Dubai; pet transport cost Dubai; pet relocation Dubai price,/service/pet-relocation-dubai/; /routes/,high,61,assigned,2026-07-02 (sitemap lastmod),2026-12-03
pet cargo rates Dubai,https://dubai-pet-relocation.ae/guides/pet-relocation-cost-dubai/,guide,secondary,30,commercial,consideration,cost,/guides/,existing,not tracked,Top 20,none,pet relocation Dubai cost; pet relocation cost UAE; pet shipping cost Dubai; pet transport cost Dubai; pet relocation Dubai price,/service/pet-relocation-dubai/; /routes/,high,61,assigned,2026-07-02 (sitemap lastmod),2026-12-03
pet cargo charges UAE,https://dubai-pet-relocation.ae/guides/pet-relocation-cost-dubai/,guide,secondary,20,commercial,consideration,cost,/guides/,existing,not tracked,Top 20,none,pet relocation Dubai cost; pet relocation cost UAE; pet shipping cost Dubai; pet transport cost Dubai; pet relocation Dubai price,/service/pet-relocation-dubai/; /routes/,high,60,assigned,2026-07-02 (sitemap lastmod),2026-12-03
Emirates SkyCargo pet cost,https://dubai-pet-relocation.ae/guides/emirates-pet-cargo/,guide,secondary,50,commercial,consideration,cost-airline,/guides/,new,not tracked,Top 10,low: /guides/etihad-pet-policy/ (airline policy overlap),Emirates pet cargo; Emirates SkyCargo pets; Emirates pet policy; Emirates pet cargo booking; Emirates pet cargo price,/guides/etihad-pet-policy/; /guides/dubai-pet-arrival-guide/,high,64,to create,unknown,2026-12-03
pet relocation fees Dubai,https://dubai-pet-relocation.ae/guides/pet-relocation-cost-dubai/,guide,secondary,30,commercial,consideration,cost,/guides/,existing,not tracked,Top 20,none,pet relocation Dubai cost; pet relocation cost UAE; pet shipping cost Dubai; pet transport cost Dubai; pet relocation Dubai price,/service/pet-relocation-dubai/; /routes/,high,61,assigned,2026-07-02 (sitemap lastmod),2026-12-03
pet relocation service fee UAE,https://dubai-pet-relocation.ae/guides/pet-relocation-cost-dubai/,guide,secondary,20,commercial,consideration,cost,/guides/,existing,not tracked,Top 20,none,pet relocation Dubai cost; pet relocation cost UAE; pet shipping cost Dubai; pet transport cost Dubai; pet relocation Dubai price,/service/pet-relocation-dubai/; /routes/,high,60,assigned,2026-07-02 (sitemap lastmod),2026-12-03
MOCCAE pet permit fee,https://dubai-pet-relocation.ae/guides/moccae-import-permit/,guide,secondary,70,commercial,consideration,cost-governance,/guides/,existing,not tracked,Top 20,"medium: /service/moccae-pet-permit/ (info vs commercial split, ruling 10)",MOCCAE import permit cost; pet import permit Dubai cost; MOCCAE pet import permit; MOCCAE pet import permit apply online; UAE pet import permit,/service/moccae-pet-permit/; /guides/uae-pet-import-requirements/,high,60,assigned,2026-07-02 (sitemap lastmod),2026-12-03
MOCCAE import permit cost,https://dubai-pet-relocation.ae/guides/moccae-import-permit/,guide,secondary,50,commercial,consideration,cost-governance,/guides/,existing,not tracked,Top 20,"medium: /service/moccae-pet-permit/ (info vs commercial split, ruling 10)",MOCCAE pet permit fee; pet import permit Dubai cost; MOCCAE pet import permit; MOCCAE pet import permit apply online; UAE pet import permit,/service/moccae-pet-permit/; /guides/uae-pet-import-requirements/,high,60,assigned,2026-07-02 (sitemap lastmod),2026-12-03
pet import permit Dubai cost,https://dubai-pet-relocation.ae/guides/moccae-import-permit/,guide,secondary,40,commercial,consideration,cost-governance,/guides/,existing,not tracked,Top 20,"medium: /service/moccae-pet-permit/ (info vs commercial split, ruling 10)",MOCCAE pet permit fee; MOCCAE import permit cost; MOCCAE pet import permit; MOCCAE pet import permit apply online; UAE pet import permit,/service/moccae-pet-permit/; /guides/uae-pet-import-requirements/,high,59,assigned,2026-07-02 (sitemap lastmod),2026-12-03
cost to export pet from Dubai,https://dubai-pet-relocation.ae/guides/pet-export-from-dubai/,guide,secondary,50,commercial,consideration,cost-export,/guides/,new,not tracked,Top 10,none,pet export Dubai price; MOCCAE pet export permit; export health certificate UAE pets; documents to take pet out of UAE; pet fit to fly certificate Dubai,/service/pet-export-dubai/; /service/pet-relocation-from-dubai/,high,64,to create,unknown,2026-12-03
pet export Dubai price,https://dubai-pet-relocation.ae/guides/pet-export-from-dubai/,guide,secondary,30,commercial,consideration,cost-export,/guides/,new,not tracked,Top 10,none,cost to export pet from Dubai; MOCCAE pet export permit; export health certificate UAE pets; documents to take pet out of UAE; pet fit to fly certificate Dubai,/service/pet-export-dubai/; /service/pet-relocation-from-dubai/,high,63,to create,unknown,2026-12-03
cost of moving a dog from Dubai to UK,https://dubai-pet-relocation.ae/routes/uk-to-dubai/,route,secondary,30,commercial,consideration,cost-route-uk,/routes/,existing,not tracked,Top 20,none,pet relocation to UAE from UK; bringing dog to UAE from UK; cost of flying a dog from UK to Dubai; animal health certificate UK to Dubai; APHA animal health certificate Dubai,,high,60,assigned,2026-07-02 (sitemap lastmod),2026-12-03
pet relocation Dubai to Australia cost,https://dubai-pet-relocation.ae/routes/australia-to-dubai/,route,secondary,20,commercial,consideration,cost-route-au,/routes/,existing,not tracked,Top 20,none,how to move pets from Dubai to Australia; can I fly my dog direct from Dubai to Australia; pet relocation Australia to Dubai; moving dog from Australia to Dubai; pet transport Australia to Dubai,,high,61,assigned,2026-07-02 (sitemap lastmod),2026-12-03
pet relocation India to Dubai cost,https://dubai-pet-relocation.ae/routes/india-to-dubai/,route,secondary,30,commercial,consideration,cost-route-india,/routes/,existing,not tracked,Top 20,none,how to take pets from UAE to India; how to bring pet from India to Dubai; what is AQCS clearance for pets; pet relocation India to Dubai; moving dog from India to Dubai,,high,62,assigned,2026-07-02 (sitemap lastmod),2026-12-03
pet relocation UAE to Philippines cost,https://dubai-pet-relocation.ae/routes/philippines-to-dubai/,route,secondary,20,commercial,consideration,cost-route-ph,/routes/,existing,not tracked,Top 20,none,how to bring a pet from Philippines to Dubai; how to send pet from Dubai to Philippines; pet relocation Philippines to Dubai; moving dog from Philippines to Dubai; pet transport Philippines to Dubai,,high,61,assigned,2026-07-02 (sitemap lastmod),2026-12-03
IATA pet crate price Dubai,https://dubai-pet-relocation.ae/guides/iata-pet-crate-requirements/,guide,secondary,40,commercial,consideration,cost,/guides/,existing,not tracked,Top 20,none,pet travel crate cost UAE; IATA approved pet crate Dubai; IATA crate requirements pets; what size crate for my dog to fly; how to prepare my pet for a flight to Dubai,/guides/pet-relocation-cost-dubai/,high,61,assigned,2026-07-02 (sitemap lastmod),2026-12-03
pet travel crate cost UAE,https://dubai-pet-relocation.ae/guides/iata-pet-crate-requirements/,guide,secondary,20,commercial,consideration,cost,/guides/,existing,not tracked,Top 20,none,IATA pet crate price Dubai; IATA approved pet crate Dubai; IATA crate requirements pets; what size crate for my dog to fly; how to prepare my pet for a flight to Dubai,/guides/pet-relocation-cost-dubai/,high,60,assigned,2026-07-02 (sitemap lastmod),2026-12-03
pet quarantine cost Dubai,https://dubai-pet-relocation.ae/guides/dubai-pet-arrival-guide/,guide,secondary,20,commercial,consideration,cost,/guides/,new,not tracked,Top 10,none,customs clearance fee pets Dubai; pet quarantine Dubai; quarantine rules for pets entering UAE; Dubai Municipality pet registration; dog license Dubai,/cities/dubai/; /dubai/; /service/pet-transport-dubai/,high,65,to create,unknown,2026-12-03
customs clearance fee pets Dubai,https://dubai-pet-relocation.ae/guides/dubai-pet-arrival-guide/,guide,secondary,20,commercial,consideration,cost,/guides/,new,not tracked,Top 10,none,pet quarantine cost Dubai; pet quarantine Dubai; quarantine rules for pets entering UAE; Dubai Municipality pet registration; dog license Dubai,/cities/dubai/; /dubai/; /service/pet-transport-dubai/,high,65,to create,unknown,2026-12-03
pet relocation hidden costs,https://dubai-pet-relocation.ae/guides/pet-relocation-cost-dubai/,guide,secondary,10,commercial,awareness,cost,/guides/,existing,not tracked,Top 20,none,pet relocation Dubai cost; pet relocation cost UAE; pet shipping cost Dubai; pet transport cost Dubai; pet relocation Dubai price,/service/pet-relocation-dubai/; /routes/,high,57,assigned,2026-07-02 (sitemap lastmod),2026-12-03
cheap pet relocation UAE,https://dubai-pet-relocation.ae/guides/pet-relocation-cost-dubai/,guide,secondary,40,commercial,decision,cost,/guides/,existing,not tracked,Top 20,none,pet relocation Dubai cost; pet relocation cost UAE; pet shipping cost Dubai; pet transport cost Dubai; pet relocation Dubai price,/service/pet-relocation-dubai/; /routes/,high,66,assigned,2026-07-02 (sitemap lastmod),2026-12-03
pet relocation Dubai payment plan,https://dubai-pet-relocation.ae/guides/pet-relocation-cost-dubai/,guide,secondary,10,commercial,decision,cost,/guides/,existing,not tracked,Top 20,none,pet relocation Dubai cost; pet relocation cost UAE; pet shipping cost Dubai; pet transport cost Dubai; pet relocation Dubai price,/service/pet-relocation-dubai/; /routes/,high,63,assigned,2026-07-02 (sitemap lastmod),2026-12-03
free pet relocation quote UAE,https://dubai-pet-relocation.ae/guides/pet-relocation-cost-dubai/,guide,secondary,20,commercial,decision,cost,/guides/,existing,not tracked,Top 20,none,pet relocation Dubai cost; pet relocation cost UAE; pet shipping cost Dubai; pet transport cost Dubai; pet relocation Dubai price,/service/pet-relocation-dubai/; /routes/,high,65,assigned,2026-07-02 (sitemap lastmod),2026-12-03
MOCCAE pet import permit,https://dubai-pet-relocation.ae/guides/moccae-import-permit/,guide,primary,30,informational,awareness,governance-moccae,/guides/,existing,not tracked,Top 10,"medium: /service/moccae-pet-permit/ (info vs commercial split, ruling 10)",MOCCAE pet permit fee; MOCCAE import permit cost; pet import permit Dubai cost; MOCCAE pet import permit apply online; UAE pet import permit,/service/moccae-pet-permit/; /guides/uae-pet-import-requirements/,high,74,needs refresh,2026-07-02 (sitemap lastmod),2026-12-03
MOCCAE pet import permit apply online,https://dubai-pet-relocation.ae/guides/moccae-import-permit/,guide,secondary,90,informational,awareness,governance-moccae,/guides/,existing,not tracked,Top 20,"medium: /service/moccae-pet-permit/ (info vs commercial split, ruling 10)",MOCCAE pet permit fee; MOCCAE import permit cost; pet import permit Dubai cost; MOCCAE pet import permit; UAE pet import permit,/service/moccae-pet-permit/; /guides/uae-pet-import-requirements/,high,60,assigned,2026-07-02 (sitemap lastmod),2026-12-03
MOCCAE pet export permit,https://dubai-pet-relocation.ae/guides/pet-export-from-dubai/,guide,secondary,140,informational,awareness,governance-moccae,/guides/,new,not tracked,Top 10,none,cost to export pet from Dubai; pet export Dubai price; export health certificate UAE pets; documents to take pet out of UAE; pet fit to fly certificate Dubai,/service/pet-export-dubai/; /service/pet-relocation-from-dubai/,high,65,to create,unknown,2026-12-03
UAE pet import requirements,https://dubai-pet-relocation.ae/guides/uae-pet-import-requirements/,guide,primary,10,informational,awareness,governance-requirements,/guides/,existing,not tracked,Top 10,low: /service/pet-import-dubai/ (ruling 5),Dubai pet import rules; Dubai pet import rules 2026; UAE approved countries pet import list; high risk rabies countries UAE list; how many pets can I bring to UAE,/guides/moccae-import-permit/; /guides/rabies-titer-test-dubai/; /guides/banned-dog-breeds-dubai/,medium,65,needs refresh,2026-07-02 (sitemap lastmod),2026-12-03
Dubai pet import rules,https://dubai-pet-relocation.ae/guides/uae-pet-import-requirements/,guide,secondary,170,informational,awareness,governance-requirements,/guides/,existing,not tracked,Top 20,low: /service/pet-import-dubai/ (ruling 5),UAE pet import requirements; Dubai pet import rules 2026; UAE approved countries pet import list; high risk rabies countries UAE list; how many pets can I bring to UAE,/guides/moccae-import-permit/; /guides/rabies-titer-test-dubai/; /guides/banned-dog-breeds-dubai/,medium,53,assigned,2026-07-02 (sitemap lastmod),2026-12-03
Dubai pet import rules 2026,https://dubai-pet-relocation.ae/guides/uae-pet-import-requirements/,guide,secondary,70,informational,awareness,governance-requirements,/guides/,existing,not tracked,Top 20,low: /service/pet-import-dubai/ (ruling 5),UAE pet import requirements; Dubai pet import rules; UAE approved countries pet import list; high risk rabies countries UAE list; how many pets can I bring to UAE,/guides/moccae-import-permit/; /guides/rabies-titer-test-dubai/; /guides/banned-dog-breeds-dubai/,medium,51,assigned,2026-07-02 (sitemap lastmod),2026-12-03
UAE pet import permit,https://dubai-pet-relocation.ae/guides/moccae-import-permit/,guide,secondary,40,informational,awareness,governance-moccae,/guides/,existing,not tracked,Top 20,"medium: /service/moccae-pet-permit/ (info vs commercial split, ruling 10)",MOCCAE pet permit fee; MOCCAE import permit cost; pet import permit Dubai cost; MOCCAE pet import permit; MOCCAE pet import permit apply online,/service/moccae-pet-permit/; /guides/uae-pet-import-requirements/,high,61,assigned,2026-07-02 (sitemap lastmod),2026-12-03
pet import permit Dubai,https://dubai-pet-relocation.ae/guides/moccae-import-permit/,guide,secondary,140,informational,awareness,governance-moccae,/guides/,existing,not tracked,Top 20,"medium: /service/moccae-pet-permit/ (info vs commercial split, ruling 10)",MOCCAE pet permit fee; MOCCAE import permit cost; pet import permit Dubai cost; MOCCAE pet import permit; MOCCAE pet import permit apply online,/service/moccae-pet-permit/; /guides/uae-pet-import-requirements/,high,61,assigned,2026-07-02 (sitemap lastmod),2026-12-03
banned dog breeds UAE,https://dubai-pet-relocation.ae/guides/banned-dog-breeds-dubai/,guide,primary,10,informational,awareness,governance-breeds,/guides/,existing,not tracked,Top 10,none,banned dog breeds Dubai; restricted dog breeds UAE; UAE dangerous dog breeds law; is my dog breed allowed in Dubai; can I bring a pitbull to Dubai,/guides/uae-pet-import-requirements/,low,60,needs refresh,2026-07-02 (sitemap lastmod),2026-12-03
banned dog breeds Dubai,https://dubai-pet-relocation.ae/guides/banned-dog-breeds-dubai/,guide,secondary,10,informational,awareness,governance-breeds,/guides/,existing,not tracked,Top 20,none,banned dog breeds UAE; restricted dog breeds UAE; UAE dangerous dog breeds law; is my dog breed allowed in Dubai; can I bring a pitbull to Dubai,/guides/uae-pet-import-requirements/,low,47,assigned,2026-07-02 (sitemap lastmod),2026-12-03
restricted dog breeds UAE,https://dubai-pet-relocation.ae/guides/banned-dog-breeds-dubai/,guide,secondary,170,informational,awareness,governance-breeds,/guides/,existing,not tracked,Top 20,none,banned dog breeds UAE; banned dog breeds Dubai; UAE dangerous dog breeds law; is my dog breed allowed in Dubai; can I bring a pitbull to Dubai,/guides/uae-pet-import-requirements/,low,46,assigned,2026-07-02 (sitemap lastmod),2026-12-03
UAE dangerous dog breeds law,https://dubai-pet-relocation.ae/guides/banned-dog-breeds-dubai/,guide,secondary,40,informational,awareness,governance-breeds,/guides/,existing,not tracked,Top 20,none,banned dog breeds UAE; banned dog breeds Dubai; restricted dog breeds UAE; is my dog breed allowed in Dubai; can I bring a pitbull to Dubai,/guides/uae-pet-import-requirements/,low,43,assigned,2026-07-02 (sitemap lastmod),2026-12-03
is my dog breed allowed in Dubai,https://dubai-pet-relocation.ae/guides/banned-dog-breeds-dubai/,guide,secondary,40,informational,awareness,governance-breeds,/guides/,existing,not tracked,Top 20,none,banned dog breeds UAE; banned dog breeds Dubai; restricted dog breeds UAE; UAE dangerous dog breeds law; can I bring a pitbull to Dubai,/guides/uae-pet-import-requirements/,low,43,assigned,2026-07-02 (sitemap lastmod),2026-12-03
can I bring a pitbull to Dubai,https://dubai-pet-relocation.ae/guides/banned-dog-breeds-dubai/,guide,secondary,30,informational,awareness,governance-breeds,/guides/,existing,not tracked,Top 20,none,banned dog breeds UAE; banned dog breeds Dubai; restricted dog breeds UAE; UAE dangerous dog breeds law; is my dog breed allowed in Dubai,/guides/uae-pet-import-requirements/,low,43,assigned,2026-07-02 (sitemap lastmod),2026-12-03
can I bring a Rottweiler to Dubai,https://dubai-pet-relocation.ae/guides/banned-dog-breeds-dubai/,guide,secondary,20,informational,awareness,governance-breeds,/guides/,existing,not tracked,Top 20,none,banned dog breeds UAE; banned dog breeds Dubai; restricted dog breeds UAE; UAE dangerous dog breeds law; is my dog breed allowed in Dubai,/guides/uae-pet-import-requirements/,low,42,assigned,2026-07-02 (sitemap lastmod),2026-12-03
rabies titer test Dubai,https://dubai-pet-relocation.ae/guides/rabies-titer-test-dubai/,guide,primary,30,informational,awareness,governance-titer,/guides/,existing,not tracked,Top 10,none,rabies titre test UAE pet import; FAVN test Dubai pet; rabies antibody test UAE 0.5 IU/ml; does my pet need a rabies titer test for Dubai; do I need a titre test from UK to Dubai,/guides/uae-pet-import-requirements/,medium,65,needs refresh,2026-07-02 (sitemap lastmod),2026-12-03
rabies titre test UAE pet import,https://dubai-pet-relocation.ae/guides/rabies-titer-test-dubai/,guide,secondary,70,informational,awareness,governance-titer,/guides/,existing,not tracked,Top 20,none,rabies titer test Dubai; FAVN test Dubai pet; rabies antibody test UAE 0.5 IU/ml; does my pet need a rabies titer test for Dubai; do I need a titre test from UK to Dubai,/guides/uae-pet-import-requirements/,medium,53,assigned,2026-07-02 (sitemap lastmod),2026-12-03
FAVN test Dubai pet,https://dubai-pet-relocation.ae/guides/rabies-titer-test-dubai/,guide,secondary,20,informational,awareness,governance-titer,/guides/,existing,not tracked,Top 20,none,rabies titer test Dubai; rabies titre test UAE pet import; rabies antibody test UAE 0.5 IU/ml; does my pet need a rabies titer test for Dubai; do I need a titre test from UK to Dubai,/guides/uae-pet-import-requirements/,medium,51,assigned,2026-07-02 (sitemap lastmod),2026-12-03
rabies antibody test UAE 0.5 IU/ml,https://dubai-pet-relocation.ae/guides/rabies-titer-test-dubai/,guide,secondary,20,informational,awareness,governance-titer,/guides/,existing,not tracked,Top 20,none,rabies titer test Dubai; rabies titre test UAE pet import; FAVN test Dubai pet; does my pet need a rabies titer test for Dubai; do I need a titre test from UK to Dubai,/guides/uae-pet-import-requirements/,low,44,assigned,2026-07-02 (sitemap lastmod),2026-12-03
UAE approved countries pet import list,https://dubai-pet-relocation.ae/guides/uae-pet-import-requirements/,guide,secondary,40,informational,awareness,governance-requirements,/guides/,existing,not tracked,Top 20,low: /service/pet-import-dubai/ (ruling 5),UAE pet import requirements; Dubai pet import rules; Dubai pet import rules 2026; high risk rabies countries UAE list; how many pets can I bring to UAE,/guides/moccae-import-permit/; /guides/rabies-titer-test-dubai/; /guides/banned-dog-breeds-dubai/,medium,50,assigned,2026-07-02 (sitemap lastmod),2026-12-03
high risk rabies countries UAE list,https://dubai-pet-relocation.ae/guides/uae-pet-import-requirements/,guide,secondary,20,informational,awareness,governance-requirements,/guides/,existing,not tracked,Top 20,low: /service/pet-import-dubai/ (ruling 5),UAE pet import requirements; Dubai pet import rules; Dubai pet import rules 2026; UAE approved countries pet import list; how many pets can I bring to UAE,/guides/moccae-import-permit/; /guides/rabies-titer-test-dubai/; /guides/banned-dog-breeds-dubai/,low,42,assigned,2026-07-02 (sitemap lastmod),2026-12-03
pet quarantine Dubai,https://dubai-pet-relocation.ae/guides/dubai-pet-arrival-guide/,guide,secondary,70,informational,awareness,governance-quarantine,/guides/,new,not tracked,Top 10,none,pet quarantine cost Dubai; customs clearance fee pets Dubai; quarantine rules for pets entering UAE; Dubai Municipality pet registration; dog license Dubai,/cities/dubai/; /dubai/; /service/pet-transport-dubai/,medium,58,to create,unknown,2026-12-03
quarantine rules for pets entering UAE,https://dubai-pet-relocation.ae/guides/dubai-pet-arrival-guide/,guide,secondary,40,informational,awareness,governance-quarantine,/guides/,new,not tracked,Top 10,none,pet quarantine cost Dubai; customs clearance fee pets Dubai; pet quarantine Dubai; Dubai Municipality pet registration; dog license Dubai,/cities/dubai/; /dubai/; /service/pet-transport-dubai/,medium,57,to create,unknown,2026-12-03
how many pets can I bring to UAE,https://dubai-pet-relocation.ae/guides/uae-pet-import-requirements/,guide,secondary,30,informational,awareness,governance-requirements,/guides/,existing,not tracked,Top 20,low: /service/pet-import-dubai/ (ruling 5),UAE pet import requirements; Dubai pet import rules; Dubai pet import rules 2026; UAE approved countries pet import list; high risk rabies countries UAE list,/guides/moccae-import-permit/; /guides/rabies-titer-test-dubai/; /guides/banned-dog-breeds-dubai/,low,43,assigned,2026-07-02 (sitemap lastmod),2026-12-03
minimum age to import puppy to UAE,https://dubai-pet-relocation.ae/guides/uae-pet-import-requirements/,guide,secondary,20,informational,awareness,governance-requirements,/guides/,existing,not tracked,Top 20,low: /service/pet-import-dubai/ (ruling 5),UAE pet import requirements; Dubai pet import rules; Dubai pet import rules 2026; UAE approved countries pet import list; high risk rabies countries UAE list,/guides/moccae-import-permit/; /guides/rabies-titer-test-dubai/; /guides/banned-dog-breeds-dubai/,low,42,assigned,2026-07-02 (sitemap lastmod),2026-12-03
MOCCAE permit processing time,https://dubai-pet-relocation.ae/guides/moccae-import-permit/,guide,secondary,50,informational,awareness,governance-moccae,/guides/,existing,not tracked,Top 20,"medium: /service/moccae-pet-permit/ (info vs commercial split, ruling 10)",MOCCAE pet permit fee; MOCCAE import permit cost; pet import permit Dubai cost; MOCCAE pet import permit; MOCCAE pet import permit apply online,/service/moccae-pet-permit/; /guides/uae-pet-import-requirements/,medium,51,assigned,2026-07-02 (sitemap lastmod),2026-12-03
MOCCAE permit validity 30 days,https://dubai-pet-relocation.ae/guides/moccae-import-permit/,guide,secondary,20,informational,awareness,governance-moccae,/guides/,existing,not tracked,Top 20,"medium: /service/moccae-pet-permit/ (info vs commercial split, ruling 10)",MOCCAE pet permit fee; MOCCAE import permit cost; pet import permit Dubai cost; MOCCAE pet import permit; MOCCAE pet import permit apply online,/service/moccae-pet-permit/; /guides/uae-pet-import-requirements/,medium,49,assigned,2026-07-02 (sitemap lastmod),2026-12-03
MOCCAE permit rejected,https://dubai-pet-relocation.ae/guides/moccae-import-permit/,guide,secondary,10,informational,awareness,governance-moccae,/guides/,existing,not tracked,Top 20,"medium: /service/moccae-pet-permit/ (info vs commercial split, ruling 10)",MOCCAE pet permit fee; MOCCAE import permit cost; pet import permit Dubai cost; MOCCAE pet import permit; MOCCAE pet import permit apply online,/service/moccae-pet-permit/; /guides/uae-pet-import-requirements/,medium,47,assigned,2026-07-02 (sitemap lastmod),2026-12-03
Dubai Municipality pet registration,https://dubai-pet-relocation.ae/guides/dubai-pet-arrival-guide/,guide,secondary,140,informational,awareness,governance-registration,/guides/,new,not tracked,Top 10,none,pet quarantine cost Dubai; customs clearance fee pets Dubai; pet quarantine Dubai; quarantine rules for pets entering UAE; dog license Dubai,/cities/dubai/; /dubai/; /service/pet-transport-dubai/,medium,60,to create,unknown,2026-12-03
dog license Dubai,https://dubai-pet-relocation.ae/guides/dubai-pet-arrival-guide/,guide,secondary,110,informational,awareness,governance-registration,/guides/,new,not tracked,Top 10,none,pet quarantine cost Dubai; customs clearance fee pets Dubai; pet quarantine Dubai; quarantine rules for pets entering UAE; Dubai Municipality pet registration,/cities/dubai/; /dubai/; /service/pet-transport-dubai/,medium,59,to create,unknown,2026-12-03
pet vaccination requirements UAE import,https://dubai-pet-relocation.ae/guides/uae-pet-import-requirements/,guide,secondary,50,informational,awareness,governance-requirements,/guides/,existing,not tracked,Top 20,low: /service/pet-import-dubai/ (ruling 5),UAE pet import requirements; Dubai pet import rules; Dubai pet import rules 2026; UAE approved countries pet import list; high risk rabies countries UAE list,/guides/moccae-import-permit/; /guides/rabies-titer-test-dubai/; /guides/banned-dog-breeds-dubai/,medium,51,assigned,2026-07-02 (sitemap lastmod),2026-12-03
UAE pet import 2026 rules changes,https://dubai-pet-relocation.ae/guides/uae-pet-import-requirements/,guide,secondary,20,informational,awareness,governance-requirements,/guides/,existing,not tracked,Top 20,low: /service/pet-import-dubai/ (ruling 5),UAE pet import requirements; Dubai pet import rules; Dubai pet import rules 2026; UAE approved countries pet import list; high risk rabies countries UAE list,/guides/moccae-import-permit/; /guides/rabies-titer-test-dubai/; /guides/banned-dog-breeds-dubai/,medium,49,assigned,2026-07-02 (sitemap lastmod),2026-12-03
pet health certificate UAE,https://dubai-pet-relocation.ae/guides/uae-pet-import-requirements/,guide,secondary,110,informational,awareness,document-health-cert,/guides/,existing,not tracked,Top 20,low: /service/pet-import-dubai/ (ruling 5),UAE pet import requirements; Dubai pet import rules; Dubai pet import rules 2026; UAE approved countries pet import list; high risk rabies countries UAE list,/guides/moccae-import-permit/; /guides/rabies-titer-test-dubai/; /guides/banned-dog-breeds-dubai/,medium,52,assigned,2026-07-02 (sitemap lastmod),2026-12-03
pet health certificate Dubai,https://dubai-pet-relocation.ae/guides/uae-pet-import-requirements/,guide,secondary,70,informational,awareness,document-health-cert,/guides/,existing,not tracked,Top 20,low: /service/pet-import-dubai/ (ruling 5),UAE pet import requirements; Dubai pet import rules; Dubai pet import rules 2026; UAE approved countries pet import list; high risk rabies countries UAE list,/guides/moccae-import-permit/; /guides/rabies-titer-test-dubai/; /guides/banned-dog-breeds-dubai/,medium,51,assigned,2026-07-02 (sitemap lastmod),2026-12-03
export health certificate UAE pets,https://dubai-pet-relocation.ae/guides/pet-export-from-dubai/,guide,secondary,40,informational,awareness,document-health-cert,/guides/,new,not tracked,Top 10,none,cost to export pet from Dubai; pet export Dubai price; MOCCAE pet export permit; documents to take pet out of UAE; pet fit to fly certificate Dubai,/service/pet-export-dubai/; /service/pet-relocation-from-dubai/,medium,54,to create,unknown,2026-12-03
veterinary health certificate UAE MOCCAE,https://dubai-pet-relocation.ae/guides/uae-pet-import-requirements/,guide,secondary,30,informational,awareness,document-health-cert,/guides/,existing,not tracked,Top 20,low: /service/pet-import-dubai/ (ruling 5),UAE pet import requirements; Dubai pet import rules; Dubai pet import rules 2026; UAE approved countries pet import list; high risk rabies countries UAE list,/guides/moccae-import-permit/; /guides/rabies-titer-test-dubai/; /guides/banned-dog-breeds-dubai/,medium,50,assigned,2026-07-02 (sitemap lastmod),2026-12-03
pet passport Dubai,https://dubai-pet-relocation.ae/guides/uae-pet-import-requirements/,guide,secondary,210,informational,awareness,document-passport,/guides/,existing,not tracked,Top 20,low: /service/pet-import-dubai/ (ruling 5),UAE pet import requirements; Dubai pet import rules; Dubai pet import rules 2026; UAE approved countries pet import list; high risk rabies countries UAE list,/guides/moccae-import-permit/; /guides/rabies-titer-test-dubai/; /guides/banned-dog-breeds-dubai/,medium,53,assigned,2026-07-02 (sitemap lastmod),2026-12-03
pet passport UAE,https://dubai-pet-relocation.ae/guides/uae-pet-import-requirements/,guide,secondary,90,informational,awareness,document-passport,/guides/,existing,not tracked,Top 20,low: /service/pet-import-dubai/ (ruling 5),UAE pet import requirements; Dubai pet import rules; Dubai pet import rules 2026; UAE approved countries pet import list; high risk rabies countries UAE list,/guides/moccae-import-permit/; /guides/rabies-titer-test-dubai/; /guides/banned-dog-breeds-dubai/,medium,52,assigned,2026-07-02 (sitemap lastmod),2026-12-03
pet passport Dubai price,https://dubai-pet-relocation.ae/guides/uae-pet-import-requirements/,guide,secondary,40,informational,awareness,document-passport,/guides/,existing,not tracked,Top 20,low: /service/pet-import-dubai/ (ruling 5),UAE pet import requirements; Dubai pet import rules; Dubai pet import rules 2026; UAE approved countries pet import list; high risk rabies countries UAE list,/guides/moccae-import-permit/; /guides/rabies-titer-test-dubai/; /guides/banned-dog-breeds-dubai/,medium,50,assigned,2026-07-02 (sitemap lastmod),2026-12-03
EU pet passport valid for Dubai,https://dubai-pet-relocation.ae/guides/uae-pet-import-requirements/,guide,secondary,20,informational,awareness,document-passport,/guides/,existing,not tracked,Top 20,low: /service/pet-import-dubai/ (ruling 5),UAE pet import requirements; Dubai pet import rules; Dubai pet import rules 2026; UAE approved countries pet import list; high risk rabies countries UAE list,/guides/moccae-import-permit/; /guides/rabies-titer-test-dubai/; /guides/banned-dog-breeds-dubai/,low,42,assigned,2026-07-02 (sitemap lastmod),2026-12-03
animal health certificate UK to Dubai,https://dubai-pet-relocation.ae/routes/uk-to-dubai/,route,secondary,30,informational,awareness,document-ahc,/routes/,existing,not tracked,Top 20,none,pet relocation to UAE from UK; bringing dog to UAE from UK; cost of flying a dog from UK to Dubai; cost of moving a dog from Dubai to UK; APHA animal health certificate Dubai,,medium,51,assigned,2026-07-02 (sitemap lastmod),2026-12-03
APHA animal health certificate Dubai,https://dubai-pet-relocation.ae/routes/uk-to-dubai/,route,secondary,20,informational,awareness,document-ahc,/routes/,existing,not tracked,Top 20,none,pet relocation to UAE from UK; bringing dog to UAE from UK; cost of flying a dog from UK to Dubai; cost of moving a dog from Dubai to UK; animal health certificate UK to Dubai,,medium,50,assigned,2026-07-02 (sitemap lastmod),2026-12-03
USDA endorsed health certificate UAE,https://dubai-pet-relocation.ae/routes/usa-to-dubai/,route,secondary,20,informational,awareness,document-health-cert,/routes/,existing,not tracked,Top 20,none,pet relocation USA to Dubai; moving dog from USA to Dubai; pet transport USA to Dubai; bring cat from USA to Dubai; pet relocation USA to UAE,,medium,52,assigned,2026-07-02 (sitemap lastmod),2026-12-03
microchip requirements UAE pets,https://dubai-pet-relocation.ae/guides/uae-pet-import-requirements/,guide,secondary,50,informational,awareness,document-microchip,/guides/,existing,not tracked,Top 20,low: /service/pet-import-dubai/ (ruling 5),UAE pet import requirements; Dubai pet import rules; Dubai pet import rules 2026; UAE approved countries pet import list; high risk rabies countries UAE list,/guides/moccae-import-permit/; /guides/rabies-titer-test-dubai/; /guides/banned-dog-breeds-dubai/,medium,51,assigned,2026-07-02 (sitemap lastmod),2026-12-03
ISO microchip for Dubai pet import,https://dubai-pet-relocation.ae/guides/uae-pet-import-requirements/,guide,secondary,30,informational,awareness,document-microchip,/guides/,existing,not tracked,Top 20,low: /service/pet-import-dubai/ (ruling 5),UAE pet import requirements; Dubai pet import rules; Dubai pet import rules 2026; UAE approved countries pet import list; high risk rabies countries UAE list,/guides/moccae-import-permit/; /guides/rabies-titer-test-dubai/; /guides/banned-dog-breeds-dubai/,medium,50,assigned,2026-07-02 (sitemap lastmod),2026-12-03
US microchip not accepted UAE,https://dubai-pet-relocation.ae/guides/uae-pet-import-requirements/,guide,secondary,10,informational,awareness,document-microchip,/guides/,existing,not tracked,Top 20,low: /service/pet-import-dubai/ (ruling 5),UAE pet import requirements; Dubai pet import rules; Dubai pet import rules 2026; UAE approved countries pet import list; high risk rabies countries UAE list,/guides/moccae-import-permit/; /guides/rabies-titer-test-dubai/; /guides/banned-dog-breeds-dubai/,low,40,assigned,2026-07-02 (sitemap lastmod),2026-12-03
pet microchipping Dubai,https://dubai-pet-relocation.ae/guides/uae-pet-import-requirements/,guide,secondary,170,informational,awareness,document-microchip,/guides/,existing,not tracked,Top 20,low: /service/pet-import-dubai/ (ruling 5),UAE pet import requirements; Dubai pet import rules; Dubai pet import rules 2026; UAE approved countries pet import list; high risk rabies countries UAE list,/guides/moccae-import-permit/; /guides/rabies-titer-test-dubai/; /guides/banned-dog-breeds-dubai/,medium,53,assigned,2026-07-02 (sitemap lastmod),2026-12-03
rabies vaccination certificate UAE,https://dubai-pet-relocation.ae/guides/uae-pet-import-requirements/,guide,secondary,40,informational,awareness,document-health-cert,/guides/,existing,not tracked,Top 20,low: /service/pet-import-dubai/ (ruling 5),UAE pet import requirements; Dubai pet import rules; Dubai pet import rules 2026; UAE approved countries pet import list; high risk rabies countries UAE list,/guides/moccae-import-permit/; /guides/rabies-titer-test-dubai/; /guides/banned-dog-breeds-dubai/,medium,50,assigned,2026-07-02 (sitemap lastmod),2026-12-03
pet vaccination record for travel UAE,https://dubai-pet-relocation.ae/guides/uae-pet-import-requirements/,guide,secondary,30,informational,awareness,document-health-cert,/guides/,existing,not tracked,Top 20,low: /service/pet-import-dubai/ (ruling 5),UAE pet import requirements; Dubai pet import rules; Dubai pet import rules 2026; UAE approved countries pet import list; high risk rabies countries UAE list,/guides/moccae-import-permit/; /guides/rabies-titer-test-dubai/; /guides/banned-dog-breeds-dubai/,medium,50,assigned,2026-07-02 (sitemap lastmod),2026-12-03
IATA approved pet crate Dubai,https://dubai-pet-relocation.ae/guides/iata-pet-crate-requirements/,guide,primary,70,informational,awareness,document-crate,/guides/,existing,not tracked,Top 10,none,IATA pet crate price Dubai; pet travel crate cost UAE; IATA crate requirements pets; what size crate for my dog to fly; how to prepare my pet for a flight to Dubai,/guides/pet-relocation-cost-dubai/,medium,64,needs refresh,2026-07-02 (sitemap lastmod),2026-12-03
IATA crate requirements pets,https://dubai-pet-relocation.ae/guides/iata-pet-crate-requirements/,guide,secondary,50,informational,awareness,document-crate,/guides/,existing,not tracked,Top 20,none,IATA pet crate price Dubai; pet travel crate cost UAE; IATA approved pet crate Dubai; what size crate for my dog to fly; how to prepare my pet for a flight to Dubai,/guides/pet-relocation-cost-dubai/,low,46,assigned,2026-07-02 (sitemap lastmod),2026-12-03
what size crate for my dog to fly,https://dubai-pet-relocation.ae/guides/iata-pet-crate-requirements/,guide,secondary,40,informational,awareness,document-crate,/guides/,existing,not tracked,Top 20,none,IATA pet crate price Dubai; pet travel crate cost UAE; IATA approved pet crate Dubai; IATA crate requirements pets; how to prepare my pet for a flight to Dubai,/guides/pet-relocation-cost-dubai/,low,45,assigned,2026-07-02 (sitemap lastmod),2026-12-03
pet travel documents Dubai checklist,https://dubai-pet-relocation.ae/guides/uae-pet-import-requirements/,guide,secondary,30,informational,awareness,document-checklist,/guides/,existing,not tracked,Top 20,low: /service/pet-import-dubai/ (ruling 5),UAE pet import requirements; Dubai pet import rules; Dubai pet import rules 2026; UAE approved countries pet import list; high risk rabies countries UAE list,/guides/moccae-import-permit/; /guides/rabies-titer-test-dubai/; /guides/banned-dog-breeds-dubai/,medium,50,assigned,2026-07-02 (sitemap lastmod),2026-12-03
documents needed to bring pet to Dubai,https://dubai-pet-relocation.ae/guides/uae-pet-import-requirements/,guide,secondary,50,informational,awareness,document-checklist,/guides/,existing,not tracked,Top 20,low: /service/pet-import-dubai/ (ruling 5),UAE pet import requirements; Dubai pet import rules; Dubai pet import rules 2026; UAE approved countries pet import list; high risk rabies countries UAE list,/guides/moccae-import-permit/; /guides/rabies-titer-test-dubai/; /guides/banned-dog-breeds-dubai/,medium,51,assigned,2026-07-02 (sitemap lastmod),2026-12-03
documents to take pet out of UAE,https://dubai-pet-relocation.ae/guides/pet-export-from-dubai/,guide,secondary,30,informational,awareness,document-checklist,/guides/,new,not tracked,Top 10,none,cost to export pet from Dubai; pet export Dubai price; MOCCAE pet export permit; export health certificate UAE pets; pet fit to fly certificate Dubai,/service/pet-export-dubai/; /service/pet-relocation-from-dubai/,medium,54,to create,unknown,2026-12-03
tapeworm treatment dog Dubai to UK,https://dubai-pet-relocation.ae/routes/dubai-to-uk/,route,secondary,20,informational,awareness,document-checklist,/routes/,existing,not tracked,Top 20,none,how to take my dog from Dubai to UK; pet relocation Dubai to UK; moving dog from Dubai to UK; pet export Dubai to UK; pet relocation Dubai to London,,low,45,assigned,2026-07-02 (sitemap lastmod),2026-12-03
pet fit to fly certificate Dubai,https://dubai-pet-relocation.ae/guides/pet-export-from-dubai/,guide,secondary,30,informational,awareness,document-health-cert,/guides/,new,not tracked,Top 10,none,cost to export pet from Dubai; pet export Dubai price; MOCCAE pet export permit; export health certificate UAE pets; documents to take pet out of UAE,/service/pet-export-dubai/; /service/pet-relocation-from-dubai/,medium,54,to create,unknown,2026-12-03
Emirates pet cargo,https://dubai-pet-relocation.ae/guides/emirates-pet-cargo/,guide,primary,260,informational,consideration,airline-emirates,/guides/,new,not tracked,Top 10,low: /guides/etihad-pet-policy/ (airline policy overlap),Emirates SkyCargo pet cost; Emirates SkyCargo pets; Emirates pet policy; Emirates pet cargo booking; Emirates pet cargo price,/guides/etihad-pet-policy/; /guides/dubai-pet-arrival-guide/,medium,70,to create,unknown,2026-12-03
Emirates SkyCargo pets,https://dubai-pet-relocation.ae/guides/emirates-pet-cargo/,guide,secondary,140,informational,consideration,airline-emirates,/guides/,new,not tracked,Top 10,low: /guides/etihad-pet-policy/ (airline policy overlap),Emirates SkyCargo pet cost; Emirates pet cargo; Emirates pet policy; Emirates pet cargo booking; Emirates pet cargo price,/guides/etihad-pet-policy/; /guides/dubai-pet-arrival-guide/,medium,58,to create,unknown,2026-12-03
Emirates pet policy,https://dubai-pet-relocation.ae/guides/emirates-pet-cargo/,guide,secondary,210,informational,consideration,airline-emirates,/guides/,new,not tracked,Top 10,low: /guides/etihad-pet-policy/ (airline policy overlap),Emirates SkyCargo pet cost; Emirates pet cargo; Emirates SkyCargo pets; Emirates pet cargo booking; Emirates pet cargo price,/guides/etihad-pet-policy/; /guides/dubai-pet-arrival-guide/,low,52,to create,unknown,2026-12-03
Emirates pet cargo booking,https://dubai-pet-relocation.ae/guides/emirates-pet-cargo/,guide,secondary,70,informational,consideration,airline-emirates,/guides/,new,not tracked,Top 10,low: /guides/etihad-pet-policy/ (airline policy overlap),Emirates SkyCargo pet cost; Emirates pet cargo; Emirates SkyCargo pets; Emirates pet policy; Emirates pet cargo price,/guides/etihad-pet-policy/; /guides/dubai-pet-arrival-guide/,high,64,to create,unknown,2026-12-03
Emirates pet cargo price,https://dubai-pet-relocation.ae/guides/emirates-pet-cargo/,guide,secondary,50,informational,consideration,airline-emirates,/guides/,new,not tracked,Top 10,low: /guides/etihad-pet-policy/ (airline policy overlap),Emirates SkyCargo pet cost; Emirates pet cargo; Emirates SkyCargo pets; Emirates pet policy; Emirates pet cargo booking,/guides/etihad-pet-policy/; /guides/dubai-pet-arrival-guide/,medium,56,to create,unknown,2026-12-03
Etihad pet policy,https://dubai-pet-relocation.ae/guides/etihad-pet-policy/,guide,primary,170,informational,consideration,airline-etihad,/guides/,new,not tracked,Top 10,low: /guides/emirates-pet-cargo/ (airline policy overlap),Etihad pets in cabin; Etihad pet fee; can pets fly in cabin to Dubai; assistance dog flight to Dubai; emotional support animal flying to UAE,/cities/abu-dhabi/; /guides/emirates-pet-cargo/,low,62,to create,unknown,2026-12-03
Etihad pets in cabin,https://dubai-pet-relocation.ae/guides/etihad-pet-policy/,guide,primary,90,informational,consideration,airline-etihad,/guides/,new,not tracked,Top 10,low: /guides/pet-flight-options-dubai/ (chooser hub — no fee grid),Etihad pet policy; Etihad pet fee; can pets fly in cabin to Dubai; assistance dog flight to Dubai; emotional support animal flying to UAE,/cities/abu-dhabi/; /guides/emirates-pet-cargo/; /guides/pet-flight-options-dubai/,medium,70,assigned,2026-09-04,2026-12-03
Etihad pet fee,https://dubai-pet-relocation.ae/guides/etihad-pet-policy/,guide,secondary,40,informational,consideration,airline-etihad,/guides/,new,not tracked,Top 10,low: /guides/emirates-pet-cargo/ (airline policy overlap),Etihad pet policy; Etihad pets in cabin; can pets fly in cabin to Dubai; assistance dog flight to Dubai; emotional support animal flying to UAE,/cities/abu-dhabi/; /guides/emirates-pet-cargo/,medium,55,to create,unknown,2026-12-03
flydubai pets policy,https://dubai-pet-relocation.ae/guides/emirates-pet-cargo/,guide,secondary,90,informational,consideration,airline-flydubai,/guides/,new,not tracked,Top 10,low: /guides/etihad-pet-policy/ (airline policy overlap),Emirates SkyCargo pet cost; Emirates pet cargo; Emirates SkyCargo pets; Emirates pet policy; Emirates pet cargo booking,/guides/etihad-pet-policy/; /guides/dubai-pet-arrival-guide/,low,50,to create,unknown,2026-12-03
flydubai pet cargo,https://dubai-pet-relocation.ae/guides/emirates-pet-cargo/,guide,secondary,40,informational,consideration,airline-flydubai,/guides/,new,not tracked,Top 10,low: /guides/etihad-pet-policy/ (airline policy overlap),Emirates SkyCargo pet cost; Emirates pet cargo; Emirates SkyCargo pets; Emirates pet policy; Emirates pet cargo booking,/guides/etihad-pet-policy/; /guides/dubai-pet-arrival-guide/,medium,55,to create,unknown,2026-12-03
Qatar Airways pet policy,https://dubai-pet-relocation.ae/guides/emirates-pet-cargo/,guide,secondary,170,informational,consideration,airline-qatar,/guides/,new,not tracked,Top 10,low: /guides/etihad-pet-policy/ (airline policy overlap),Emirates SkyCargo pet cost; Emirates pet cargo; Emirates SkyCargo pets; Emirates pet policy; Emirates pet cargo booking,/guides/etihad-pet-policy/; /guides/dubai-pet-arrival-guide/,low,51,to create,unknown,2026-12-03
Air Arabia pet policy,https://dubai-pet-relocation.ae/guides/emirates-pet-cargo/,guide,secondary,40,informational,consideration,airline-other,/guides/,new,not tracked,Top 10,low: /guides/etihad-pet-policy/ (airline policy overlap),Emirates SkyCargo pet cost; Emirates pet cargo; Emirates SkyCargo pets; Emirates pet policy; Emirates pet cargo booking,/guides/etihad-pet-policy/; /guides/dubai-pet-arrival-guide/,low,48,to create,unknown,2026-12-03
British Airways pet cargo Dubai,https://dubai-pet-relocation.ae/guides/emirates-pet-cargo/,guide,secondary,30,informational,consideration,airline-other,/guides/,new,not tracked,Top 10,low: /guides/etihad-pet-policy/ (airline policy overlap),Emirates SkyCargo pet cost; Emirates pet cargo; Emirates SkyCargo pets; Emirates pet policy; Emirates pet cargo booking,/guides/etihad-pet-policy/; /guides/dubai-pet-arrival-guide/,low,48,to create,unknown,2026-12-03
Lufthansa pet cargo Dubai,https://dubai-pet-relocation.ae/guides/emirates-pet-cargo/,guide,secondary,20,informational,consideration,airline-other,/guides/,new,not tracked,Top 10,low: /guides/etihad-pet-policy/ (airline policy overlap),Emirates SkyCargo pet cost; Emirates pet cargo; Emirates SkyCargo pets; Emirates pet policy; Emirates pet cargo booking,/guides/etihad-pet-policy/; /guides/dubai-pet-arrival-guide/,low,47,to create,unknown,2026-12-03
KLM pets to Dubai,https://dubai-pet-relocation.ae/guides/emirates-pet-cargo/,guide,secondary,20,informational,consideration,airline-other,/guides/,new,not tracked,Top 10,low: /guides/etihad-pet-policy/ (airline policy overlap),Emirates SkyCargo pet cost; Emirates pet cargo; Emirates SkyCargo pets; Emirates pet policy; Emirates pet cargo booking,/guides/etihad-pet-policy/; /guides/dubai-pet-arrival-guide/,low,47,to create,unknown,2026-12-03
Air France pet cargo Dubai,https://dubai-pet-relocation.ae/guides/emirates-pet-cargo/,guide,secondary,20,informational,consideration,airline-other,/guides/,new,not tracked,Top 10,low: /guides/etihad-pet-policy/ (airline policy overlap),Emirates SkyCargo pet cost; Emirates pet cargo; Emirates SkyCargo pets; Emirates pet policy; Emirates pet cargo booking,/guides/etihad-pet-policy/; /guides/dubai-pet-arrival-guide/,low,47,to create,unknown,2026-12-03
Air India pet policy Dubai route,https://dubai-pet-relocation.ae/guides/emirates-pet-cargo/,guide,secondary,20,informational,consideration,airline-other,/guides/,new,not tracked,Top 10,low: /guides/etihad-pet-policy/ (airline policy overlap),Emirates SkyCargo pet cost; Emirates pet cargo; Emirates SkyCargo pets; Emirates pet policy; Emirates pet cargo booking,/guides/etihad-pet-policy/; /guides/dubai-pet-arrival-guide/,low,47,to create,unknown,2026-12-03
Turkish Airlines pets to Dubai,https://dubai-pet-relocation.ae/guides/emirates-pet-cargo/,guide,secondary,20,informational,consideration,airline-other,/guides/,new,not tracked,Top 10,low: /guides/etihad-pet-policy/ (airline policy overlap),Emirates SkyCargo pet cost; Emirates pet cargo; Emirates SkyCargo pets; Emirates pet policy; Emirates pet cargo booking,/guides/etihad-pet-policy/; /guides/dubai-pet-arrival-guide/,low,47,to create,unknown,2026-12-03
which airlines fly pets to Dubai,https://dubai-pet-relocation.ae/guides/emirates-pet-cargo/,guide,secondary,50,informational,consideration,airline-comparison,/guides/,new,not tracked,Top 10,low: /guides/etihad-pet-policy/ (airline policy overlap),Emirates SkyCargo pet cost; Emirates pet cargo; Emirates SkyCargo pets; Emirates pet policy; Emirates pet cargo booking,/guides/etihad-pet-policy/; /guides/dubai-pet-arrival-guide/,medium,56,to create,unknown,2026-12-03
pet friendly airlines Dubai,https://dubai-pet-relocation.ae/guides/emirates-pet-cargo/,guide,secondary,70,informational,consideration,airline-comparison,/guides/,new,not tracked,Top 10,low: /guides/etihad-pet-policy/ (airline policy overlap),Emirates SkyCargo pet cost; Emirates pet cargo; Emirates SkyCargo pets; Emirates pet policy; Emirates pet cargo booking,/guides/etihad-pet-policy/; /guides/dubai-pet-arrival-guide/,medium,56,to create,unknown,2026-12-03
best airline to fly dog to Dubai,https://dubai-pet-relocation.ae/guides/emirates-pet-cargo/,guide,secondary,30,informational,consideration,airline-comparison,/guides/,new,not tracked,Top 10,low: /guides/etihad-pet-policy/ (airline policy overlap),Emirates SkyCargo pet cost; Emirates pet cargo; Emirates SkyCargo pets; Emirates pet policy; Emirates pet cargo booking,/guides/etihad-pet-policy/; /guides/dubai-pet-arrival-guide/,medium,55,to create,unknown,2026-12-03
manifest cargo vs excess baggage pets,https://dubai-pet-relocation.ae/guides/pet-as-checked-baggage/,guide,secondary,40,informational,consideration,airline-cargo-concepts,/guides/,new,not tracked,Top 10,low: /guides/emirates-pet-cargo/ (cargo owns manifest keywords),pets as checked baggage UAE; accompanied pet baggage UAE; excess baggage pets UAE,/guides/emirates-pet-cargo/; /guides/pet-flight-options-dubai/,low,55,assigned,2026-09-04,2026-12-03
pets as checked baggage UAE,https://dubai-pet-relocation.ae/guides/pet-as-checked-baggage/,guide,primary,30,informational,consideration,airline-cargo-concepts,/guides/,new,not tracked,Top 10,low: /guides/emirates-pet-cargo/ (fee-table overlap — cargo owns 500/650/800),accompanied pet baggage UAE; excess baggage pets UAE; AVIH pet Dubai; Emirates checked baggage pets,/guides/emirates-pet-cargo/; /guides/pet-flight-options-dubai/,low,62,assigned,2026-09-04,2026-12-03
can pets fly in cabin to Dubai,https://dubai-pet-relocation.ae/guides/etihad-pet-policy/,guide,secondary,90,informational,consideration,airline-cargo-concepts,/guides/,new,not tracked,Top 10,low: /guides/emirates-pet-cargo/ (airline policy overlap),Etihad pet policy; Etihad pets in cabin; Etihad pet fee; assistance dog flight to Dubai; emotional support animal flying to UAE,/cities/abu-dhabi/; /guides/emirates-pet-cargo/,low,50,to create,unknown,2026-12-03
DXB pet arrival,https://dubai-pet-relocation.ae/guides/dubai-pet-arrival-guide/,guide,secondary,30,informational,consideration,airport-dxb,/guides/,new,not tracked,Top 10,none,pet quarantine cost Dubai; customs clearance fee pets Dubai; pet quarantine Dubai; quarantine rules for pets entering UAE; Dubai Municipality pet registration,/cities/dubai/; /dubai/; /service/pet-transport-dubai/,medium,58,to create,unknown,2026-12-03
Dubai airport pet collection cargo village,https://dubai-pet-relocation.ae/guides/dubai-pet-arrival-guide/,guide,secondary,20,informational,consideration,airport-dxb,/guides/,new,not tracked,Top 10,none,pet quarantine cost Dubai; customs clearance fee pets Dubai; pet quarantine Dubai; quarantine rules for pets entering UAE; Dubai Municipality pet registration,/cities/dubai/; /dubai/; /service/pet-transport-dubai/,medium,57,to create,unknown,2026-12-03
DXB cargo village pet clearance,https://dubai-pet-relocation.ae/guides/dubai-pet-arrival-guide/,guide,secondary,10,informational,consideration,airport-dxb,/guides/,new,not tracked,Top 10,none,pet quarantine cost Dubai; customs clearance fee pets Dubai; pet quarantine Dubai; quarantine rules for pets entering UAE; Dubai Municipality pet registration,/cities/dubai/; /dubai/; /service/pet-transport-dubai/,medium,55,to create,unknown,2026-12-03
DNATA pets Dubai airport,https://dubai-pet-relocation.ae/guides/dubai-pet-arrival-guide/,guide,secondary,20,informational,consideration,airport-dxb,/guides/,new,not tracked,Top 10,none,pet quarantine cost Dubai; customs clearance fee pets Dubai; pet quarantine Dubai; quarantine rules for pets entering UAE; Dubai Municipality pet registration,/cities/dubai/; /dubai/; /service/pet-transport-dubai/,medium,57,to create,unknown,2026-12-03
Dubai airport animal reception centre,https://dubai-pet-relocation.ae/guides/dubai-pet-arrival-guide/,guide,secondary,10,informational,consideration,airport-dxb,/guides/,new,not tracked,Top 10,none,pet quarantine cost Dubai; customs clearance fee pets Dubai; pet quarantine Dubai; quarantine rules for pets entering UAE; Dubai Municipality pet registration,/cities/dubai/; /dubai/; /service/pet-transport-dubai/,medium,55,to create,unknown,2026-12-03
summer pet embargo Dubai,https://dubai-pet-relocation.ae/guides/pet-travel-summer-dubai/,guide,primary,30,informational,consideration,airline-seasonal,/guides/,existing,not tracked,Top 10,none,flying pets to Dubai in summer; heat embargo pets UAE airlines,/guides/emirates-pet-cargo/; /guides/snub-nosed-dogs-flying-uae/,low,57,needs refresh,2026-07-02 (sitemap lastmod),2026-12-03
flying pets to Dubai in summer,https://dubai-pet-relocation.ae/guides/pet-travel-summer-dubai/,guide,secondary,30,informational,consideration,airline-seasonal,/guides/,existing,not tracked,Top 20,none,summer pet embargo Dubai; heat embargo pets UAE airlines,/guides/emirates-pet-cargo/; /guides/snub-nosed-dogs-flying-uae/,low,46,assigned,2026-07-02 (sitemap lastmod),2026-12-03
heat embargo pets UAE airlines,https://dubai-pet-relocation.ae/guides/pet-travel-summer-dubai/,guide,secondary,10,informational,consideration,airline-seasonal,/guides/,existing,not tracked,Top 20,none,summer pet embargo Dubai; flying pets to Dubai in summer,/guides/emirates-pet-cargo/; /guides/snub-nosed-dogs-flying-uae/,low,43,assigned,2026-07-02 (sitemap lastmod),2026-12-03
pet cargo airway bill tracking,https://dubai-pet-relocation.ae/guides/emirates-pet-cargo/,guide,secondary,10,informational,consideration,airline-cargo-concepts,/guides/,new,not tracked,Top 10,low: /guides/etihad-pet-policy/ (airline policy overlap),Emirates SkyCargo pet cost; Emirates pet cargo; Emirates SkyCargo pets; Emirates pet policy; Emirates pet cargo booking,/guides/etihad-pet-policy/; /guides/dubai-pet-arrival-guide/,low,45,to create,unknown,2026-12-03
airside pet transfer Dubai transit,https://dubai-pet-relocation.ae/guides/dubai-pet-arrival-guide/,guide,secondary,10,informational,consideration,airport-dxb,/guides/,new,not tracked,Top 10,none,pet quarantine cost Dubai; customs clearance fee pets Dubai; pet quarantine Dubai; quarantine rules for pets entering UAE; Dubai Municipality pet registration,/cities/dubai/; /dubai/; /service/pet-transport-dubai/,low,48,to create,unknown,2026-12-03
private jet pet travel Dubai,https://dubai-pet-relocation.ae/service/private-jet-pet-travel/,service,primary,40,commercial,consideration,airline-private,/services/,new,not tracked,Top 10,low: /service/international-pet-relocation/ (must link, not own),private jet with dog UAE; fly pet private aircraft Dubai,/service/shared-pet-charter/; /guides/pet-flight-options-dubai/; /service/pet-relocation-dubai/,high,72,assigned,2026-09-04,2026-12-03
shared pet charter flight Dubai,https://dubai-pet-relocation.ae/service/shared-pet-charter/,service,primary,20,commercial,consideration,airline-private,/services/,new,not tracked,Top 10,low: /service/international-pet-relocation/ (must link, not own),shared pet charter Dubai; group pet charter UAE,/service/private-jet-pet-travel/; /guides/pet-flight-options-dubai/; /service/pet-relocation-dubai/,high,70,assigned,2026-09-04,2026-12-03
pet charter flight Dubai to UK,https://dubai-pet-relocation.ae/service/shared-pet-charter/,service,secondary,20,commercial,consideration,airline-private,/services/,new,not tracked,Top 20,low: /service/private-jet-pet-travel/ (dedicated aircraft),shared pet charter Dubai; shared pet charter flight Dubai,/service/private-jet-pet-travel/; /guides/pet-flight-options-dubai/,high,61,assigned,2026-09-04,2026-12-03
dog relocation Dubai,https://dubai-pet-relocation.ae/service/dog-relocation-dubai/,service,primary,30,mixed,consideration,breed-dog,/services/,existing,not tracked,Top 3,"medium: /dog-relocation-to-dubai/ (money vs inbound directional, ruling 8)",dog relocation UAE; large dog relocation Dubai; giant breed dog transport UAE; senior dog relocation Dubai; anxious dog relocation Dubai,/dog-relocation-to-dubai/; /guides/banned-dog-breeds-dubai/,high,77,needs refresh,2026-07-02 (sitemap lastmod),2026-12-03
cat relocation Dubai,https://dubai-pet-relocation.ae/service/cat-relocation-dubai/,service,primary,10,mixed,consideration,breed-cat,/services/,existing,not tracked,Top 3,medium: /cat-relocation-to-dubai/ (ruling 9),cat relocation UAE,/cat-relocation-to-dubai/,high,77,needs refresh,2026-07-02 (sitemap lastmod),2026-12-03
dog relocation UAE,https://dubai-pet-relocation.ae/service/dog-relocation-dubai/,service,secondary,70,mixed,consideration,breed-dog,/services/,existing,not tracked,Top 20,"medium: /dog-relocation-to-dubai/ (money vs inbound directional, ruling 8)",dog relocation Dubai; large dog relocation Dubai; giant breed dog transport UAE; senior dog relocation Dubai; anxious dog relocation Dubai,/dog-relocation-to-dubai/; /guides/banned-dog-breeds-dubai/,high,63,assigned,2026-07-02 (sitemap lastmod),2026-12-03
cat relocation UAE,https://dubai-pet-relocation.ae/service/cat-relocation-dubai/,service,secondary,50,mixed,consideration,breed-cat,/services/,existing,not tracked,Top 20,medium: /cat-relocation-to-dubai/ (ruling 9),cat relocation Dubai,/cat-relocation-to-dubai/,high,63,assigned,2026-07-02 (sitemap lastmod),2026-12-03
snub-nosed dog flying to Dubai,https://dubai-pet-relocation.ae/guides/snub-nosed-dogs-flying-uae/,guide,primary,30,mixed,consideration,breed-brachycephalic,/guides/,new,not tracked,Top 10,none,brachycephalic breeds flying UAE; French bulldog fly to Dubai; can pugs fly to Dubai; English bulldog relocation Dubai; flying Persian cat to Dubai,/guides/pet-travel-summer-dubai/; /guides/emirates-pet-cargo/,medium,69,to create,unknown,2026-12-03
brachycephalic breeds flying UAE,https://dubai-pet-relocation.ae/guides/snub-nosed-dogs-flying-uae/,guide,secondary,20,mixed,consideration,breed-brachycephalic,/guides/,new,not tracked,Top 10,none,snub-nosed dog flying to Dubai; French bulldog fly to Dubai; can pugs fly to Dubai; English bulldog relocation Dubai; flying Persian cat to Dubai,/guides/pet-travel-summer-dubai/; /guides/emirates-pet-cargo/,medium,57,to create,unknown,2026-12-03
French bulldog fly to Dubai,https://dubai-pet-relocation.ae/guides/snub-nosed-dogs-flying-uae/,guide,secondary,20,mixed,consideration,breed-brachycephalic,/guides/,new,not tracked,Top 10,none,snub-nosed dog flying to Dubai; brachycephalic breeds flying UAE; can pugs fly to Dubai; English bulldog relocation Dubai; flying Persian cat to Dubai,/guides/pet-travel-summer-dubai/; /guides/emirates-pet-cargo/,medium,57,to create,unknown,2026-12-03
can pugs fly to Dubai,https://dubai-pet-relocation.ae/guides/snub-nosed-dogs-flying-uae/,guide,secondary,10,mixed,consideration,breed-brachycephalic,/guides/,new,not tracked,Top 10,none,snub-nosed dog flying to Dubai; brachycephalic breeds flying UAE; French bulldog fly to Dubai; English bulldog relocation Dubai; flying Persian cat to Dubai,/guides/pet-travel-summer-dubai/; /guides/emirates-pet-cargo/,low,48,to create,unknown,2026-12-03
English bulldog relocation Dubai,https://dubai-pet-relocation.ae/guides/snub-nosed-dogs-flying-uae/,guide,secondary,10,mixed,consideration,breed-brachycephalic,/guides/,new,not tracked,Top 10,none,snub-nosed dog flying to Dubai; brachycephalic breeds flying UAE; French bulldog fly to Dubai; can pugs fly to Dubai; flying Persian cat to Dubai,/guides/pet-travel-summer-dubai/; /guides/emirates-pet-cargo/,medium,55,to create,unknown,2026-12-03
flying Persian cat to Dubai,https://dubai-pet-relocation.ae/guides/snub-nosed-dogs-flying-uae/,guide,secondary,10,mixed,consideration,breed-brachycephalic,/guides/,new,not tracked,Top 10,none,snub-nosed dog flying to Dubai; brachycephalic breeds flying UAE; French bulldog fly to Dubai; can pugs fly to Dubai; English bulldog relocation Dubai,/guides/pet-travel-summer-dubai/; /guides/emirates-pet-cargo/,medium,55,to create,unknown,2026-12-03
large dog relocation Dubai,https://dubai-pet-relocation.ae/service/dog-relocation-dubai/,service,secondary,20,mixed,consideration,breed-large,/services/,existing,not tracked,Top 20,"medium: /dog-relocation-to-dubai/ (money vs inbound directional, ruling 8)",dog relocation Dubai; dog relocation UAE; giant breed dog transport UAE; senior dog relocation Dubai; anxious dog relocation Dubai,/dog-relocation-to-dubai/; /guides/banned-dog-breeds-dubai/,high,61,assigned,2026-07-02 (sitemap lastmod),2026-12-03
giant breed dog transport UAE,https://dubai-pet-relocation.ae/service/dog-relocation-dubai/,service,secondary,10,mixed,consideration,breed-large,/services/,existing,not tracked,Top 20,"medium: /dog-relocation-to-dubai/ (money vs inbound directional, ruling 8)",dog relocation Dubai; dog relocation UAE; large dog relocation Dubai; senior dog relocation Dubai; anxious dog relocation Dubai,/dog-relocation-to-dubai/; /guides/banned-dog-breeds-dubai/,high,59,assigned,2026-07-02 (sitemap lastmod),2026-12-03
relocating multiple pets to Dubai,https://dubai-pet-relocation.ae/service/pet-relocation-to-dubai/,service,secondary,20,mixed,consideration,breed-multi,/services/,existing,not tracked,Top 20,"low: /service/pet-relocation-dubai/ (directional vs money, ruling 2)",pet relocation to Dubai; moving to Dubai with pets; moving to Dubai with a dog; moving to Dubai with a cat; bringing a dog to Dubai,/guides/uae-pet-import-requirements/; /guides/moccae-import-permit/; /service/pet-relocation-dubai/,medium,53,assigned,2026-07-02 (sitemap lastmod),2026-12-03
moving two cats to Dubai,https://dubai-pet-relocation.ae/guides/uae-pet-import-requirements/,guide,secondary,10,mixed,consideration,breed-multi,/guides/,existing,not tracked,Top 20,low: /service/pet-import-dubai/ (ruling 5),UAE pet import requirements; Dubai pet import rules; Dubai pet import rules 2026; UAE approved countries pet import list; high risk rabies countries UAE list,/guides/moccae-import-permit/; /guides/rabies-titer-test-dubai/; /guides/banned-dog-breeds-dubai/,medium,48,assigned,2026-07-02 (sitemap lastmod),2026-12-03
relocating 3 dogs to Dubai,https://dubai-pet-relocation.ae/guides/uae-pet-import-requirements/,guide,secondary,10,mixed,consideration,breed-multi,/guides/,existing,not tracked,Top 20,low: /service/pet-import-dubai/ (ruling 5),UAE pet import requirements; Dubai pet import rules; Dubai pet import rules 2026; UAE approved countries pet import list; high risk rabies countries UAE list,/guides/moccae-import-permit/; /guides/rabies-titer-test-dubai/; /guides/banned-dog-breeds-dubai/,medium,48,assigned,2026-07-02 (sitemap lastmod),2026-12-03
puppy import Dubai,https://dubai-pet-relocation.ae/guides/uae-pet-import-requirements/,guide,secondary,20,mixed,consideration,breed-puppy,/guides/,existing,not tracked,Top 20,low: /service/pet-import-dubai/ (ruling 5),UAE pet import requirements; Dubai pet import rules; Dubai pet import rules 2026; UAE approved countries pet import list; high risk rabies countries UAE list,/guides/moccae-import-permit/; /guides/rabies-titer-test-dubai/; /guides/banned-dog-breeds-dubai/,medium,50,assigned,2026-07-02 (sitemap lastmod),2026-12-03
kitten relocation Dubai,https://dubai-pet-relocation.ae/guides/uae-pet-import-requirements/,guide,secondary,10,mixed,consideration,breed-puppy,/guides/,existing,not tracked,Top 20,low: /service/pet-import-dubai/ (ruling 5),UAE pet import requirements; Dubai pet import rules; Dubai pet import rules 2026; UAE approved countries pet import list; high risk rabies countries UAE list,/guides/moccae-import-permit/; /guides/rabies-titer-test-dubai/; /guides/banned-dog-breeds-dubai/,medium,48,assigned,2026-07-02 (sitemap lastmod),2026-12-03
senior dog relocation Dubai,https://dubai-pet-relocation.ae/service/dog-relocation-dubai/,service,secondary,10,mixed,consideration,breed-senior,/services/,existing,not tracked,Top 20,"medium: /dog-relocation-to-dubai/ (money vs inbound directional, ruling 8)",dog relocation Dubai; dog relocation UAE; large dog relocation Dubai; giant breed dog transport UAE; anxious dog relocation Dubai,/dog-relocation-to-dubai/; /guides/banned-dog-breeds-dubai/,medium,51,assigned,2026-07-02 (sitemap lastmod),2026-12-03
anxious dog relocation Dubai,https://dubai-pet-relocation.ae/service/dog-relocation-dubai/,service,secondary,10,mixed,consideration,breed-anxiety,/services/,existing,not tracked,Top 20,"medium: /dog-relocation-to-dubai/ (money vs inbound directional, ruling 8)",dog relocation Dubai; dog relocation UAE; large dog relocation Dubai; giant breed dog transport UAE; senior dog relocation Dubai,/dog-relocation-to-dubai/; /guides/banned-dog-breeds-dubai/,medium,51,assigned,2026-07-02 (sitemap lastmod),2026-12-03
pet bird relocation Dubai,https://dubai-pet-relocation.ae/service/pet-relocation-dubai/,service,secondary,10,mixed,consideration,species-bird,/services/,existing,not tracked,Top 20,low: /service/pet-relocation-to-dubai/ + /service/international-pet-relocation/ (folds per ruling 11),pet relocation Dubai; pet relocation services Dubai; pet shipping Dubai; pet moving company Dubai; pet movers Dubai,/service/pet-relocation-to-dubai/; /guides/pet-relocation-cost-dubai/; /service/pet-transport-dubai/,medium,49,assigned,2026-07-02 (sitemap lastmod),2026-12-03
parrot relocation UAE,https://dubai-pet-relocation.ae/service/pet-relocation-dubai/,service,secondary,10,mixed,consideration,species-bird,/services/,existing,not tracked,Top 20,low: /service/pet-relocation-to-dubai/ + /service/international-pet-relocation/ (folds per ruling 11),pet relocation Dubai; pet relocation services Dubai; pet shipping Dubai; pet moving company Dubai; pet movers Dubai,/service/pet-relocation-to-dubai/; /guides/pet-relocation-cost-dubai/; /service/pet-transport-dubai/,medium,49,assigned,2026-07-02 (sitemap lastmod),2026-12-03
bird import UAE permit,https://dubai-pet-relocation.ae/service/pet-relocation-dubai/,service,secondary,10,mixed,consideration,species-bird,/services/,existing,not tracked,Top 20,low: /service/pet-relocation-to-dubai/ + /service/international-pet-relocation/ (folds per ruling 11),pet relocation Dubai; pet relocation services Dubai; pet shipping Dubai; pet moving company Dubai; pet movers Dubai,/service/pet-relocation-to-dubai/; /guides/pet-relocation-cost-dubai/; /service/pet-transport-dubai/,medium,49,assigned,2026-07-02 (sitemap lastmod),2026-12-03
rabbit relocation Dubai,https://dubai-pet-relocation.ae/service/pet-relocation-dubai/,service,secondary,10,mixed,consideration,species-rabbit,/services/,existing,not tracked,Top 20,low: /service/pet-relocation-to-dubai/ + /service/international-pet-relocation/ (folds per ruling 11),pet relocation Dubai; pet relocation services Dubai; pet shipping Dubai; pet moving company Dubai; pet movers Dubai,/service/pet-relocation-to-dubai/; /guides/pet-relocation-cost-dubai/; /service/pet-transport-dubai/,medium,49,assigned,2026-07-02 (sitemap lastmod),2026-12-03
relocating rabbit to UAE,https://dubai-pet-relocation.ae/service/pet-relocation-dubai/,service,secondary,10,mixed,consideration,species-rabbit,/services/,existing,not tracked,Top 20,low: /service/pet-relocation-to-dubai/ + /service/international-pet-relocation/ (folds per ruling 11),pet relocation Dubai; pet relocation services Dubai; pet shipping Dubai; pet moving company Dubai; pet movers Dubai,/service/pet-relocation-to-dubai/; /guides/pet-relocation-cost-dubai/; /service/pet-transport-dubai/,medium,49,assigned,2026-07-02 (sitemap lastmod),2026-12-03
exotic pet relocation Dubai,https://dubai-pet-relocation.ae/service/pet-relocation-dubai/,service,secondary,10,mixed,consideration,species-exotic,/services/,existing,not tracked,Top 20,low: /service/pet-relocation-to-dubai/ + /service/international-pet-relocation/ (folds per ruling 11),pet relocation Dubai; pet relocation services Dubai; pet shipping Dubai; pet moving company Dubai; pet movers Dubai,/service/pet-relocation-to-dubai/; /guides/pet-relocation-cost-dubai/; /service/pet-transport-dubai/,medium,49,assigned,2026-07-02 (sitemap lastmod),2026-12-03
reptile relocation UAE,https://dubai-pet-relocation.ae/service/pet-relocation-dubai/,service,secondary,10,mixed,consideration,species-exotic,/services/,existing,not tracked,Top 20,low: /service/pet-relocation-to-dubai/ + /service/international-pet-relocation/ (folds per ruling 11),pet relocation Dubai; pet relocation services Dubai; pet shipping Dubai; pet moving company Dubai; pet movers Dubai,/service/pet-relocation-to-dubai/; /guides/pet-relocation-cost-dubai/; /service/pet-transport-dubai/,medium,49,assigned,2026-07-02 (sitemap lastmod),2026-12-03
hamster guinea pig relocation Dubai,https://dubai-pet-relocation.ae/service/pet-relocation-dubai/,service,secondary,10,mixed,consideration,species-exotic,/services/,existing,not tracked,Top 20,low: /service/pet-relocation-to-dubai/ + /service/international-pet-relocation/ (folds per ruling 11),pet relocation Dubai; pet relocation services Dubai; pet shipping Dubai; pet moving company Dubai; pet movers Dubai,/service/pet-relocation-to-dubai/; /guides/pet-relocation-cost-dubai/; /service/pet-transport-dubai/,low,42,assigned,2026-07-02 (sitemap lastmod),2026-12-03
falcon transport UAE,https://dubai-pet-relocation.ae/service/international-pet-relocation/,service,secondary,20,mixed,consideration,species-falcon,/services/,existing,not tracked,Top 20,"low: /service/pet-relocation-dubai/ (cargo fold, ruling 11)",international pet relocation Dubai; pet cargo Dubai; international pet shipping Dubai; pet flight booking service Dubai; pet cargo booking Dubai,/service/pet-relocation-dubai/; /routes/,low,46,assigned,2026-07-02 (sitemap lastmod),2026-12-03
horse transport UAE international,https://dubai-pet-relocation.ae/service/international-pet-relocation/,service,secondary,20,mixed,consideration,species-horse,/services/,existing,not tracked,Top 20,"low: /service/pet-relocation-dubai/ (cargo fold, ruling 11)",international pet relocation Dubai; pet cargo Dubai; international pet shipping Dubai; pet flight booking service Dubai; pet cargo booking Dubai,/service/pet-relocation-dubai/; /routes/,medium,53,assigned,2026-07-02 (sitemap lastmod),2026-12-03
assistance dog flight to Dubai,https://dubai-pet-relocation.ae/guides/etihad-pet-policy/,guide,secondary,20,mixed,consideration,breed-assistance,/guides/,new,not tracked,Top 10,low: /guides/emirates-pet-cargo/ (airline policy overlap),Etihad pet policy; Etihad pets in cabin; Etihad pet fee; can pets fly in cabin to Dubai; emotional support animal flying to UAE,/cities/abu-dhabi/; /guides/emirates-pet-cargo/,low,47,to create,unknown,2026-12-03
emotional support animal flying to UAE,https://dubai-pet-relocation.ae/guides/etihad-pet-policy/,guide,secondary,20,mixed,consideration,breed-assistance,/guides/,new,not tracked,Top 10,low: /guides/emirates-pet-cargo/ (airline policy overlap),Etihad pet policy; Etihad pets in cabin; Etihad pet fee; can pets fly in cabin to Dubai; assistance dog flight to Dubai,/cities/abu-dhabi/; /guides/emirates-pet-cargo/,low,47,to create,unknown,2026-12-03
relocating adopted stray dog from Dubai,https://dubai-pet-relocation.ae/service/pet-export-dubai/,service,secondary,10,mixed,consideration,breed-rescue,/services/,existing,not tracked,Top 20,none,pet export services Dubai; pet export Dubai; export dog from Dubai; export cat from Dubai; pet export UAE,/guides/pet-export-from-dubai/; /service/pet-relocation-from-dubai/,medium,51,assigned,2026-07-02 (sitemap lastmod),2026-12-03
relocating rescue cat from UAE to UK,https://dubai-pet-relocation.ae/service/pet-export-dubai/,service,secondary,10,mixed,consideration,breed-rescue,/services/,existing,not tracked,Top 20,none,pet export services Dubai; pet export Dubai; export dog from Dubai; export cat from Dubai; pet export UAE,/guides/pet-export-from-dubai/; /service/pet-relocation-from-dubai/,medium,51,assigned,2026-07-02 (sitemap lastmod),2026-12-03
pet relocation Dubai Marina,https://dubai-pet-relocation.ae/dubai/dubai-marina/,local,primary,10,commercial,decision,local-marina,/dubai/,existing,not tracked,Top 10,none,pet taxi Dubai Marina,,high,66,needs refresh,2026-07-02 (sitemap lastmod),2026-12-03
pet taxi Dubai Marina,https://dubai-pet-relocation.ae/dubai/dubai-marina/,local,primary,20,commercial,decision,local-marina,/dubai/,existing,not tracked,Top 10,none,pet relocation Dubai Marina,,high,68,needs refresh,2026-07-02 (sitemap lastmod),2026-12-03
pet transport JVC,https://dubai-pet-relocation.ae/dubai/jvc/,local,primary,10,commercial,decision,local-jvc,/dubai/,existing,not tracked,Top 10,none,,,high,66,needs refresh,2026-07-02 (sitemap lastmod),2026-12-03
pet relocation Jumeirah,https://dubai-pet-relocation.ae/dubai/jumeirah/,local,primary,10,commercial,decision,local-jumeirah,/dubai/,existing,not tracked,Top 10,none,pet taxi Jumeirah; pet relocation Palm Jumeirah,,high,66,needs refresh,2026-07-02 (sitemap lastmod),2026-12-03
pet taxi Jumeirah,https://dubai-pet-relocation.ae/dubai/jumeirah/,local,primary,10,commercial,decision,local-jumeirah,/dubai/,existing,not tracked,Top 10,none,pet relocation Jumeirah; pet relocation Palm Jumeirah,,high,66,needs refresh,2026-07-02 (sitemap lastmod),2026-12-03
pet relocation Palm Jumeirah,https://dubai-pet-relocation.ae/dubai/jumeirah/,local,primary,10,commercial,decision,local-palm,/dubai/,existing,not tracked,Top 10,none,pet relocation Jumeirah; pet taxi Jumeirah,,high,66,needs refresh,2026-07-02 (sitemap lastmod),2026-12-03
pet transport Downtown Dubai,https://dubai-pet-relocation.ae/dubai/downtown-dubai/,local,primary,10,commercial,decision,local-downtown,/dubai/,existing,not tracked,Top 10,none,,,high,66,needs refresh,2026-07-02 (sitemap lastmod),2026-12-03
pet relocation Business Bay,https://dubai-pet-relocation.ae/dubai/business-bay/,local,primary,10,commercial,decision,local-businessbay,/dubai/,existing,not tracked,Top 10,medium: ND1 group (business-bay/bur-dubai/karama near-duplicates),,,high,66,needs refresh,2026-07-02 (sitemap lastmod),2026-12-03
pet relocation Dubai Hills,https://dubai-pet-relocation.ae/dubai/dubai-hills/,local,primary,10,commercial,decision,local-dubaihills,/dubai/,existing,not tracked,Top 10,medium: ND4 group (dubai-hills/meydan near-duplicates),,,high,66,needs refresh,2026-07-02 (sitemap lastmod),2026-12-03
pet transport Arabian Ranches,https://dubai-pet-relocation.ae/dubai/arabian-ranches/,local,primary,10,commercial,decision,local-ranches,/dubai/,existing,not tracked,Top 10,medium: ND3 group (arabian-ranches/dubailand near-duplicates),,,high,66,needs refresh,2026-07-02 (sitemap lastmod),2026-12-03
pet relocation Mirdif,https://dubai-pet-relocation.ae/dubai/mirdif/,local,primary,10,commercial,decision,local-mirdif,/dubai/,existing,not tracked,Top 10,none,,,high,66,needs refresh,2026-07-02 (sitemap lastmod),2026-12-03
pet transport Al Barsha,https://dubai-pet-relocation.ae/dubai/al-barsha/,local,primary,10,commercial,decision,local-barsha,/dubai/,existing,not tracked,Top 10,none,,,high,66,needs refresh,2026-07-02 (sitemap lastmod),2026-12-03
pet relocation Deira,https://dubai-pet-relocation.ae/dubai/deira/,local,primary,10,commercial,decision,local-deira,/dubai/,existing,not tracked,Top 10,none,,,high,66,needs refresh,2026-07-02 (sitemap lastmod),2026-12-03
pet taxi Dubai,https://dubai-pet-relocation.ae/service/pet-transport-dubai/,service,primary,590,commercial,decision,local-pet-taxi,/services/,existing,not tracked,Top 10,none,pet transport Dubai; pet transport services Dubai; pet transport Dubai to Abu Dhabi; pet taxi Dubai to Abu Dhabi; pet relocation between emirates,/dubai/; /cities/,high,86,assigned,2026-07-02 (sitemap lastmod),2026-12-03
pet taxi Abu Dhabi,https://dubai-pet-relocation.ae/cities/abu-dhabi/,city,secondary,110,commercial,decision,local-pet-taxi-ad,/cities/,existing,not tracked,Top 20,none,pet relocation Abu Dhabi; pet movers Abu Dhabi; pet transport Abu Dhabi; moving to Abu Dhabi with pets; can I bring my pet to Abu Dhabi instead of Dubai,,high,69,assigned,2026-07-02 (sitemap lastmod),2026-12-03
pet transport Ras Al Khaimah,https://dubai-pet-relocation.ae/cities/,hub,secondary,20,commercial,decision,local-rak,/,new,not tracked,Top 20,low: /cities/dubai/ (hub vs emirate page until merge),pet relocation UAE; pet relocation services UAE; pet shipping UAE; pet relocation company UAE; pet relocation Ras Al Khaimah,/dubai/; /cities/abu-dhabi/; /cities/sharjah/,high,64,to create,unknown,2026-12-03
pet relocation Ras Al Khaimah,https://dubai-pet-relocation.ae/cities/,hub,secondary,30,commercial,decision,local-rak,/,new,not tracked,Top 20,low: /cities/dubai/ (hub vs emirate page until merge),pet relocation UAE; pet relocation services UAE; pet shipping UAE; pet relocation company UAE; pet transport Ras Al Khaimah,/dubai/; /cities/abu-dhabi/; /cities/sharjah/,high,65,to create,unknown,2026-12-03
pet relocation Ajman,https://dubai-pet-relocation.ae/cities/,hub,secondary,20,commercial,decision,local-ajman,/,new,not tracked,Top 20,low: /cities/dubai/ (hub vs emirate page until merge),pet relocation UAE; pet relocation services UAE; pet shipping UAE; pet relocation company UAE; pet transport Ras Al Khaimah,/dubai/; /cities/abu-dhabi/; /cities/sharjah/,high,64,to create,unknown,2026-12-03
pet relocation Fujairah,https://dubai-pet-relocation.ae/cities/,hub,secondary,10,commercial,decision,local-fujairah,/,new,not tracked,Top 20,low: /cities/dubai/ (hub vs emirate page until merge),pet relocation UAE; pet relocation services UAE; pet shipping UAE; pet relocation company UAE; pet transport Ras Al Khaimah,/dubai/; /cities/abu-dhabi/; /cities/sharjah/,high,62,to create,unknown,2026-12-03
pet relocation Umm Al Quwain,https://dubai-pet-relocation.ae/cities/,hub,secondary,10,commercial,decision,local-uaq,/,new,not tracked,Top 20,low: /cities/dubai/ (hub vs emirate page until merge),pet relocation UAE; pet relocation services UAE; pet shipping UAE; pet relocation company UAE; pet transport Ras Al Khaimah,/dubai/; /cities/abu-dhabi/; /cities/sharjah/,high,62,to create,unknown,2026-12-03
pet relocation Al Ain,https://dubai-pet-relocation.ae/cities/,hub,secondary,10,commercial,decision,local-alain,/,new,not tracked,Top 20,low: /cities/dubai/ (hub vs emirate page until merge),pet relocation UAE; pet relocation services UAE; pet shipping UAE; pet relocation company UAE; pet transport Ras Al Khaimah,/dubai/; /cities/abu-dhabi/; /cities/sharjah/,high,62,to create,unknown,2026-12-03
pet transport Dubai to Abu Dhabi,https://dubai-pet-relocation.ae/service/pet-transport-dubai/,service,secondary,20,commercial,decision,local-inter-emirate,/services/,existing,not tracked,Top 20,none,pet transport Dubai; pet transport services Dubai; pet taxi Dubai; pet taxi Dubai to Abu Dhabi; pet relocation between emirates,/dubai/; /cities/,high,66,assigned,2026-07-02 (sitemap lastmod),2026-12-03
pet taxi Dubai to Abu Dhabi,https://dubai-pet-relocation.ae/service/pet-transport-dubai/,service,secondary,10,commercial,decision,local-inter-emirate,/services/,existing,not tracked,Top 20,none,pet transport Dubai; pet transport services Dubai; pet taxi Dubai; pet transport Dubai to Abu Dhabi; pet relocation between emirates,/dubai/; /cities/,high,64,assigned,2026-07-02 (sitemap lastmod),2026-12-03
pet relocation between emirates,https://dubai-pet-relocation.ae/service/pet-transport-dubai/,service,secondary,10,commercial,decision,local-inter-emirate,/services/,existing,not tracked,Top 20,none,pet transport Dubai; pet transport services Dubai; pet taxi Dubai; pet transport Dubai to Abu Dhabi; pet taxi Dubai to Abu Dhabi,/dubai/; /cities/,high,64,assigned,2026-07-02 (sitemap lastmod),2026-12-03
pet transport Sharjah to Dubai,https://dubai-pet-relocation.ae/service/pet-transport-dubai/,service,secondary,10,commercial,decision,local-inter-emirate,/services/,existing,not tracked,Top 20,none,pet transport Dubai; pet transport services Dubai; pet taxi Dubai; pet transport Dubai to Abu Dhabi; pet taxi Dubai to Abu Dhabi,/dubai/; /cities/,high,64,assigned,2026-07-02 (sitemap lastmod),2026-12-03
pet boarding during relocation Dubai,https://dubai-pet-relocation.ae/service/pet-relocation-dubai/,service,secondary,20,commercial,decision,local-boarding,/services/,existing,not tracked,Top 20,low: /service/pet-relocation-to-dubai/ + /service/international-pet-relocation/ (folds per ruling 11),pet relocation Dubai; pet relocation services Dubai; pet shipping Dubai; pet moving company Dubai; pet movers Dubai,/service/pet-relocation-to-dubai/; /guides/pet-relocation-cost-dubai/; /service/pet-transport-dubai/,medium,56,assigned,2026-07-02 (sitemap lastmod),2026-12-03
airport pet pickup Dubai,https://dubai-pet-relocation.ae/service/pet-transport-dubai/,service,secondary,20,commercial,decision,local-airport,/services/,existing,not tracked,Top 20,none,pet transport Dubai; pet transport services Dubai; pet taxi Dubai; pet transport Dubai to Abu Dhabi; pet taxi Dubai to Abu Dhabi,/dubai/; /cities/,high,66,assigned,2026-07-02 (sitemap lastmod),2026-12-03
pet delivery from DXB to home,https://dubai-pet-relocation.ae/service/pet-transport-dubai/,service,secondary,10,commercial,decision,local-airport,/services/,existing,not tracked,Top 20,none,pet transport Dubai; pet transport services Dubai; pet taxi Dubai; pet transport Dubai to Abu Dhabi; pet taxi Dubai to Abu Dhabi,/dubai/; /cities/,high,64,assigned,2026-07-02 (sitemap lastmod),2026-12-03
MOCCAE approved pet transport Dubai,https://dubai-pet-relocation.ae/service/pet-transport-dubai/,service,secondary,10,commercial,decision,local-licensed,/services/,existing,not tracked,Top 20,none,pet transport Dubai; pet transport services Dubai; pet taxi Dubai; pet transport Dubai to Abu Dhabi; pet taxi Dubai to Abu Dhabi,/dubai/; /cities/,high,64,assigned,2026-07-02 (sitemap lastmod),2026-12-03
how to bring a cat to Dubai,https://dubai-pet-relocation.ae/cat-relocation-to-dubai/,route-species,primary,50,informational,awareness,question-import,/routes/,existing,not tracked,Top 3,medium: /service/cat-relocation-dubai/ (ruling 9),cost to bring a cat to Dubai; how to move my cat to Dubai; can I bring my cat to Dubai,,low,59,needs refresh,2026-07-02 (sitemap lastmod),2026-12-03
how to import a pet to UAE,https://dubai-pet-relocation.ae/guides/uae-pet-import-requirements/,guide,secondary,40,informational,awareness,question-import,/guides/,existing,not tracked,Top 20,low: /service/pet-import-dubai/ (ruling 5),UAE pet import requirements; Dubai pet import rules; Dubai pet import rules 2026; UAE approved countries pet import list; high risk rabies countries UAE list,/guides/moccae-import-permit/; /guides/rabies-titer-test-dubai/; /guides/banned-dog-breeds-dubai/,low,43,assigned,2026-07-02 (sitemap lastmod),2026-12-03
how to move my dog to Dubai,https://dubai-pet-relocation.ae/dog-relocation-to-dubai/,route-species,secondary,40,informational,awareness,question-import,/routes/,existing,ranks (observed SERP),Top 20,medium: /service/dog-relocation-dubai/ (ruling 8; root page ranks),how to bring a dog to Dubai; cost to move dog to Dubai; can I bring my dog to Dubai,,low,46,assigned,2026-07-02 (sitemap lastmod),2026-12-03
how to move my cat to Dubai,https://dubai-pet-relocation.ae/cat-relocation-to-dubai/,route-species,secondary,30,informational,awareness,question-import,/routes/,existing,not tracked,Top 20,medium: /service/cat-relocation-dubai/ (ruling 9),cost to bring a cat to Dubai; how to bring a cat to Dubai; can I bring my cat to Dubai,,low,46,assigned,2026-07-02 (sitemap lastmod),2026-12-03
can I bring my dog to Dubai,https://dubai-pet-relocation.ae/dog-relocation-to-dubai/,route-species,secondary,10,informational,awareness,question-import,/routes/,existing,ranks (observed SERP),Top 20,medium: /service/dog-relocation-dubai/ (ruling 8; root page ranks),how to bring a dog to Dubai; cost to move dog to Dubai; how to move my dog to Dubai,,low,47,assigned,2026-07-02 (sitemap lastmod),2026-12-03
can I bring my cat to Dubai,https://dubai-pet-relocation.ae/cat-relocation-to-dubai/,route-species,secondary,10,informational,awareness,question-import,/routes/,existing,not tracked,Top 20,medium: /service/cat-relocation-dubai/ (ruling 9),cost to bring a cat to Dubai; how to bring a cat to Dubai; how to move my cat to Dubai,,low,47,assigned,2026-07-02 (sitemap lastmod),2026-12-03
can I take my dog to Dubai on holiday,https://dubai-pet-relocation.ae/guides/uae-pet-import-requirements/,guide,secondary,20,informational,awareness,question-import,/guides/,existing,not tracked,Top 20,low: /service/pet-import-dubai/ (ruling 5),UAE pet import requirements; Dubai pet import rules; Dubai pet import rules 2026; UAE approved countries pet import list; high risk rabies countries UAE list,/guides/moccae-import-permit/; /guides/rabies-titer-test-dubai/; /guides/banned-dog-breeds-dubai/,low,42,assigned,2026-07-02 (sitemap lastmod),2026-12-03
how much does it cost to bring a pet to Dubai,https://dubai-pet-relocation.ae/guides/pet-relocation-cost-dubai/,guide,secondary,70,informational,awareness,question-cost,/guides/,existing,not tracked,Top 20,none,pet relocation Dubai cost; pet relocation cost UAE; pet shipping cost Dubai; pet transport cost Dubai; pet relocation Dubai price,/service/pet-relocation-dubai/; /routes/,low,46,assigned,2026-07-02 (sitemap lastmod),2026-12-03
how much does pet relocation cost UAE,https://dubai-pet-relocation.ae/guides/pet-relocation-cost-dubai/,guide,secondary,40,informational,awareness,question-cost,/guides/,existing,not tracked,Top 20,none,pet relocation Dubai cost; pet relocation cost UAE; pet shipping cost Dubai; pet transport cost Dubai; pet relocation Dubai price,/service/pet-relocation-dubai/; /routes/,low,45,assigned,2026-07-02 (sitemap lastmod),2026-12-03
how much does it cost to move a dog from UK to Dubai,https://dubai-pet-relocation.ae/guides/pet-relocation-cost-dubai/,guide,secondary,30,informational,awareness,question-cost,/guides/,existing,not tracked,Top 20,none,pet relocation Dubai cost; pet relocation cost UAE; pet shipping cost Dubai; pet transport cost Dubai; pet relocation Dubai price,/service/pet-relocation-dubai/; /routes/,low,45,assigned,2026-07-02 (sitemap lastmod),2026-12-03
how much does it cost to take a pet out of Dubai,https://dubai-pet-relocation.ae/guides/pet-relocation-cost-dubai/,guide,secondary,30,informational,awareness,question-cost,/guides/,existing,not tracked,Top 20,none,pet relocation Dubai cost; pet relocation cost UAE; pet shipping cost Dubai; pet transport cost Dubai; pet relocation Dubai price,/service/pet-relocation-dubai/; /routes/,low,45,assigned,2026-07-02 (sitemap lastmod),2026-12-03
how long does a MOCCAE permit take,https://dubai-pet-relocation.ae/guides/moccae-import-permit/,guide,secondary,30,informational,awareness,question-permit,/guides/,existing,not tracked,Top 20,"medium: /service/moccae-pet-permit/ (info vs commercial split, ruling 10)",MOCCAE pet permit fee; MOCCAE import permit cost; pet import permit Dubai cost; MOCCAE pet import permit; MOCCAE pet import permit apply online,/service/moccae-pet-permit/; /guides/uae-pet-import-requirements/,low,43,assigned,2026-07-02 (sitemap lastmod),2026-12-03
how long does pet relocation to Dubai take,https://dubai-pet-relocation.ae/service/pet-relocation-to-dubai/,service,secondary,30,informational,awareness,question-timeline,/services/,existing,not tracked,Top 20,"low: /service/pet-relocation-dubai/ (directional vs money, ruling 2)",pet relocation to Dubai; moving to Dubai with pets; moving to Dubai with a dog; moving to Dubai with a cat; bringing a dog to Dubai,/guides/uae-pet-import-requirements/; /guides/moccae-import-permit/; /service/pet-relocation-dubai/,low,46,assigned,2026-07-02 (sitemap lastmod),2026-12-03
how long does it take to bring a dog from UK to Dubai,https://dubai-pet-relocation.ae/service/pet-relocation-to-dubai/,service,secondary,20,informational,awareness,question-timeline,/services/,existing,not tracked,Top 20,"low: /service/pet-relocation-dubai/ (directional vs money, ruling 2)",pet relocation to Dubai; moving to Dubai with pets; moving to Dubai with a dog; moving to Dubai with a cat; bringing a dog to Dubai,/guides/uae-pet-import-requirements/; /guides/moccae-import-permit/; /service/pet-relocation-dubai/,low,45,assigned,2026-07-02 (sitemap lastmod),2026-12-03
how long does pet export from Dubai take,https://dubai-pet-relocation.ae/service/pet-relocation-to-dubai/,service,secondary,20,informational,awareness,question-timeline,/services/,existing,not tracked,Top 20,"low: /service/pet-relocation-dubai/ (directional vs money, ruling 2)",pet relocation to Dubai; moving to Dubai with pets; moving to Dubai with a dog; moving to Dubai with a cat; bringing a dog to Dubai,/guides/uae-pet-import-requirements/; /guides/moccae-import-permit/; /service/pet-relocation-dubai/,low,45,assigned,2026-07-02 (sitemap lastmod),2026-12-03
can I fly my cat in cabin to Dubai,https://dubai-pet-relocation.ae/guides/etihad-pet-policy/,guide,secondary,40,informational,awareness,question-airline,/guides/,new,not tracked,Top 10,low: /guides/emirates-pet-cargo/ (airline policy overlap),Etihad pet policy; Etihad pets in cabin; Etihad pet fee; can pets fly in cabin to Dubai; assistance dog flight to Dubai,/cities/abu-dhabi/; /guides/emirates-pet-cargo/,low,47,to create,unknown,2026-12-03
can my dog fly in the cabin to Dubai,https://dubai-pet-relocation.ae/guides/etihad-pet-policy/,guide,secondary,40,informational,awareness,question-airline,/guides/,new,not tracked,Top 10,low: /guides/emirates-pet-cargo/ (airline policy overlap),Etihad pet policy; Etihad pets in cabin; Etihad pet fee; can pets fly in cabin to Dubai; assistance dog flight to Dubai,/cities/abu-dhabi/; /guides/emirates-pet-cargo/,low,47,to create,unknown,2026-12-03
is cargo safe for dogs,https://dubai-pet-relocation.ae/guides/emirates-pet-cargo/,guide,secondary,30,informational,awareness,question-airline,/guides/,new,not tracked,Top 10,low: /guides/etihad-pet-policy/ (airline policy overlap),Emirates SkyCargo pet cost; Emirates pet cargo; Emirates SkyCargo pets; Emirates pet policy; Emirates pet cargo booking,/guides/etihad-pet-policy/; /guides/dubai-pet-arrival-guide/,low,47,to create,unknown,2026-12-03
is it safe to fly pets to Dubai,https://dubai-pet-relocation.ae/service/pet-relocation-to-dubai/,service,secondary,20,informational,awareness,question-airline,/services/,existing,not tracked,Top 20,"low: /service/pet-relocation-dubai/ (directional vs money, ruling 2)",pet relocation to Dubai; moving to Dubai with pets; moving to Dubai with a dog; moving to Dubai with a cat; bringing a dog to Dubai,/guides/uae-pet-import-requirements/; /guides/moccae-import-permit/; /service/pet-relocation-dubai/,low,45,assigned,2026-07-02 (sitemap lastmod),2026-12-03
what documents do I need to bring my pet to Dubai,https://dubai-pet-relocation.ae/guides/uae-pet-import-requirements/,guide,secondary,40,informational,awareness,question-documents,/guides/,existing,not tracked,Top 20,low: /service/pet-import-dubai/ (ruling 5),UAE pet import requirements; Dubai pet import rules; Dubai pet import rules 2026; UAE approved countries pet import list; high risk rabies countries UAE list,/guides/moccae-import-permit/; /guides/rabies-titer-test-dubai/; /guides/banned-dog-breeds-dubai/,low,43,assigned,2026-07-02 (sitemap lastmod),2026-12-03
what vaccinations does my dog need for Dubai,https://dubai-pet-relocation.ae/guides/uae-pet-import-requirements/,guide,secondary,20,informational,awareness,question-documents,/guides/,existing,not tracked,Top 20,low: /service/pet-import-dubai/ (ruling 5),UAE pet import requirements; Dubai pet import rules; Dubai pet import rules 2026; UAE approved countries pet import list; high risk rabies countries UAE list,/guides/moccae-import-permit/; /guides/rabies-titer-test-dubai/; /guides/banned-dog-breeds-dubai/,low,42,assigned,2026-07-02 (sitemap lastmod),2026-12-03
does my pet need a rabies titer test for Dubai,https://dubai-pet-relocation.ae/guides/rabies-titer-test-dubai/,guide,secondary,30,informational,awareness,question-titer,/guides/,existing,not tracked,Top 20,none,rabies titer test Dubai; rabies titre test UAE pet import; FAVN test Dubai pet; rabies antibody test UAE 0.5 IU/ml; do I need a titre test from UK to Dubai,/guides/uae-pet-import-requirements/,low,45,assigned,2026-07-02 (sitemap lastmod),2026-12-03
do I need a titre test from UK to Dubai,https://dubai-pet-relocation.ae/guides/rabies-titer-test-dubai/,guide,secondary,20,informational,awareness,question-titer,/guides/,existing,not tracked,Top 20,none,rabies titer test Dubai; rabies titre test UAE pet import; FAVN test Dubai pet; rabies antibody test UAE 0.5 IU/ml; does my pet need a rabies titer test for Dubai,/guides/uae-pet-import-requirements/,low,44,assigned,2026-07-02 (sitemap lastmod),2026-12-03
what happens when my pet arrives at Dubai airport,https://dubai-pet-relocation.ae/guides/dubai-pet-arrival-guide/,guide,secondary,20,informational,awareness,question-arrival,/guides/,new,not tracked,Top 10,none,pet quarantine cost Dubai; customs clearance fee pets Dubai; pet quarantine Dubai; quarantine rules for pets entering UAE; Dubai Municipality pet registration,/cities/dubai/; /dubai/; /service/pet-transport-dubai/,low,49,to create,unknown,2026-12-03
is there quarantine for pets in Dubai,https://dubai-pet-relocation.ae/guides/dubai-pet-arrival-guide/,guide,secondary,30,informational,awareness,question-quarantine,/guides/,new,not tracked,Top 10,none,pet quarantine cost Dubai; customs clearance fee pets Dubai; pet quarantine Dubai; quarantine rules for pets entering UAE; Dubai Municipality pet registration,/cities/dubai/; /dubai/; /service/pet-transport-dubai/,low,50,to create,unknown,2026-12-03
which dog breeds are banned in Dubai,https://dubai-pet-relocation.ae/guides/banned-dog-breeds-dubai/,guide,secondary,40,informational,awareness,question-breeds,/guides/,existing,not tracked,Top 20,none,banned dog breeds UAE; banned dog breeds Dubai; restricted dog breeds UAE; UAE dangerous dog breeds law; is my dog breed allowed in Dubai,/guides/uae-pet-import-requirements/,low,43,assigned,2026-07-02 (sitemap lastmod),2026-12-03
can I bring two dogs to Dubai,https://dubai-pet-relocation.ae/guides/uae-pet-import-requirements/,guide,secondary,10,informational,awareness,question-rules,/guides/,existing,not tracked,Top 20,low: /service/pet-import-dubai/ (ruling 5),UAE pet import requirements; Dubai pet import rules; Dubai pet import rules 2026; UAE approved countries pet import list; high risk rabies countries UAE list,/guides/moccae-import-permit/; /guides/rabies-titer-test-dubai/; /guides/banned-dog-breeds-dubai/,low,40,assigned,2026-07-02 (sitemap lastmod),2026-12-03
how do I get a pet passport in Dubai,https://dubai-pet-relocation.ae/guides/dubai-pet-arrival-guide/,guide,secondary,30,informational,awareness,question-documents,/guides/,new,not tracked,Top 10,none,pet quarantine cost Dubai; customs clearance fee pets Dubai; pet quarantine Dubai; quarantine rules for pets entering UAE; Dubai Municipality pet registration,/cities/dubai/; /dubai/; /service/pet-transport-dubai/,low,50,to create,unknown,2026-12-03
how do I register my dog in Dubai,https://dubai-pet-relocation.ae/guides/dubai-pet-arrival-guide/,guide,secondary,30,informational,awareness,question-registration,/guides/,new,not tracked,Top 10,none,pet quarantine cost Dubai; customs clearance fee pets Dubai; pet quarantine Dubai; quarantine rules for pets entering UAE; Dubai Municipality pet registration,/cities/dubai/; /dubai/; /service/pet-transport-dubai/,low,50,to create,unknown,2026-12-03
what is the best pet relocation company in Dubai,https://dubai-pet-relocation.ae/guides/pet-relocation-companies-dubai/,guide,secondary,30,informational,awareness,question-commercial,/guides/,new,not tracked,Top 10,none,best pet relocation company Dubai; IPATA pet shipper Dubai; licensed pet relocation company Dubai; pet relocation Dubai reviews; compare pet relocation companies Dubai,/service/pet-relocation-dubai/; /contact/,low,50,to create,unknown,2026-12-03
how to choose a pet relocation company Dubai,https://dubai-pet-relocation.ae/guides/pet-relocation-companies-dubai/,guide,secondary,20,informational,awareness,question-commercial,/guides/,new,not tracked,Top 10,none,best pet relocation company Dubai; IPATA pet shipper Dubai; licensed pet relocation company Dubai; pet relocation Dubai reviews; compare pet relocation companies Dubai,/service/pet-relocation-dubai/; /contact/,low,49,to create,unknown,2026-12-03
can I relocate my pet myself to Dubai DIY,https://dubai-pet-relocation.ae/guides/pet-relocation-companies-dubai/,guide,secondary,20,informational,awareness,question-diy,/guides/,new,not tracked,Top 10,none,best pet relocation company Dubai; IPATA pet shipper Dubai; licensed pet relocation company Dubai; pet relocation Dubai reviews; compare pet relocation companies Dubai,/service/pet-relocation-dubai/; /contact/,low,49,to create,unknown,2026-12-03
is it cheaper to relocate a cat than a dog to Dubai,https://dubai-pet-relocation.ae/guides/pet-relocation-cost-dubai/,guide,secondary,10,informational,awareness,question-cost,/guides/,existing,not tracked,Top 20,none,pet relocation Dubai cost; pet relocation cost UAE; pet shipping cost Dubai; pet transport cost Dubai; pet relocation Dubai price,/service/pet-relocation-dubai/; /routes/,low,42,assigned,2026-07-02 (sitemap lastmod),2026-12-03
what is a MOCCAE import permit,https://dubai-pet-relocation.ae/guides/moccae-import-permit/,guide,secondary,30,informational,awareness,question-permit,/guides/,existing,not tracked,Top 20,"medium: /service/moccae-pet-permit/ (info vs commercial split, ruling 10)",MOCCAE pet permit fee; MOCCAE import permit cost; pet import permit Dubai cost; MOCCAE pet import permit; MOCCAE pet import permit apply online,/service/moccae-pet-permit/; /guides/uae-pet-import-requirements/,low,43,assigned,2026-07-02 (sitemap lastmod),2026-12-03
how to apply for MOCCAE pet permit,https://dubai-pet-relocation.ae/guides/moccae-import-permit/,guide,secondary,40,informational,awareness,question-permit,/guides/,existing,not tracked,Top 20,"medium: /service/moccae-pet-permit/ (info vs commercial split, ruling 10)",MOCCAE pet permit fee; MOCCAE import permit cost; pet import permit Dubai cost; MOCCAE pet import permit; MOCCAE pet import permit apply online,/service/moccae-pet-permit/; /guides/uae-pet-import-requirements/,low,43,assigned,2026-07-02 (sitemap lastmod),2026-12-03
can I use EU pet passport to enter Dubai,https://dubai-pet-relocation.ae/guides/dubai-pet-arrival-guide/,guide,secondary,10,informational,awareness,question-documents,/guides/,new,not tracked,Top 10,none,pet quarantine cost Dubai; customs clearance fee pets Dubai; pet quarantine Dubai; quarantine rules for pets entering UAE; Dubai Municipality pet registration,/cities/dubai/; /dubai/; /service/pet-transport-dubai/,low,47,to create,unknown,2026-12-03
what is manifest cargo for pets,https://dubai-pet-relocation.ae/guides/emirates-pet-cargo/,guide,secondary,30,informational,awareness,question-airline,/guides/,new,not tracked,Top 10,low: /guides/etihad-pet-policy/ (airline policy overlap),Emirates SkyCargo pet cost; Emirates pet cargo; Emirates SkyCargo pets; Emirates pet policy; Emirates pet cargo booking,/guides/etihad-pet-policy/; /guides/dubai-pet-arrival-guide/,low,47,to create,unknown,2026-12-03
how to prepare my pet for a flight to Dubai,https://dubai-pet-relocation.ae/guides/iata-pet-crate-requirements/,guide,secondary,20,informational,awareness,question-preparation,/guides/,existing,not tracked,Top 20,none,IATA pet crate price Dubai; pet travel crate cost UAE; IATA approved pet crate Dubai; IATA crate requirements pets; what size crate for my dog to fly,/guides/pet-relocation-cost-dubai/,low,44,assigned,2026-07-02 (sitemap lastmod),2026-12-03
should I sedate my dog for a flight,https://dubai-pet-relocation.ae/guides/iata-pet-crate-requirements/,guide,secondary,20,informational,awareness,question-preparation,/guides/,existing,not tracked,Top 20,none,IATA pet crate price Dubai; pet travel crate cost UAE; IATA approved pet crate Dubai; IATA crate requirements pets; what size crate for my dog to fly,/guides/pet-relocation-cost-dubai/,low,44,assigned,2026-07-02 (sitemap lastmod),2026-12-03
what size crate does my dog need to fly,https://dubai-pet-relocation.ae/guides/iata-pet-crate-requirements/,guide,secondary,20,informational,awareness,question-preparation,/guides/,existing,not tracked,Top 20,none,IATA pet crate price Dubai; pet travel crate cost UAE; IATA approved pet crate Dubai; IATA crate requirements pets; what size crate for my dog to fly,/guides/pet-relocation-cost-dubai/,low,44,assigned,2026-07-02 (sitemap lastmod),2026-12-03
can I bring my pet to Abu Dhabi instead of Dubai,https://dubai-pet-relocation.ae/cities/abu-dhabi/,city,secondary,10,informational,awareness,question-airline,/cities/,existing,not tracked,Top 20,none,pet relocation Abu Dhabi; pet movers Abu Dhabi; pet transport Abu Dhabi; moving to Abu Dhabi with pets; pet taxi Abu Dhabi,,low,44,assigned,2026-07-02 (sitemap lastmod),2026-12-03
how to move pets from Dubai to Australia,https://dubai-pet-relocation.ae/routes/australia-to-dubai/,route,secondary,20,informational,awareness,question-route-au,/routes/,existing,not tracked,Top 20,none,pet relocation Dubai to Australia cost; can I fly my dog direct from Dubai to Australia; pet relocation Australia to Dubai; moving dog from Australia to Dubai; pet transport Australia to Dubai,,low,45,assigned,2026-07-02 (sitemap lastmod),2026-12-03
can I fly my dog direct from Dubai to Australia,https://dubai-pet-relocation.ae/routes/australia-to-dubai/,route,secondary,10,informational,awareness,question-route-au,/routes/,existing,not tracked,Top 20,none,pet relocation Dubai to Australia cost; how to move pets from Dubai to Australia; pet relocation Australia to Dubai; moving dog from Australia to Dubai; pet transport Australia to Dubai,,low,43,assigned,2026-07-02 (sitemap lastmod),2026-12-03
how to take pets from UAE to India,https://dubai-pet-relocation.ae/routes/india-to-dubai/,route,secondary,10,informational,awareness,question-route-india,/routes/,existing,not tracked,Top 20,none,pet relocation India to Dubai cost; how to bring pet from India to Dubai; what is AQCS clearance for pets; pet relocation India to Dubai; moving dog from India to Dubai,,low,45,assigned,2026-07-02 (sitemap lastmod),2026-12-03
how to bring pet from India to Dubai,https://dubai-pet-relocation.ae/routes/india-to-dubai/,route,secondary,30,informational,awareness,question-route-india,/routes/,existing,not tracked,Top 20,none,pet relocation India to Dubai cost; how to take pets from UAE to India; what is AQCS clearance for pets; pet relocation India to Dubai; moving dog from India to Dubai,,low,46,assigned,2026-07-02 (sitemap lastmod),2026-12-03
what is AQCS clearance for pets,https://dubai-pet-relocation.ae/routes/india-to-dubai/,route,secondary,10,informational,awareness,question-route-india,/routes/,existing,not tracked,Top 20,none,pet relocation India to Dubai cost; how to take pets from UAE to India; how to bring pet from India to Dubai; pet relocation India to Dubai; moving dog from India to Dubai,,low,43,assigned,2026-07-02 (sitemap lastmod),2026-12-03
how to bring a pet from Philippines to Dubai,https://dubai-pet-relocation.ae/routes/philippines-to-dubai/,route,secondary,20,informational,awareness,question-route-ph,/routes/,existing,not tracked,Top 20,none,pet relocation UAE to Philippines cost; how to send pet from Dubai to Philippines; pet relocation Philippines to Dubai; moving dog from Philippines to Dubai; pet transport Philippines to Dubai,,low,45,assigned,2026-07-02 (sitemap lastmod),2026-12-03
how to send pet from Dubai to Philippines,https://dubai-pet-relocation.ae/routes/philippines-to-dubai/,route,secondary,20,informational,awareness,question-route-ph,/routes/,existing,not tracked,Top 20,none,pet relocation UAE to Philippines cost; how to bring a pet from Philippines to Dubai; pet relocation Philippines to Dubai; moving dog from Philippines to Dubai; pet transport Philippines to Dubai,,low,45,assigned,2026-07-02 (sitemap lastmod),2026-12-03
urgent pet relocation Dubai,https://dubai-pet-relocation.ae/service/emergency-pet-relocation/,service,primary,10,commercial,decision,urgency,/services/,new,not tracked,Top 10,none,emergency pet relocation Dubai; last minute pet relocation Dubai; fast track pet relocation Dubai; short notice pet relocation UAE; quickest way to relocate a pet to Dubai,/service/pet-relocation-dubai/; /contact/,high,81,on hold - gated on capability confirmation,unknown,2026-12-03
emergency pet relocation Dubai,https://dubai-pet-relocation.ae/service/emergency-pet-relocation/,service,primary,10,commercial,decision,urgency,/services/,new,not tracked,Top 10,none,urgent pet relocation Dubai; last minute pet relocation Dubai; fast track pet relocation Dubai; short notice pet relocation UAE; quickest way to relocate a pet to Dubai,/service/pet-relocation-dubai/; /contact/,high,81,on hold - gated on capability confirmation,unknown,2026-12-03
last minute pet relocation Dubai,https://dubai-pet-relocation.ae/service/emergency-pet-relocation/,service,primary,10,commercial,decision,urgency,/services/,new,not tracked,Top 10,none,urgent pet relocation Dubai; emergency pet relocation Dubai; fast track pet relocation Dubai; short notice pet relocation UAE; quickest way to relocate a pet to Dubai,/service/pet-relocation-dubai/; /contact/,high,81,on hold - gated on capability confirmation,unknown,2026-12-03
same day pet transport Dubai,https://dubai-pet-relocation.ae/service/pet-transport-dubai/,service,secondary,20,commercial,decision,urgency,/services/,existing,not tracked,Top 20,none,pet transport Dubai; pet transport services Dubai; pet taxi Dubai; pet transport Dubai to Abu Dhabi; pet taxi Dubai to Abu Dhabi,/dubai/; /cities/,high,66,assigned,2026-07-02 (sitemap lastmod),2026-12-03
fast track pet relocation Dubai,https://dubai-pet-relocation.ae/service/emergency-pet-relocation/,service,primary,10,commercial,decision,urgency,/services/,new,not tracked,Top 10,none,urgent pet relocation Dubai; emergency pet relocation Dubai; last minute pet relocation Dubai; short notice pet relocation UAE; quickest way to relocate a pet to Dubai,/service/pet-relocation-dubai/; /contact/,high,81,on hold - gated on capability confirmation,unknown,2026-12-03
express MOCCAE permit,https://dubai-pet-relocation.ae/service/moccae-pet-permit/,service,secondary,10,commercial,decision,urgency-permit,/services/,existing,not tracked,Top 20,medium: /guides/moccae-import-permit/ (commercial vs informational),,/guides/moccae-import-permit/; /service/pet-import-dubai/,medium,56,assigned,2026-07-02 (sitemap lastmod),2026-12-03
urgent pet export from Dubai,https://dubai-pet-relocation.ae/service/pet-export-dubai/,service,secondary,10,commercial,decision,urgency,/services/,existing,not tracked,Top 20,none,pet export services Dubai; pet export Dubai; export dog from Dubai; export cat from Dubai; pet export UAE,/guides/pet-export-from-dubai/; /service/pet-relocation-from-dubai/,high,64,assigned,2026-07-02 (sitemap lastmod),2026-12-03
emergency pet transport UAE,https://dubai-pet-relocation.ae/guides/dubai-pet-arrival-guide/,guide,secondary,10,commercial,decision,urgency,/guides/,new,not tracked,Top 10,none,pet quarantine cost Dubai; customs clearance fee pets Dubai; pet quarantine Dubai; quarantine rules for pets entering UAE; Dubai Municipality pet registration,/cities/dubai/; /dubai/; /service/pet-transport-dubai/,high,68,to create,unknown,2026-12-03
short notice pet relocation UAE,https://dubai-pet-relocation.ae/service/emergency-pet-relocation/,service,primary,10,commercial,decision,urgency,/services/,new,not tracked,Top 10,none,urgent pet relocation Dubai; emergency pet relocation Dubai; last minute pet relocation Dubai; fast track pet relocation Dubai; quickest way to relocate a pet to Dubai,/service/pet-relocation-dubai/; /contact/,high,81,on hold - gated on capability confirmation,unknown,2026-12-03
quickest way to relocate a pet to Dubai,https://dubai-pet-relocation.ae/service/emergency-pet-relocation/,service,primary,10,commercial,decision,urgency,/services/,new,not tracked,Top 10,none,urgent pet relocation Dubai; emergency pet relocation Dubai; last minute pet relocation Dubai; fast track pet relocation Dubai; short notice pet relocation UAE,/service/pet-relocation-dubai/; /contact/,medium,73,on hold - gated on capability confirmation,unknown,2026-12-03
pet stuck at Dubai airport customs,https://dubai-pet-relocation.ae/guides/dubai-pet-arrival-guide/,guide,secondary,10,commercial,decision,urgency-problem,/guides/,new,not tracked,Top 10,none,pet quarantine cost Dubai; customs clearance fee pets Dubai; pet quarantine Dubai; quarantine rules for pets entering UAE; Dubai Municipality pet registration,/cities/dubai/; /dubai/; /service/pet-transport-dubai/,medium,60,to create,unknown,2026-12-03
pet refused entry Dubai what to do,https://dubai-pet-relocation.ae/guides/dubai-pet-arrival-guide/,guide,secondary,10,commercial,decision,urgency-problem,/guides/,new,not tracked,Top 10,none,pet quarantine cost Dubai; customs clearance fee pets Dubai; pet quarantine Dubai; quarantine rules for pets entering UAE; Dubai Municipality pet registration,/cities/dubai/; /dubai/; /service/pet-transport-dubai/,medium,60,to create,unknown,2026-12-03
MOCCAE permit expired before flight,https://dubai-pet-relocation.ae/guides/dubai-pet-arrival-guide/,guide,secondary,10,commercial,decision,urgency-problem,/guides/,new,not tracked,Top 10,none,pet quarantine cost Dubai; customs clearance fee pets Dubai; pet quarantine Dubai; quarantine rules for pets entering UAE; Dubai Municipality pet registration,/cities/dubai/; /dubai/; /service/pet-transport-dubai/,medium,60,to create,unknown,2026-12-03
missed flight pet relocation rebooking Dubai,https://dubai-pet-relocation.ae/guides/dubai-pet-arrival-guide/,guide,secondary,10,commercial,decision,urgency-problem,/guides/,new,not tracked,Top 10,none,pet quarantine cost Dubai; customs clearance fee pets Dubai; pet quarantine Dubai; quarantine rules for pets entering UAE; Dubai Municipality pet registration,/cities/dubai/; /dubai/; /service/pet-transport-dubai/,medium,60,to create,unknown,2026-12-03
urgent pet flight Dubai to UK,https://dubai-pet-relocation.ae/service/emergency-pet-relocation/,service,primary,10,commercial,decision,urgency-route,/services/,new,not tracked,Top 10,none,urgent pet relocation Dubai; emergency pet relocation Dubai; last minute pet relocation Dubai; fast track pet relocation Dubai; short notice pet relocation UAE,/service/pet-relocation-dubai/; /contact/,high,81,on hold - gated on capability confirmation,unknown,2026-12-03
emergency vet clearance certificate Dubai same day,https://dubai-pet-relocation.ae/guides/pet-export-from-dubai/,guide,secondary,10,commercial,decision,urgency-doc,/guides/,new,not tracked,Top 10,none,cost to export pet from Dubai; pet export Dubai price; MOCCAE pet export permit; export health certificate UAE pets; documents to take pet out of UAE,/service/pet-export-dubai/; /service/pet-relocation-from-dubai/,medium,57,to create,unknown,2026-12-03
corporate pet relocation Dubai,https://dubai-pet-relocation.ae/service/corporate-pet-relocation/,service,primary,20,commercial,consideration,b2b,/services/,new,not tracked,Top 10,none,employee relocation with pets UAE; corporate relocation pet services Dubai; HR relocation package pets Dubai; relocation company pet services UAE; diplomatic pet relocation UAE,/service/pet-relocation-dubai/; /contact/,high,78,to create,unknown,2026-12-03
employee relocation with pets UAE,https://dubai-pet-relocation.ae/service/corporate-pet-relocation/,service,secondary,10,commercial,consideration,b2b,/services/,new,not tracked,Top 10,none,corporate pet relocation Dubai; corporate relocation pet services Dubai; HR relocation package pets Dubai; relocation company pet services UAE; diplomatic pet relocation UAE,/service/pet-relocation-dubai/; /contact/,high,64,to create,unknown,2026-12-03
corporate relocation pet services Dubai,https://dubai-pet-relocation.ae/service/corporate-pet-relocation/,service,secondary,10,commercial,consideration,b2b,/services/,new,not tracked,Top 10,none,corporate pet relocation Dubai; employee relocation with pets UAE; HR relocation package pets Dubai; relocation company pet services UAE; diplomatic pet relocation UAE,/service/pet-relocation-dubai/; /contact/,high,64,to create,unknown,2026-12-03
HR relocation package pets Dubai,https://dubai-pet-relocation.ae/service/corporate-pet-relocation/,service,secondary,10,commercial,consideration,b2b,/services/,new,not tracked,Top 10,none,corporate pet relocation Dubai; employee relocation with pets UAE; corporate relocation pet services Dubai; relocation company pet services UAE; diplomatic pet relocation UAE,/service/pet-relocation-dubai/; /contact/,medium,56,to create,unknown,2026-12-03
relocation company pet services UAE,https://dubai-pet-relocation.ae/service/corporate-pet-relocation/,service,secondary,20,commercial,consideration,b2b,/services/,new,not tracked,Top 10,none,corporate pet relocation Dubai; employee relocation with pets UAE; corporate relocation pet services Dubai; HR relocation package pets Dubai; diplomatic pet relocation UAE,/service/pet-relocation-dubai/; /contact/,high,66,to create,unknown,2026-12-03
bulk pet transport UAE,https://dubai-pet-relocation.ae/service/pet-import-dubai/,service,secondary,10,commercial,consideration,b2b,/services/,existing,not tracked,Top 20,medium: /guides/uae-pet-import-requirements/ (ruling 5; no duplicate rules tables),pet import services Dubai; import dog to Dubai; import cat to Dubai; import pet to UAE; pet immigration Dubai,/guides/uae-pet-import-requirements/; /service/moccae-pet-permit/,medium,51,assigned,2026-07-02 (sitemap lastmod),2026-12-03
pet relocation for expats Dubai,https://dubai-pet-relocation.ae/service/pet-relocation-to-dubai/,service,secondary,30,commercial,consideration,b2b-adjacent,/services/,existing,not tracked,Top 20,"low: /service/pet-relocation-dubai/ (directional vs money, ruling 2)",pet relocation to Dubai; moving to Dubai with pets; moving to Dubai with a dog; moving to Dubai with a cat; bringing a dog to Dubai,/guides/uae-pet-import-requirements/; /guides/moccae-import-permit/; /service/pet-relocation-dubai/,medium,54,assigned,2026-07-02 (sitemap lastmod),2026-12-03
diplomatic pet relocation UAE,https://dubai-pet-relocation.ae/service/corporate-pet-relocation/,service,secondary,10,commercial,consideration,b2b,/services/,new,not tracked,Top 10,none,corporate pet relocation Dubai; employee relocation with pets UAE; corporate relocation pet services Dubai; HR relocation package pets Dubai; relocation company pet services UAE,/service/pet-relocation-dubai/; /contact/,medium,56,to create,unknown,2026-12-03
military pet relocation UAE,https://dubai-pet-relocation.ae/service/corporate-pet-relocation/,service,secondary,10,commercial,consideration,b2b,/services/,new,not tracked,Top 10,none,corporate pet relocation Dubai; employee relocation with pets UAE; corporate relocation pet services Dubai; HR relocation package pets Dubai; relocation company pet services UAE,/service/pet-relocation-dubai/; /contact/,medium,56,to create,unknown,2026-12-03
pet import license commercial UAE,https://dubai-pet-relocation.ae/service/pet-import-dubai/,service,secondary,10,commercial,consideration,b2b-commercial-import,/services/,existing,not tracked,Top 20,medium: /guides/uae-pet-import-requirements/ (ruling 5; no duplicate rules tables),pet import services Dubai; import dog to Dubai; import cat to Dubai; import pet to UAE; pet immigration Dubai,/guides/uae-pet-import-requirements/; /service/moccae-pet-permit/,medium,51,assigned,2026-07-02 (sitemap lastmod),2026-12-03
commercial pet import Dubai,https://dubai-pet-relocation.ae/service/pet-import-dubai/,service,secondary,10,commercial,consideration,b2b-commercial-import,/services/,existing,not tracked,Top 20,medium: /guides/uae-pet-import-requirements/ (ruling 5; no duplicate rules tables),pet import services Dubai; import dog to Dubai; import cat to Dubai; import pet to UAE; pet immigration Dubai,/guides/uae-pet-import-requirements/; /service/moccae-pet-permit/,medium,51,assigned,2026-07-02 (sitemap lastmod),2026-12-03
pet relocation partner program Dubai,https://dubai-pet-relocation.ae/service/corporate-pet-relocation/,service,secondary,10,commercial,consideration,b2b,/services/,new,not tracked,Top 10,none,corporate pet relocation Dubai; employee relocation with pets UAE; corporate relocation pet services Dubai; HR relocation package pets Dubai; relocation company pet services UAE,/service/pet-relocation-dubai/; /contact/,medium,56,to create,unknown,2026-12-03
pet relocation for relocation companies UAE,https://dubai-pet-relocation.ae/service/pet-import-dubai/,service,secondary,10,commercial,consideration,b2b,/services/,existing,not tracked,Top 20,medium: /guides/uae-pet-import-requirements/ (ruling 5; no duplicate rules tables),pet import services Dubai; import dog to Dubai; import cat to Dubai; import pet to UAE; pet immigration Dubai,/guides/uae-pet-import-requirements/; /service/moccae-pet-permit/,medium,51,assigned,2026-07-02 (sitemap lastmod),2026-12-03
destination services pet relocation Dubai,https://dubai-pet-relocation.ae/service/corporate-pet-relocation/,service,secondary,10,commercial,consideration,b2b,/services/,new,not tracked,Top 10,none,corporate pet relocation Dubai; employee relocation with pets UAE; corporate relocation pet services Dubai; HR relocation package pets Dubai; relocation company pet services UAE,/service/pet-relocation-dubai/; /contact/,medium,56,to create,unknown,2026-12-03
pet relocation UK to Dubai,https://dubai-pet-relocation.ae/routes/uk-to-dubai/,route,primary,170,mixed,consideration,route-uk-inbound,/routes/,existing,not tracked,Top 10,none,pet relocation to UAE from UK; bringing dog to UAE from UK; cost of flying a dog from UK to Dubai; cost of moving a dog from Dubai to UK; animal health certificate UK to Dubai,,high,74,needs refresh,2026-07-02 (sitemap lastmod),2026-12-03
moving dog from UK to Dubai,https://dubai-pet-relocation.ae/routes/uk-to-dubai/,route,primary,85,mixed,consideration,route-uk-inbound,/routes/,existing,not tracked,Top 10,none,pet relocation to UAE from UK; bringing dog to UAE from UK; cost of flying a dog from UK to Dubai; cost of moving a dog from Dubai to UK; animal health certificate UK to Dubai,,high,73,needs refresh,2026-07-02 (sitemap lastmod),2026-12-03
pet transport UK to Dubai,https://dubai-pet-relocation.ae/routes/uk-to-dubai/,route,primary,56,mixed,consideration,route-uk-inbound,/routes/,existing,not tracked,Top 10,none,pet relocation to UAE from UK; bringing dog to UAE from UK; cost of flying a dog from UK to Dubai; cost of moving a dog from Dubai to UK; animal health certificate UK to Dubai,,high,72,needs refresh,2026-07-02 (sitemap lastmod),2026-12-03
bring cat from UK to Dubai,https://dubai-pet-relocation.ae/routes/uk-to-dubai/,route,primary,56,mixed,consideration,route-uk-inbound,/routes/,existing,not tracked,Top 10,none,pet relocation to UAE from UK; bringing dog to UAE from UK; cost of flying a dog from UK to Dubai; cost of moving a dog from Dubai to UK; animal health certificate UK to Dubai,,high,72,needs refresh,2026-07-02 (sitemap lastmod),2026-12-03
pet relocation UK to UAE,https://dubai-pet-relocation.ae/routes/uk-to-dubai/,route,primary,56,mixed,consideration,route-uk-inbound,/routes/,existing,not tracked,Top 10,none,pet relocation to UAE from UK; bringing dog to UAE from UK; cost of flying a dog from UK to Dubai; cost of moving a dog from Dubai to UK; animal health certificate UK to Dubai,,high,72,needs refresh,2026-07-02 (sitemap lastmod),2026-12-03
pet relocation Dubai to UK,https://dubai-pet-relocation.ae/routes/dubai-to-uk/,route,primary,10,mixed,consideration,route-uk-outbound,/routes/,existing,not tracked,Top 10,none,how to take my dog from Dubai to UK; tapeworm treatment dog Dubai to UK; moving dog from Dubai to UK; pet export Dubai to UK; pet relocation Dubai to London,,high,75,needs refresh,2026-07-02 (sitemap lastmod),2026-12-03
moving dog from Dubai to UK,https://dubai-pet-relocation.ae/routes/dubai-to-uk/,route,primary,55,mixed,consideration,route-uk-outbound,/routes/,existing,not tracked,Top 10,none,how to take my dog from Dubai to UK; tapeworm treatment dog Dubai to UK; pet relocation Dubai to UK; pet export Dubai to UK; pet relocation Dubai to London,,high,74,needs refresh,2026-07-02 (sitemap lastmod),2026-12-03
pet export Dubai to UK,https://dubai-pet-relocation.ae/routes/dubai-to-uk/,route,primary,36,mixed,consideration,route-uk-outbound,/routes/,existing,not tracked,Top 10,none,how to take my dog from Dubai to UK; tapeworm treatment dog Dubai to UK; pet relocation Dubai to UK; moving dog from Dubai to UK; pet relocation Dubai to London,,high,73,needs refresh,2026-07-02 (sitemap lastmod),2026-12-03
pet relocation London to Dubai,https://dubai-pet-relocation.ae/routes/uk-to-dubai/,route,primary,40,mixed,consideration,route-uk-inbound,/routes/,existing,not tracked,Top 10,none,pet relocation to UAE from UK; bringing dog to UAE from UK; cost of flying a dog from UK to Dubai; cost of moving a dog from Dubai to UK; animal health certificate UK to Dubai,,high,71,needs refresh,2026-07-02 (sitemap lastmod),2026-12-03
moving dog from London to Dubai,https://dubai-pet-relocation.ae/routes/uk-to-dubai/,route,primary,20,mixed,consideration,route-uk-inbound,/routes/,existing,not tracked,Top 10,none,pet relocation to UAE from UK; bringing dog to UAE from UK; cost of flying a dog from UK to Dubai; cost of moving a dog from Dubai to UK; animal health certificate UK to Dubai,,high,70,needs refresh,2026-07-02 (sitemap lastmod),2026-12-03
pet transport London to Dubai,https://dubai-pet-relocation.ae/routes/uk-to-dubai/,route,primary,13,mixed,consideration,route-uk-inbound,/routes/,existing,not tracked,Top 10,none,pet relocation to UAE from UK; bringing dog to UAE from UK; cost of flying a dog from UK to Dubai; cost of moving a dog from Dubai to UK; animal health certificate UK to Dubai,,high,69,needs refresh,2026-07-02 (sitemap lastmod),2026-12-03
pet relocation London to UAE,https://dubai-pet-relocation.ae/routes/uk-to-dubai/,route,primary,13,mixed,consideration,route-uk-inbound,/routes/,existing,not tracked,Top 10,none,pet relocation to UAE from UK; bringing dog to UAE from UK; cost of flying a dog from UK to Dubai; cost of moving a dog from Dubai to UK; animal health certificate UK to Dubai,,high,69,needs refresh,2026-07-02 (sitemap lastmod),2026-12-03
pet relocation Dubai to London,https://dubai-pet-relocation.ae/routes/dubai-to-uk/,route,primary,20,mixed,consideration,route-uk-outbound,/routes/,existing,not tracked,Top 10,none,how to take my dog from Dubai to UK; tapeworm treatment dog Dubai to UK; pet relocation Dubai to UK; moving dog from Dubai to UK; pet export Dubai to UK,,high,72,needs refresh,2026-07-02 (sitemap lastmod),2026-12-03
moving dog from Dubai to London,https://dubai-pet-relocation.ae/routes/dubai-to-uk/,route,primary,10,mixed,consideration,route-uk-outbound,/routes/,existing,not tracked,Top 10,none,how to take my dog from Dubai to UK; tapeworm treatment dog Dubai to UK; pet relocation Dubai to UK; moving dog from Dubai to UK; pet export Dubai to UK,,high,70,needs refresh,2026-07-02 (sitemap lastmod),2026-12-03
pet export Dubai to London,https://dubai-pet-relocation.ae/routes/dubai-to-uk/,route,primary,6,mixed,consideration,route-uk-outbound,/routes/,existing,not tracked,Top 10,none,how to take my dog from Dubai to UK; tapeworm treatment dog Dubai to UK; pet relocation Dubai to UK; moving dog from Dubai to UK; pet export Dubai to UK,,high,69,needs refresh,2026-07-02 (sitemap lastmod),2026-12-03
pet relocation USA to Dubai,https://dubai-pet-relocation.ae/routes/usa-to-dubai/,route,primary,110,mixed,consideration,route-usa-inbound,/routes/,existing,not tracked,Top 10,none,USDA endorsed health certificate UAE; moving dog from USA to Dubai; pet transport USA to Dubai; bring cat from USA to Dubai; pet relocation USA to UAE,,high,75,needs refresh,2026-07-02 (sitemap lastmod),2026-12-03
moving dog from USA to Dubai,https://dubai-pet-relocation.ae/routes/usa-to-dubai/,route,primary,55,mixed,consideration,route-usa-inbound,/routes/,existing,not tracked,Top 10,none,USDA endorsed health certificate UAE; pet relocation USA to Dubai; pet transport USA to Dubai; bring cat from USA to Dubai; pet relocation USA to UAE,,high,74,needs refresh,2026-07-02 (sitemap lastmod),2026-12-03
pet transport USA to Dubai,https://dubai-pet-relocation.ae/routes/usa-to-dubai/,route,primary,36,mixed,consideration,route-usa-inbound,/routes/,existing,not tracked,Top 10,none,USDA endorsed health certificate UAE; pet relocation USA to Dubai; moving dog from USA to Dubai; bring cat from USA to Dubai; pet relocation USA to UAE,,high,73,needs refresh,2026-07-02 (sitemap lastmod),2026-12-03
bring cat from USA to Dubai,https://dubai-pet-relocation.ae/routes/usa-to-dubai/,route,primary,36,mixed,consideration,route-usa-inbound,/routes/,existing,not tracked,Top 10,none,USDA endorsed health certificate UAE; pet relocation USA to Dubai; moving dog from USA to Dubai; pet transport USA to Dubai; pet relocation USA to UAE,,high,73,needs refresh,2026-07-02 (sitemap lastmod),2026-12-03
pet relocation USA to UAE,https://dubai-pet-relocation.ae/routes/usa-to-dubai/,route,primary,36,mixed,consideration,route-usa-inbound,/routes/,existing,not tracked,Top 10,none,USDA endorsed health certificate UAE; pet relocation USA to Dubai; moving dog from USA to Dubai; pet transport USA to Dubai; bring cat from USA to Dubai,,high,73,needs refresh,2026-07-02 (sitemap lastmod),2026-12-03
pet relocation Dubai to USA,https://dubai-pet-relocation.ae/routes/dubai-to-usa/,route,primary,70,mixed,consideration,route-usa-outbound,/routes/,existing,not tracked,Top 10,none,shipping dog from Dubai to USA; moving dog from Dubai to USA; pet export Dubai to USA,,high,74,needs refresh,2026-07-02 (sitemap lastmod),2026-12-03
moving dog from Dubai to USA,https://dubai-pet-relocation.ae/routes/dubai-to-usa/,route,primary,35,mixed,consideration,route-usa-outbound,/routes/,existing,not tracked,Top 10,none,shipping dog from Dubai to USA; pet relocation Dubai to USA; pet export Dubai to USA,,high,73,needs refresh,2026-07-02 (sitemap lastmod),2026-12-03
pet export Dubai to USA,https://dubai-pet-relocation.ae/routes/dubai-to-usa/,route,primary,23,mixed,consideration,route-usa-outbound,/routes/,existing,not tracked,Top 10,none,shipping dog from Dubai to USA; pet relocation Dubai to USA; moving dog from Dubai to USA,,high,72,needs refresh,2026-07-02 (sitemap lastmod),2026-12-03
pet relocation Canada to Dubai,https://dubai-pet-relocation.ae/routes/canada-to-dubai/,route,primary,70,mixed,consideration,route-canada-inbound,/routes/,existing,not tracked,Top 10,none,moving dog from Canada to Dubai; pet transport Canada to Dubai; bring cat from Canada to Dubai; pet relocation Canada to UAE,,high,74,needs refresh,2026-07-02 (sitemap lastmod),2026-12-03
moving dog from Canada to Dubai,https://dubai-pet-relocation.ae/routes/canada-to-dubai/,route,primary,35,mixed,consideration,route-canada-inbound,/routes/,existing,not tracked,Top 10,none,pet relocation Canada to Dubai; pet transport Canada to Dubai; bring cat from Canada to Dubai; pet relocation Canada to UAE,,high,73,needs refresh,2026-07-02 (sitemap lastmod),2026-12-03
pet transport Canada to Dubai,https://dubai-pet-relocation.ae/routes/canada-to-dubai/,route,primary,23,mixed,consideration,route-canada-inbound,/routes/,existing,not tracked,Top 10,none,pet relocation Canada to Dubai; moving dog from Canada to Dubai; bring cat from Canada to Dubai; pet relocation Canada to UAE,,high,72,needs refresh,2026-07-02 (sitemap lastmod),2026-12-03
bring cat from Canada to Dubai,https://dubai-pet-relocation.ae/routes/canada-to-dubai/,route,primary,23,mixed,consideration,route-canada-inbound,/routes/,existing,not tracked,Top 10,none,pet relocation Canada to Dubai; moving dog from Canada to Dubai; pet transport Canada to Dubai; pet relocation Canada to UAE,,high,72,needs refresh,2026-07-02 (sitemap lastmod),2026-12-03
pet relocation Canada to UAE,https://dubai-pet-relocation.ae/routes/canada-to-dubai/,route,primary,23,mixed,consideration,route-canada-inbound,/routes/,existing,not tracked,Top 10,none,pet relocation Canada to Dubai; moving dog from Canada to Dubai; pet transport Canada to Dubai; bring cat from Canada to Dubai,,high,72,needs refresh,2026-07-02 (sitemap lastmod),2026-12-03
pet relocation Dubai to Canada,https://dubai-pet-relocation.ae/routes/dubai-to-canada/,route,primary,50,mixed,consideration,route-canada-outbound,/routes/,new,not tracked,Top 10,none,moving dog from Dubai to Canada; pet export Dubai to Canada,,high,76,to create,unknown,2026-12-03
moving dog from Dubai to Canada,https://dubai-pet-relocation.ae/routes/dubai-to-canada/,route,primary,25,mixed,consideration,route-canada-outbound,/routes/,new,not tracked,Top 10,none,pet relocation Dubai to Canada; pet export Dubai to Canada,,high,74,to create,unknown,2026-12-03
pet export Dubai to Canada,https://dubai-pet-relocation.ae/routes/dubai-to-canada/,route,primary,16,mixed,consideration,route-canada-outbound,/routes/,new,not tracked,Top 10,none,pet relocation Dubai to Canada; moving dog from Dubai to Canada,,high,73,to create,unknown,2026-12-03
pet relocation Australia to Dubai,https://dubai-pet-relocation.ae/routes/australia-to-dubai/,route,primary,90,mixed,consideration,route-australia-inbound,/routes/,existing,not tracked,Top 10,none,pet relocation Dubai to Australia cost; how to move pets from Dubai to Australia; can I fly my dog direct from Dubai to Australia; moving dog from Australia to Dubai; pet transport Australia to Dubai,,high,75,needs refresh,2026-07-02 (sitemap lastmod),2026-12-03
moving dog from Australia to Dubai,https://dubai-pet-relocation.ae/routes/australia-to-dubai/,route,primary,45,mixed,consideration,route-australia-inbound,/routes/,existing,not tracked,Top 10,none,pet relocation Dubai to Australia cost; how to move pets from Dubai to Australia; can I fly my dog direct from Dubai to Australia; pet relocation Australia to Dubai; pet transport Australia to Dubai,,high,73,needs refresh,2026-07-02 (sitemap lastmod),2026-12-03
pet transport Australia to Dubai,https://dubai-pet-relocation.ae/routes/australia-to-dubai/,route,primary,30,mixed,consideration,route-australia-inbound,/routes/,existing,not tracked,Top 10,none,pet relocation Dubai to Australia cost; how to move pets from Dubai to Australia; can I fly my dog direct from Dubai to Australia; pet relocation Australia to Dubai; moving dog from Australia to Dubai,,high,73,needs refresh,2026-07-02 (sitemap lastmod),2026-12-03
bring cat from Australia to Dubai,https://dubai-pet-relocation.ae/routes/australia-to-dubai/,route,primary,30,mixed,consideration,route-australia-inbound,/routes/,existing,not tracked,Top 10,none,pet relocation Dubai to Australia cost; how to move pets from Dubai to Australia; can I fly my dog direct from Dubai to Australia; pet relocation Australia to Dubai; moving dog from Australia to Dubai,,high,73,needs refresh,2026-07-02 (sitemap lastmod),2026-12-03
pet relocation Australia to UAE,https://dubai-pet-relocation.ae/routes/australia-to-dubai/,route,primary,30,mixed,consideration,route-australia-inbound,/routes/,existing,not tracked,Top 10,none,pet relocation Dubai to Australia cost; how to move pets from Dubai to Australia; can I fly my dog direct from Dubai to Australia; pet relocation Australia to Dubai; moving dog from Australia to Dubai,,high,73,needs refresh,2026-07-02 (sitemap lastmod),2026-12-03
pet relocation Dubai to Australia,https://dubai-pet-relocation.ae/routes/dubai-to-australia/,route,primary,70,mixed,consideration,route-australia-outbound,/routes/,new,not tracked,Top 10,none,moving dog from Dubai to Australia; pet export Dubai to Australia,,high,76,to create,unknown,2026-12-03
moving dog from Dubai to Australia,https://dubai-pet-relocation.ae/routes/dubai-to-australia/,route,primary,35,mixed,consideration,route-australia-outbound,/routes/,new,not tracked,Top 10,none,pet relocation Dubai to Australia; pet export Dubai to Australia,,high,75,to create,unknown,2026-12-03
pet export Dubai to Australia,https://dubai-pet-relocation.ae/routes/dubai-to-australia/,route,primary,23,mixed,consideration,route-australia-outbound,/routes/,new,not tracked,Top 10,none,pet relocation Dubai to Australia; moving dog from Dubai to Australia,,high,74,to create,unknown,2026-12-03
pet relocation India to Dubai,https://dubai-pet-relocation.ae/routes/india-to-dubai/,route,primary,140,mixed,consideration,route-india-inbound,/routes/,existing,not tracked,Top 10,none,pet relocation India to Dubai cost; how to take pets from UAE to India; how to bring pet from India to Dubai; what is AQCS clearance for pets; moving dog from India to Dubai,,high,76,needs refresh,2026-07-02 (sitemap lastmod),2026-12-03
moving dog from India to Dubai,https://dubai-pet-relocation.ae/routes/india-to-dubai/,route,primary,70,mixed,consideration,route-india-inbound,/routes/,existing,not tracked,Top 10,none,pet relocation India to Dubai cost; how to take pets from UAE to India; how to bring pet from India to Dubai; what is AQCS clearance for pets; pet relocation India to Dubai,,high,74,needs refresh,2026-07-02 (sitemap lastmod),2026-12-03
pet transport India to Dubai,https://dubai-pet-relocation.ae/routes/india-to-dubai/,route,primary,46,mixed,consideration,route-india-inbound,/routes/,existing,not tracked,Top 10,none,pet relocation India to Dubai cost; how to take pets from UAE to India; how to bring pet from India to Dubai; what is AQCS clearance for pets; pet relocation India to Dubai,,high,73,needs refresh,2026-07-02 (sitemap lastmod),2026-12-03
bring cat from India to Dubai,https://dubai-pet-relocation.ae/routes/india-to-dubai/,route,primary,46,mixed,consideration,route-india-inbound,/routes/,existing,not tracked,Top 10,none,pet relocation India to Dubai cost; how to take pets from UAE to India; how to bring pet from India to Dubai; what is AQCS clearance for pets; pet relocation India to Dubai,,high,73,needs refresh,2026-07-02 (sitemap lastmod),2026-12-03
pet relocation India to UAE,https://dubai-pet-relocation.ae/routes/india-to-dubai/,route,primary,46,mixed,consideration,route-india-inbound,/routes/,existing,not tracked,Top 10,none,pet relocation India to Dubai cost; how to take pets from UAE to India; how to bring pet from India to Dubai; what is AQCS clearance for pets; pet relocation India to Dubai,,high,73,needs refresh,2026-07-02 (sitemap lastmod),2026-12-03
pet relocation Dubai to India,https://dubai-pet-relocation.ae/routes/dubai-to-india/,route,primary,30,mixed,consideration,route-india-outbound,/routes/,new,not tracked,Top 10,none,moving dog from Dubai to India; pet export Dubai to India; pet relocation Dubai to Mumbai; moving dog from Dubai to Mumbai; pet export Dubai to Mumbai,,high,77,to create,unknown,2026-12-03
moving dog from Dubai to India,https://dubai-pet-relocation.ae/routes/dubai-to-india/,route,primary,55,mixed,consideration,route-india-outbound,/routes/,new,not tracked,Top 10,none,pet relocation Dubai to India; pet export Dubai to India; pet relocation Dubai to Mumbai; moving dog from Dubai to Mumbai; pet export Dubai to Mumbai,,high,76,to create,unknown,2026-12-03
pet export Dubai to India,https://dubai-pet-relocation.ae/routes/dubai-to-india/,route,primary,36,mixed,consideration,route-india-outbound,/routes/,new,not tracked,Top 10,none,pet relocation Dubai to India; moving dog from Dubai to India; pet relocation Dubai to Mumbai; moving dog from Dubai to Mumbai; pet export Dubai to Mumbai,,high,75,to create,unknown,2026-12-03
pet relocation Mumbai to Dubai,https://dubai-pet-relocation.ae/routes/india-to-dubai/,route,primary,30,mixed,consideration,route-india-inbound,/routes/,existing,not tracked,Top 10,none,pet relocation India to Dubai cost; how to take pets from UAE to India; how to bring pet from India to Dubai; what is AQCS clearance for pets; pet relocation India to Dubai,,high,73,needs refresh,2026-07-02 (sitemap lastmod),2026-12-03
moving dog from Mumbai to Dubai,https://dubai-pet-relocation.ae/routes/india-to-dubai/,route,primary,15,mixed,consideration,route-india-inbound,/routes/,existing,not tracked,Top 10,none,pet relocation India to Dubai cost; how to take pets from UAE to India; how to bring pet from India to Dubai; what is AQCS clearance for pets; pet relocation India to Dubai,,high,71,needs refresh,2026-07-02 (sitemap lastmod),2026-12-03
pet transport Mumbai to Dubai,https://dubai-pet-relocation.ae/routes/india-to-dubai/,route,primary,10,mixed,consideration,route-india-inbound,/routes/,existing,not tracked,Top 10,none,pet relocation India to Dubai cost; how to take pets from UAE to India; how to bring pet from India to Dubai; what is AQCS clearance for pets; pet relocation India to Dubai,,high,70,needs refresh,2026-07-02 (sitemap lastmod),2026-12-03
pet relocation Mumbai to UAE,https://dubai-pet-relocation.ae/routes/india-to-dubai/,route,primary,10,mixed,consideration,route-india-inbound,/routes/,existing,not tracked,Top 10,none,pet relocation India to Dubai cost; how to take pets from UAE to India; how to bring pet from India to Dubai; what is AQCS clearance for pets; pet relocation India to Dubai,,high,70,needs refresh,2026-07-02 (sitemap lastmod),2026-12-03
pet relocation Dubai to Mumbai,https://dubai-pet-relocation.ae/routes/dubai-to-india/,route,primary,20,mixed,consideration,route-india-outbound,/routes/,new,not tracked,Top 10,none,pet relocation Dubai to India; moving dog from Dubai to India; pet export Dubai to India; moving dog from Dubai to Mumbai; pet export Dubai to Mumbai,,high,74,to create,unknown,2026-12-03
moving dog from Dubai to Mumbai,https://dubai-pet-relocation.ae/routes/dubai-to-india/,route,primary,10,mixed,consideration,route-india-outbound,/routes/,new,not tracked,Top 10,none,pet relocation Dubai to India; moving dog from Dubai to India; pet export Dubai to India; pet relocation Dubai to Mumbai; pet export Dubai to Mumbai,,high,72,to create,unknown,2026-12-03
pet export Dubai to Mumbai,https://dubai-pet-relocation.ae/routes/dubai-to-india/,route,primary,6,mixed,consideration,route-india-outbound,/routes/,new,not tracked,Top 10,none,pet relocation Dubai to India; moving dog from Dubai to India; pet export Dubai to India; pet relocation Dubai to Mumbai; moving dog from Dubai to Mumbai,,high,71,to create,unknown,2026-12-03
pet relocation Philippines to Dubai,https://dubai-pet-relocation.ae/routes/philippines-to-dubai/,route,primary,70,mixed,consideration,route-philippines-inbound,/routes/,existing,not tracked,Top 10,none,pet relocation UAE to Philippines cost; how to bring a pet from Philippines to Dubai; how to send pet from Dubai to Philippines; moving dog from Philippines to Dubai; pet transport Philippines to Dubai,,high,74,needs refresh,2026-07-02 (sitemap lastmod),2026-12-03
moving dog from Philippines to Dubai,https://dubai-pet-relocation.ae/routes/philippines-to-dubai/,route,primary,35,mixed,consideration,route-philippines-inbound,/routes/,existing,not tracked,Top 10,none,pet relocation UAE to Philippines cost; how to bring a pet from Philippines to Dubai; how to send pet from Dubai to Philippines; pet relocation Philippines to Dubai; pet transport Philippines to Dubai,,high,73,needs refresh,2026-07-02 (sitemap lastmod),2026-12-03
pet transport Philippines to Dubai,https://dubai-pet-relocation.ae/routes/philippines-to-dubai/,route,primary,23,mixed,consideration,route-philippines-inbound,/routes/,existing,not tracked,Top 10,none,pet relocation UAE to Philippines cost; how to bring a pet from Philippines to Dubai; how to send pet from Dubai to Philippines; pet relocation Philippines to Dubai; moving dog from Philippines to Dubai,,high,72,needs refresh,2026-07-02 (sitemap lastmod),2026-12-03
bring cat from Philippines to Dubai,https://dubai-pet-relocation.ae/routes/philippines-to-dubai/,route,primary,23,mixed,consideration,route-philippines-inbound,/routes/,existing,not tracked,Top 10,none,pet relocation UAE to Philippines cost; how to bring a pet from Philippines to Dubai; how to send pet from Dubai to Philippines; pet relocation Philippines to Dubai; moving dog from Philippines to Dubai,,high,72,needs refresh,2026-07-02 (sitemap lastmod),2026-12-03
pet relocation Philippines to UAE,https://dubai-pet-relocation.ae/routes/philippines-to-dubai/,route,primary,23,mixed,consideration,route-philippines-inbound,/routes/,existing,not tracked,Top 10,none,pet relocation UAE to Philippines cost; how to bring a pet from Philippines to Dubai; how to send pet from Dubai to Philippines; pet relocation Philippines to Dubai; moving dog from Philippines to Dubai,,high,72,needs refresh,2026-07-02 (sitemap lastmod),2026-12-03
pet relocation Dubai to Philippines,https://dubai-pet-relocation.ae/routes/dubai-to-philippines/,route,primary,90,mixed,consideration,route-philippines-outbound,/routes/,new,not tracked,Top 10,none,moving dog from Dubai to Philippines; pet export Dubai to Philippines,,high,77,to create,unknown,2026-12-03
moving dog from Dubai to Philippines,https://dubai-pet-relocation.ae/routes/dubai-to-philippines/,route,primary,45,mixed,consideration,route-philippines-outbound,/routes/,new,not tracked,Top 10,none,pet relocation Dubai to Philippines; pet export Dubai to Philippines,,high,75,to create,unknown,2026-12-03
pet export Dubai to Philippines,https://dubai-pet-relocation.ae/routes/dubai-to-philippines/,route,primary,30,mixed,consideration,route-philippines-outbound,/routes/,new,not tracked,Top 10,none,pet relocation Dubai to Philippines; moving dog from Dubai to Philippines,,high,75,to create,unknown,2026-12-03
pet relocation South Africa to Dubai,https://dubai-pet-relocation.ae/routes/south-africa-to-dubai/,route,primary,50,mixed,consideration,route-southafrica-inbound,/routes/,existing,not tracked,Top 10,none,moving dog from South Africa to Dubai; pet transport South Africa to Dubai; bring cat from South Africa to Dubai; pet relocation South Africa to UAE,,high,74,needs refresh,2026-07-02 (sitemap lastmod),2026-12-03
moving dog from South Africa to Dubai,https://dubai-pet-relocation.ae/routes/south-africa-to-dubai/,route,primary,25,mixed,consideration,route-southafrica-inbound,/routes/,existing,not tracked,Top 10,none,pet relocation South Africa to Dubai; pet transport South Africa to Dubai; bring cat from South Africa to Dubai; pet relocation South Africa to UAE,,high,72,needs refresh,2026-07-02 (sitemap lastmod),2026-12-03
pet transport South Africa to Dubai,https://dubai-pet-relocation.ae/routes/south-africa-to-dubai/,route,primary,16,mixed,consideration,route-southafrica-inbound,/routes/,existing,not tracked,Top 10,none,pet relocation South Africa to Dubai; moving dog from South Africa to Dubai; bring cat from South Africa to Dubai; pet relocation South Africa to UAE,,high,71,needs refresh,2026-07-02 (sitemap lastmod),2026-12-03
bring cat from South Africa to Dubai,https://dubai-pet-relocation.ae/routes/south-africa-to-dubai/,route,primary,16,mixed,consideration,route-southafrica-inbound,/routes/,existing,not tracked,Top 10,none,pet relocation South Africa to Dubai; moving dog from South Africa to Dubai; pet transport South Africa to Dubai; pet relocation South Africa to UAE,,high,71,needs refresh,2026-07-02 (sitemap lastmod),2026-12-03
pet relocation South Africa to UAE,https://dubai-pet-relocation.ae/routes/south-africa-to-dubai/,route,primary,16,mixed,consideration,route-southafrica-inbound,/routes/,existing,not tracked,Top 10,none,pet relocation South Africa to Dubai; moving dog from South Africa to Dubai; pet transport South Africa to Dubai; bring cat from South Africa to Dubai,,high,71,needs refresh,2026-07-02 (sitemap lastmod),2026-12-03
pet relocation Dubai to South Africa,https://dubai-pet-relocation.ae/routes/,route,secondary,30,mixed,consideration,route-southafrica-outbound,/routes/,new,not tracked,Top 20,none,moving dog from Dubai to South Africa; pet export Dubai to South Africa; pet relocation Dubai to France; moving dog from Dubai to France; pet export Dubai to France,/service/international-pet-relocation/; /guides/pet-relocation-cost-dubai/,high,59,to create,unknown,2026-12-03
moving dog from Dubai to South Africa,https://dubai-pet-relocation.ae/routes/,route,secondary,15,mixed,consideration,route-southafrica-outbound,/routes/,new,not tracked,Top 20,none,pet relocation Dubai to South Africa; pet export Dubai to South Africa; pet relocation Dubai to France; moving dog from Dubai to France; pet export Dubai to France,/service/international-pet-relocation/; /guides/pet-relocation-cost-dubai/,high,57,to create,unknown,2026-12-03
pet export Dubai to South Africa,https://dubai-pet-relocation.ae/routes/,route,secondary,10,mixed,consideration,route-southafrica-outbound,/routes/,new,not tracked,Top 20,none,pet relocation Dubai to South Africa; moving dog from Dubai to South Africa; pet relocation Dubai to France; moving dog from Dubai to France; pet export Dubai to France,/service/international-pet-relocation/; /guides/pet-relocation-cost-dubai/,high,56,to create,unknown,2026-12-03
pet relocation Germany to Dubai,https://dubai-pet-relocation.ae/routes/germany-to-dubai/,route,primary,50,mixed,consideration,route-germany-inbound,/routes/,new,not tracked,Top 10,none,moving dog from Germany to Dubai; pet transport Germany to Dubai; bring cat from Germany to Dubai; pet relocation Germany to UAE,,high,76,to create,unknown,2026-12-03
moving dog from Germany to Dubai,https://dubai-pet-relocation.ae/routes/germany-to-dubai/,route,primary,25,mixed,consideration,route-germany-inbound,/routes/,new,not tracked,Top 10,none,pet relocation Germany to Dubai; pet transport Germany to Dubai; bring cat from Germany to Dubai; pet relocation Germany to UAE,,high,74,to create,unknown,2026-12-03
pet transport Germany to Dubai,https://dubai-pet-relocation.ae/routes/germany-to-dubai/,route,primary,16,mixed,consideration,route-germany-inbound,/routes/,new,not tracked,Top 10,none,pet relocation Germany to Dubai; moving dog from Germany to Dubai; bring cat from Germany to Dubai; pet relocation Germany to UAE,,high,73,to create,unknown,2026-12-03
bring cat from Germany to Dubai,https://dubai-pet-relocation.ae/routes/germany-to-dubai/,route,primary,16,mixed,consideration,route-germany-inbound,/routes/,new,not tracked,Top 10,none,pet relocation Germany to Dubai; moving dog from Germany to Dubai; pet transport Germany to Dubai; pet relocation Germany to UAE,,high,73,to create,unknown,2026-12-03
pet relocation Germany to UAE,https://dubai-pet-relocation.ae/routes/germany-to-dubai/,route,primary,16,mixed,consideration,route-germany-inbound,/routes/,new,not tracked,Top 10,none,pet relocation Germany to Dubai; moving dog from Germany to Dubai; pet transport Germany to Dubai; bring cat from Germany to Dubai,,high,73,to create,unknown,2026-12-03
pet relocation Dubai to Germany,https://dubai-pet-relocation.ae/routes/dubai-to-germany/,route,primary,40,mixed,consideration,route-germany-outbound,/routes/,new,not tracked,Top 10,none,moving dog from Dubai to Germany; pet export Dubai to Germany,,high,75,to create,unknown,2026-12-03
moving dog from Dubai to Germany,https://dubai-pet-relocation.ae/routes/dubai-to-germany/,route,primary,20,mixed,consideration,route-germany-outbound,/routes/,new,not tracked,Top 10,none,pet relocation Dubai to Germany; pet export Dubai to Germany,,high,74,to create,unknown,2026-12-03
pet export Dubai to Germany,https://dubai-pet-relocation.ae/routes/dubai-to-germany/,route,primary,13,mixed,consideration,route-germany-outbound,/routes/,new,not tracked,Top 10,none,pet relocation Dubai to Germany; moving dog from Dubai to Germany,,high,73,to create,unknown,2026-12-03
pet relocation France to Dubai,https://dubai-pet-relocation.ae/routes/france-to-dubai/,route,primary,40,mixed,consideration,route-france-inbound,/routes/,new,not tracked,Top 10,none,moving dog from France to Dubai; pet transport France to Dubai; bring cat from France to Dubai; pet relocation France to UAE,,high,75,to create,unknown,2026-12-03
moving dog from France to Dubai,https://dubai-pet-relocation.ae/routes/france-to-dubai/,route,primary,20,mixed,consideration,route-france-inbound,/routes/,new,not tracked,Top 10,none,pet relocation France to Dubai; pet transport France to Dubai; bring cat from France to Dubai; pet relocation France to UAE,,high,74,to create,unknown,2026-12-03
pet transport France to Dubai,https://dubai-pet-relocation.ae/routes/france-to-dubai/,route,primary,13,mixed,consideration,route-france-inbound,/routes/,new,not tracked,Top 10,none,pet relocation France to Dubai; moving dog from France to Dubai; bring cat from France to Dubai; pet relocation France to UAE,,high,73,to create,unknown,2026-12-03
bring cat from France to Dubai,https://dubai-pet-relocation.ae/routes/france-to-dubai/,route,primary,13,mixed,consideration,route-france-inbound,/routes/,new,not tracked,Top 10,none,pet relocation France to Dubai; moving dog from France to Dubai; pet transport France to Dubai; pet relocation France to UAE,,high,73,to create,unknown,2026-12-03
pet relocation France to UAE,https://dubai-pet-relocation.ae/routes/france-to-dubai/,route,primary,13,mixed,consideration,route-france-inbound,/routes/,new,not tracked,Top 10,none,pet relocation France to Dubai; moving dog from France to Dubai; pet transport France to Dubai; bring cat from France to Dubai,,high,73,to create,unknown,2026-12-03
pet relocation Dubai to France,https://dubai-pet-relocation.ae/routes/,route,secondary,40,mixed,consideration,route-france-outbound,/routes/,new,not tracked,Top 20,none,pet relocation Dubai to South Africa; moving dog from Dubai to South Africa; pet export Dubai to South Africa; moving dog from Dubai to France; pet export Dubai to France,/service/international-pet-relocation/; /guides/pet-relocation-cost-dubai/,high,59,to create,unknown,2026-12-03
moving dog from Dubai to France,https://dubai-pet-relocation.ae/routes/,route,secondary,20,mixed,consideration,route-france-outbound,/routes/,new,not tracked,Top 20,none,pet relocation Dubai to South Africa; moving dog from Dubai to South Africa; pet export Dubai to South Africa; pet relocation Dubai to France; pet export Dubai to France,/service/international-pet-relocation/; /guides/pet-relocation-cost-dubai/,high,58,to create,unknown,2026-12-03
pet export Dubai to France,https://dubai-pet-relocation.ae/routes/,route,secondary,13,mixed,consideration,route-france-outbound,/routes/,new,not tracked,Top 20,none,pet relocation Dubai to South Africa; moving dog from Dubai to South Africa; pet export Dubai to South Africa; pet relocation Dubai to France; moving dog from Dubai to France,/service/international-pet-relocation/; /guides/pet-relocation-cost-dubai/,high,57,to create,unknown,2026-12-03
pet relocation Netherlands to Dubai,https://dubai-pet-relocation.ae/routes/netherlands-to-dubai/,route,primary,30,mixed,consideration,route-netherlands-inbound,/routes/,new,not tracked,Top 10,none,moving dog from Netherlands to Dubai; pet transport Netherlands to Dubai; pet relocation Netherlands to UAE,,high,75,to create,unknown,2026-12-03
moving dog from Netherlands to Dubai,https://dubai-pet-relocation.ae/routes/netherlands-to-dubai/,route,primary,15,mixed,consideration,route-netherlands-inbound,/routes/,new,not tracked,Top 10,none,pet relocation Netherlands to Dubai; pet transport Netherlands to Dubai; pet relocation Netherlands to UAE,,high,73,to create,unknown,2026-12-03
pet transport Netherlands to Dubai,https://dubai-pet-relocation.ae/routes/netherlands-to-dubai/,route,primary,10,mixed,consideration,route-netherlands-inbound,/routes/,new,not tracked,Top 10,none,pet relocation Netherlands to Dubai; moving dog from Netherlands to Dubai; pet relocation Netherlands to UAE,,high,72,to create,unknown,2026-12-03
pet relocation Netherlands to UAE,https://dubai-pet-relocation.ae/routes/netherlands-to-dubai/,route,primary,10,mixed,consideration,route-netherlands-inbound,/routes/,new,not tracked,Top 10,none,pet relocation Netherlands to Dubai; moving dog from Netherlands to Dubai; pet transport Netherlands to Dubai,,high,72,to create,unknown,2026-12-03
pet relocation Dubai to Netherlands,https://dubai-pet-relocation.ae/routes/,route,secondary,20,mixed,consideration,route-netherlands-outbound,/routes/,new,not tracked,Top 20,none,pet relocation Dubai to South Africa; moving dog from Dubai to South Africa; pet export Dubai to South Africa; pet relocation Dubai to France; moving dog from Dubai to France,/service/international-pet-relocation/; /guides/pet-relocation-cost-dubai/,high,58,to create,unknown,2026-12-03
moving dog from Dubai to Netherlands,https://dubai-pet-relocation.ae/routes/,route,secondary,10,mixed,consideration,route-netherlands-outbound,/routes/,new,not tracked,Top 20,none,pet relocation Dubai to South Africa; moving dog from Dubai to South Africa; pet export Dubai to South Africa; pet relocation Dubai to France; moving dog from Dubai to France,/service/international-pet-relocation/; /guides/pet-relocation-cost-dubai/,high,56,to create,unknown,2026-12-03
pet export Dubai to Netherlands,https://dubai-pet-relocation.ae/routes/,route,secondary,6,mixed,consideration,route-netherlands-outbound,/routes/,new,not tracked,Top 20,none,pet relocation Dubai to South Africa; moving dog from Dubai to South Africa; pet export Dubai to South Africa; pet relocation Dubai to France; moving dog from Dubai to France,/service/international-pet-relocation/; /guides/pet-relocation-cost-dubai/,high,55,to create,unknown,2026-12-03
pet relocation Spain to Dubai,https://dubai-pet-relocation.ae/routes/,route,secondary,30,mixed,consideration,route-spain-inbound,/routes/,new,not tracked,Top 20,none,pet relocation Dubai to South Africa; moving dog from Dubai to South Africa; pet export Dubai to South Africa; pet relocation Dubai to France; moving dog from Dubai to France,/service/international-pet-relocation/; /guides/pet-relocation-cost-dubai/,high,59,to create,unknown,2026-12-03
moving dog from Spain to Dubai,https://dubai-pet-relocation.ae/routes/,route,secondary,15,mixed,consideration,route-spain-inbound,/routes/,new,not tracked,Top 20,none,pet relocation Dubai to South Africa; moving dog from Dubai to South Africa; pet export Dubai to South Africa; pet relocation Dubai to France; moving dog from Dubai to France,/service/international-pet-relocation/; /guides/pet-relocation-cost-dubai/,high,57,to create,unknown,2026-12-03
pet transport Spain to Dubai,https://dubai-pet-relocation.ae/routes/,route,secondary,10,mixed,consideration,route-spain-inbound,/routes/,new,not tracked,Top 20,none,pet relocation Dubai to South Africa; moving dog from Dubai to South Africa; pet export Dubai to South Africa; pet relocation Dubai to France; moving dog from Dubai to France,/service/international-pet-relocation/; /guides/pet-relocation-cost-dubai/,high,56,to create,unknown,2026-12-03
pet relocation Spain to UAE,https://dubai-pet-relocation.ae/routes/,route,secondary,10,mixed,consideration,route-spain-inbound,/routes/,new,not tracked,Top 20,none,pet relocation Dubai to South Africa; moving dog from Dubai to South Africa; pet export Dubai to South Africa; pet relocation Dubai to France; moving dog from Dubai to France,/service/international-pet-relocation/; /guides/pet-relocation-cost-dubai/,high,56,to create,unknown,2026-12-03
pet relocation Dubai to Spain,https://dubai-pet-relocation.ae/routes/,route,secondary,20,mixed,consideration,route-spain-outbound,/routes/,new,not tracked,Top 20,none,pet relocation Dubai to South Africa; moving dog from Dubai to South Africa; pet export Dubai to South Africa; pet relocation Dubai to France; moving dog from Dubai to France,/service/international-pet-relocation/; /guides/pet-relocation-cost-dubai/,high,58,to create,unknown,2026-12-03
moving dog from Dubai to Spain,https://dubai-pet-relocation.ae/routes/,route,secondary,10,mixed,consideration,route-spain-outbound,/routes/,new,not tracked,Top 20,none,pet relocation Dubai to South Africa; moving dog from Dubai to South Africa; pet export Dubai to South Africa; pet relocation Dubai to France; moving dog from Dubai to France,/service/international-pet-relocation/; /guides/pet-relocation-cost-dubai/,high,56,to create,unknown,2026-12-03
pet export Dubai to Spain,https://dubai-pet-relocation.ae/routes/,route,secondary,6,mixed,consideration,route-spain-outbound,/routes/,new,not tracked,Top 20,none,pet relocation Dubai to South Africa; moving dog from Dubai to South Africa; pet export Dubai to South Africa; pet relocation Dubai to France; moving dog from Dubai to France,/service/international-pet-relocation/; /guides/pet-relocation-cost-dubai/,high,55,to create,unknown,2026-12-03
pet relocation Italy to Dubai,https://dubai-pet-relocation.ae/routes/,route,secondary,20,mixed,consideration,route-italy-inbound,/routes/,new,not tracked,Top 20,none,pet relocation Dubai to South Africa; moving dog from Dubai to South Africa; pet export Dubai to South Africa; pet relocation Dubai to France; moving dog from Dubai to France,/service/international-pet-relocation/; /guides/pet-relocation-cost-dubai/,high,58,to create,unknown,2026-12-03
moving dog from Italy to Dubai,https://dubai-pet-relocation.ae/routes/,route,secondary,10,mixed,consideration,route-italy-inbound,/routes/,new,not tracked,Top 20,none,pet relocation Dubai to South Africa; moving dog from Dubai to South Africa; pet export Dubai to South Africa; pet relocation Dubai to France; moving dog from Dubai to France,/service/international-pet-relocation/; /guides/pet-relocation-cost-dubai/,high,56,to create,unknown,2026-12-03
pet transport Italy to Dubai,https://dubai-pet-relocation.ae/routes/,route,secondary,6,mixed,consideration,route-italy-inbound,/routes/,new,not tracked,Top 20,none,pet relocation Dubai to South Africa; moving dog from Dubai to South Africa; pet export Dubai to South Africa; pet relocation Dubai to France; moving dog from Dubai to France,/service/international-pet-relocation/; /guides/pet-relocation-cost-dubai/,high,55,to create,unknown,2026-12-03
pet relocation Italy to UAE,https://dubai-pet-relocation.ae/routes/,route,secondary,6,mixed,consideration,route-italy-inbound,/routes/,new,not tracked,Top 20,none,pet relocation Dubai to South Africa; moving dog from Dubai to South Africa; pet export Dubai to South Africa; pet relocation Dubai to France; moving dog from Dubai to France,/service/international-pet-relocation/; /guides/pet-relocation-cost-dubai/,high,55,to create,unknown,2026-12-03
pet relocation Dubai to Italy,https://dubai-pet-relocation.ae/routes/,route,secondary,20,mixed,consideration,route-italy-outbound,/routes/,new,not tracked,Top 20,none,pet relocation Dubai to South Africa; moving dog from Dubai to South Africa; pet export Dubai to South Africa; pet relocation Dubai to France; moving dog from Dubai to France,/service/international-pet-relocation/; /guides/pet-relocation-cost-dubai/,high,58,to create,unknown,2026-12-03
moving dog from Dubai to Italy,https://dubai-pet-relocation.ae/routes/,route,secondary,10,mixed,consideration,route-italy-outbound,/routes/,new,not tracked,Top 20,none,pet relocation Dubai to South Africa; moving dog from Dubai to South Africa; pet export Dubai to South Africa; pet relocation Dubai to France; moving dog from Dubai to France,/service/international-pet-relocation/; /guides/pet-relocation-cost-dubai/,high,56,to create,unknown,2026-12-03
pet export Dubai to Italy,https://dubai-pet-relocation.ae/routes/,route,secondary,6,mixed,consideration,route-italy-outbound,/routes/,new,not tracked,Top 20,none,pet relocation Dubai to South Africa; moving dog from Dubai to South Africa; pet export Dubai to South Africa; pet relocation Dubai to France; moving dog from Dubai to France,/service/international-pet-relocation/; /guides/pet-relocation-cost-dubai/,high,55,to create,unknown,2026-12-03
pet relocation Ireland to Dubai,https://dubai-pet-relocation.ae/routes/,route,secondary,20,mixed,consideration,route-ireland-inbound,/routes/,new,not tracked,Top 20,none,pet relocation Dubai to South Africa; moving dog from Dubai to South Africa; pet export Dubai to South Africa; pet relocation Dubai to France; moving dog from Dubai to France,/service/international-pet-relocation/; /guides/pet-relocation-cost-dubai/,high,58,to create,unknown,2026-12-03
moving dog from Ireland to Dubai,https://dubai-pet-relocation.ae/routes/,route,secondary,10,mixed,consideration,route-ireland-inbound,/routes/,new,not tracked,Top 20,none,pet relocation Dubai to South Africa; moving dog from Dubai to South Africa; pet export Dubai to South Africa; pet relocation Dubai to France; moving dog from Dubai to France,/service/international-pet-relocation/; /guides/pet-relocation-cost-dubai/,high,56,to create,unknown,2026-12-03
pet transport Ireland to Dubai,https://dubai-pet-relocation.ae/routes/,route,secondary,6,mixed,consideration,route-ireland-inbound,/routes/,new,not tracked,Top 20,none,pet relocation Dubai to South Africa; moving dog from Dubai to South Africa; pet export Dubai to South Africa; pet relocation Dubai to France; moving dog from Dubai to France,/service/international-pet-relocation/; /guides/pet-relocation-cost-dubai/,high,55,to create,unknown,2026-12-03
pet relocation Ireland to UAE,https://dubai-pet-relocation.ae/routes/,route,secondary,6,mixed,consideration,route-ireland-inbound,/routes/,new,not tracked,Top 20,none,pet relocation Dubai to South Africa; moving dog from Dubai to South Africa; pet export Dubai to South Africa; pet relocation Dubai to France; moving dog from Dubai to France,/service/international-pet-relocation/; /guides/pet-relocation-cost-dubai/,high,55,to create,unknown,2026-12-03
pet relocation Dubai to Ireland,https://dubai-pet-relocation.ae/routes/,route,secondary,20,mixed,consideration,route-ireland-outbound,/routes/,new,not tracked,Top 20,none,pet relocation Dubai to South Africa; moving dog from Dubai to South Africa; pet export Dubai to South Africa; pet relocation Dubai to France; moving dog from Dubai to France,/service/international-pet-relocation/; /guides/pet-relocation-cost-dubai/,high,58,to create,unknown,2026-12-03
moving dog from Dubai to Ireland,https://dubai-pet-relocation.ae/routes/,route,secondary,10,mixed,consideration,route-ireland-outbound,/routes/,new,not tracked,Top 20,none,pet relocation Dubai to South Africa; moving dog from Dubai to South Africa; pet export Dubai to South Africa; pet relocation Dubai to France; moving dog from Dubai to France,/service/international-pet-relocation/; /guides/pet-relocation-cost-dubai/,high,56,to create,unknown,2026-12-03
pet export Dubai to Ireland,https://dubai-pet-relocation.ae/routes/,route,secondary,6,mixed,consideration,route-ireland-outbound,/routes/,new,not tracked,Top 20,none,pet relocation Dubai to South Africa; moving dog from Dubai to South Africa; pet export Dubai to South Africa; pet relocation Dubai to France; moving dog from Dubai to France,/service/international-pet-relocation/; /guides/pet-relocation-cost-dubai/,high,55,to create,unknown,2026-12-03
pet relocation Singapore to Dubai,https://dubai-pet-relocation.ae/routes/singapore-to-dubai/,route,primary,30,mixed,consideration,route-singapore-inbound,/routes/,new,not tracked,Top 10,none,moving dog from Singapore to Dubai; pet transport Singapore to Dubai; bring cat from Singapore to Dubai; pet relocation Singapore to UAE,,high,75,to create,unknown,2026-12-03
moving dog from Singapore to Dubai,https://dubai-pet-relocation.ae/routes/singapore-to-dubai/,route,primary,15,mixed,consideration,route-singapore-inbound,/routes/,new,not tracked,Top 10,none,pet relocation Singapore to Dubai; pet transport Singapore to Dubai; bring cat from Singapore to Dubai; pet relocation Singapore to UAE,,high,73,to create,unknown,2026-12-03
pet transport Singapore to Dubai,https://dubai-pet-relocation.ae/routes/singapore-to-dubai/,route,primary,10,mixed,consideration,route-singapore-inbound,/routes/,new,not tracked,Top 10,none,pet relocation Singapore to Dubai; moving dog from Singapore to Dubai; bring cat from Singapore to Dubai; pet relocation Singapore to UAE,,high,72,to create,unknown,2026-12-03
bring cat from Singapore to Dubai,https://dubai-pet-relocation.ae/routes/singapore-to-dubai/,route,primary,10,mixed,consideration,route-singapore-inbound,/routes/,new,not tracked,Top 10,none,pet relocation Singapore to Dubai; moving dog from Singapore to Dubai; pet transport Singapore to Dubai; pet relocation Singapore to UAE,,high,72,to create,unknown,2026-12-03
pet relocation Singapore to UAE,https://dubai-pet-relocation.ae/routes/singapore-to-dubai/,route,primary,10,mixed,consideration,route-singapore-inbound,/routes/,new,not tracked,Top 10,none,pet relocation Singapore to Dubai; moving dog from Singapore to Dubai; pet transport Singapore to Dubai; bring cat from Singapore to Dubai,,high,72,to create,unknown,2026-12-03
pet relocation Dubai to Singapore,https://dubai-pet-relocation.ae/routes/,route,secondary,30,mixed,consideration,route-singapore-outbound,/routes/,new,not tracked,Top 20,none,pet relocation Dubai to South Africa; moving dog from Dubai to South Africa; pet export Dubai to South Africa; pet relocation Dubai to France; moving dog from Dubai to France,/service/international-pet-relocation/; /guides/pet-relocation-cost-dubai/,high,59,to create,unknown,2026-12-03
moving dog from Dubai to Singapore,https://dubai-pet-relocation.ae/routes/,route,secondary,15,mixed,consideration,route-singapore-outbound,/routes/,new,not tracked,Top 20,none,pet relocation Dubai to South Africa; moving dog from Dubai to South Africa; pet export Dubai to South Africa; pet relocation Dubai to France; moving dog from Dubai to France,/service/international-pet-relocation/; /guides/pet-relocation-cost-dubai/,high,57,to create,unknown,2026-12-03
pet export Dubai to Singapore,https://dubai-pet-relocation.ae/routes/,route,secondary,10,mixed,consideration,route-singapore-outbound,/routes/,new,not tracked,Top 20,none,pet relocation Dubai to South Africa; moving dog from Dubai to South Africa; pet export Dubai to South Africa; pet relocation Dubai to France; moving dog from Dubai to France,/service/international-pet-relocation/; /guides/pet-relocation-cost-dubai/,high,56,to create,unknown,2026-12-03
pet relocation Saudi Arabia to Dubai,https://dubai-pet-relocation.ae/routes/saudi-arabia-to-dubai/,route,primary,40,mixed,consideration,route-ksa-inbound,/routes/,new,not tracked,Top 10,none,moving dog from Saudi Arabia to Dubai; pet transport Saudi Arabia to Dubai; bring cat from Saudi Arabia to Dubai; pet relocation Saudi Arabia to UAE; pet relocation Riyadh to Dubai,,high,75,to create,unknown,2026-12-03
moving dog from Saudi Arabia to Dubai,https://dubai-pet-relocation.ae/routes/saudi-arabia-to-dubai/,route,primary,20,mixed,consideration,route-ksa-inbound,/routes/,new,not tracked,Top 10,none,pet relocation Saudi Arabia to Dubai; pet transport Saudi Arabia to Dubai; bring cat from Saudi Arabia to Dubai; pet relocation Saudi Arabia to UAE; pet relocation Riyadh to Dubai,,high,74,to create,unknown,2026-12-03
pet transport Saudi Arabia to Dubai,https://dubai-pet-relocation.ae/routes/saudi-arabia-to-dubai/,route,primary,13,mixed,consideration,route-ksa-inbound,/routes/,new,not tracked,Top 10,none,pet relocation Saudi Arabia to Dubai; moving dog from Saudi Arabia to Dubai; bring cat from Saudi Arabia to Dubai; pet relocation Saudi Arabia to UAE; pet relocation Riyadh to Dubai,,high,73,to create,unknown,2026-12-03
bring cat from Saudi Arabia to Dubai,https://dubai-pet-relocation.ae/routes/saudi-arabia-to-dubai/,route,primary,13,mixed,consideration,route-ksa-inbound,/routes/,new,not tracked,Top 10,none,pet relocation Saudi Arabia to Dubai; moving dog from Saudi Arabia to Dubai; pet transport Saudi Arabia to Dubai; pet relocation Saudi Arabia to UAE; pet relocation Riyadh to Dubai,,high,73,to create,unknown,2026-12-03
pet relocation Saudi Arabia to UAE,https://dubai-pet-relocation.ae/routes/saudi-arabia-to-dubai/,route,primary,13,mixed,consideration,route-ksa-inbound,/routes/,new,not tracked,Top 10,none,pet relocation Saudi Arabia to Dubai; moving dog from Saudi Arabia to Dubai; pet transport Saudi Arabia to Dubai; bring cat from Saudi Arabia to Dubai; pet relocation Riyadh to Dubai,,high,73,to create,unknown,2026-12-03
pet relocation Dubai to Saudi Arabia,https://dubai-pet-relocation.ae/routes/dubai-to-saudi-arabia/,route,primary,50,mixed,consideration,route-ksa-outbound,/routes/,new,not tracked,Top 10,none,moving dog from Dubai to Saudi Arabia; pet export Dubai to Saudi Arabia; pet relocation Dubai to Riyadh; moving dog from Dubai to Riyadh; pet export Dubai to Riyadh,,high,76,to create,unknown,2026-12-03
moving dog from Dubai to Saudi Arabia,https://dubai-pet-relocation.ae/routes/dubai-to-saudi-arabia/,route,primary,25,mixed,consideration,route-ksa-outbound,/routes/,new,not tracked,Top 10,none,pet relocation Dubai to Saudi Arabia; pet export Dubai to Saudi Arabia; pet relocation Dubai to Riyadh; moving dog from Dubai to Riyadh; pet export Dubai to Riyadh,,high,74,to create,unknown,2026-12-03
pet export Dubai to Saudi Arabia,https://dubai-pet-relocation.ae/routes/dubai-to-saudi-arabia/,route,primary,16,mixed,consideration,route-ksa-outbound,/routes/,new,not tracked,Top 10,none,pet relocation Dubai to Saudi Arabia; moving dog from Dubai to Saudi Arabia; pet relocation Dubai to Riyadh; moving dog from Dubai to Riyadh; pet export Dubai to Riyadh,,high,73,to create,unknown,2026-12-03
pet relocation Riyadh to Dubai,https://dubai-pet-relocation.ae/routes/saudi-arabia-to-dubai/,route,primary,20,mixed,consideration,route-ksa-inbound,/routes/,new,not tracked,Top 10,none,pet relocation Saudi Arabia to Dubai; moving dog from Saudi Arabia to Dubai; pet transport Saudi Arabia to Dubai; bring cat from Saudi Arabia to Dubai; pet relocation Saudi Arabia to UAE,,high,74,to create,unknown,2026-12-03
moving dog from Riyadh to Dubai,https://dubai-pet-relocation.ae/routes/saudi-arabia-to-dubai/,route,primary,10,mixed,consideration,route-ksa-inbound,/routes/,new,not tracked,Top 10,none,pet relocation Saudi Arabia to Dubai; moving dog from Saudi Arabia to Dubai; pet transport Saudi Arabia to Dubai; bring cat from Saudi Arabia to Dubai; pet relocation Saudi Arabia to UAE,,high,72,to create,unknown,2026-12-03
pet transport Riyadh to Dubai,https://dubai-pet-relocation.ae/routes/saudi-arabia-to-dubai/,route,primary,6,mixed,consideration,route-ksa-inbound,/routes/,new,not tracked,Top 10,none,pet relocation Saudi Arabia to Dubai; moving dog from Saudi Arabia to Dubai; pet transport Saudi Arabia to Dubai; bring cat from Saudi Arabia to Dubai; pet relocation Saudi Arabia to UAE,,high,71,to create,unknown,2026-12-03
pet relocation Riyadh to UAE,https://dubai-pet-relocation.ae/routes/saudi-arabia-to-dubai/,route,primary,6,mixed,consideration,route-ksa-inbound,/routes/,new,not tracked,Top 10,none,pet relocation Saudi Arabia to Dubai; moving dog from Saudi Arabia to Dubai; pet transport Saudi Arabia to Dubai; bring cat from Saudi Arabia to Dubai; pet relocation Saudi Arabia to UAE,,high,71,to create,unknown,2026-12-03
pet relocation Dubai to Riyadh,https://dubai-pet-relocation.ae/routes/dubai-to-saudi-arabia/,route,primary,20,mixed,consideration,route-ksa-outbound,/routes/,new,not tracked,Top 10,none,pet relocation Dubai to Saudi Arabia; moving dog from Dubai to Saudi Arabia; pet export Dubai to Saudi Arabia; moving dog from Dubai to Riyadh; pet export Dubai to Riyadh,,high,74,to create,unknown,2026-12-03
moving dog from Dubai to Riyadh,https://dubai-pet-relocation.ae/routes/dubai-to-saudi-arabia/,route,primary,10,mixed,consideration,route-ksa-outbound,/routes/,new,not tracked,Top 10,none,pet relocation Dubai to Saudi Arabia; moving dog from Dubai to Saudi Arabia; pet export Dubai to Saudi Arabia; pet relocation Dubai to Riyadh; pet export Dubai to Riyadh,,high,72,to create,unknown,2026-12-03
pet export Dubai to Riyadh,https://dubai-pet-relocation.ae/routes/dubai-to-saudi-arabia/,route,primary,6,mixed,consideration,route-ksa-outbound,/routes/,new,not tracked,Top 10,none,pet relocation Dubai to Saudi Arabia; moving dog from Dubai to Saudi Arabia; pet export Dubai to Saudi Arabia; pet relocation Dubai to Riyadh; moving dog from Dubai to Riyadh,,high,71,to create,unknown,2026-12-03
pet relocation Qatar to Dubai,https://dubai-pet-relocation.ae/routes/,route,secondary,30,mixed,consideration,route-qatar-inbound,/routes/,new,not tracked,Top 20,none,pet relocation Dubai to South Africa; moving dog from Dubai to South Africa; pet export Dubai to South Africa; pet relocation Dubai to France; moving dog from Dubai to France,/service/international-pet-relocation/; /guides/pet-relocation-cost-dubai/,high,59,to create,unknown,2026-12-03
moving dog from Qatar to Dubai,https://dubai-pet-relocation.ae/routes/,route,secondary,15,mixed,consideration,route-qatar-inbound,/routes/,new,not tracked,Top 20,none,pet relocation Dubai to South Africa; moving dog from Dubai to South Africa; pet export Dubai to South Africa; pet relocation Dubai to France; moving dog from Dubai to France,/service/international-pet-relocation/; /guides/pet-relocation-cost-dubai/,high,57,to create,unknown,2026-12-03
pet transport Qatar to Dubai,https://dubai-pet-relocation.ae/routes/,route,secondary,10,mixed,consideration,route-qatar-inbound,/routes/,new,not tracked,Top 20,none,pet relocation Dubai to South Africa; moving dog from Dubai to South Africa; pet export Dubai to South Africa; pet relocation Dubai to France; moving dog from Dubai to France,/service/international-pet-relocation/; /guides/pet-relocation-cost-dubai/,high,56,to create,unknown,2026-12-03
bring cat from Qatar to Dubai,https://dubai-pet-relocation.ae/routes/,route,secondary,10,mixed,consideration,route-qatar-inbound,/routes/,new,not tracked,Top 20,none,pet relocation Dubai to South Africa; moving dog from Dubai to South Africa; pet export Dubai to South Africa; pet relocation Dubai to France; moving dog from Dubai to France,/service/international-pet-relocation/; /guides/pet-relocation-cost-dubai/,high,56,to create,unknown,2026-12-03
pet relocation Qatar to UAE,https://dubai-pet-relocation.ae/routes/,route,secondary,10,mixed,consideration,route-qatar-inbound,/routes/,new,not tracked,Top 20,none,pet relocation Dubai to South Africa; moving dog from Dubai to South Africa; pet export Dubai to South Africa; pet relocation Dubai to France; moving dog from Dubai to France,/service/international-pet-relocation/; /guides/pet-relocation-cost-dubai/,high,56,to create,unknown,2026-12-03
pet relocation Dubai to Qatar,https://dubai-pet-relocation.ae/routes/,route,secondary,40,mixed,consideration,route-qatar-outbound,/routes/,new,not tracked,Top 20,none,pet relocation Dubai to South Africa; moving dog from Dubai to South Africa; pet export Dubai to South Africa; pet relocation Dubai to France; moving dog from Dubai to France,/service/international-pet-relocation/; /guides/pet-relocation-cost-dubai/,high,59,to create,unknown,2026-12-03
moving dog from Dubai to Qatar,https://dubai-pet-relocation.ae/routes/,route,secondary,20,mixed,consideration,route-qatar-outbound,/routes/,new,not tracked,Top 20,none,pet relocation Dubai to South Africa; moving dog from Dubai to South Africa; pet export Dubai to South Africa; pet relocation Dubai to France; moving dog from Dubai to France,/service/international-pet-relocation/; /guides/pet-relocation-cost-dubai/,high,58,to create,unknown,2026-12-03
pet export Dubai to Qatar,https://dubai-pet-relocation.ae/routes/,route,secondary,13,mixed,consideration,route-qatar-outbound,/routes/,new,not tracked,Top 20,none,pet relocation Dubai to South Africa; moving dog from Dubai to South Africa; pet export Dubai to South Africa; pet relocation Dubai to France; moving dog from Dubai to France,/service/international-pet-relocation/; /guides/pet-relocation-cost-dubai/,high,57,to create,unknown,2026-12-03
pet relocation Oman to Dubai,https://dubai-pet-relocation.ae/routes/,route,secondary,20,mixed,consideration,route-oman-inbound,/routes/,new,not tracked,Top 20,none,pet relocation Dubai to South Africa; moving dog from Dubai to South Africa; pet export Dubai to South Africa; pet relocation Dubai to France; moving dog from Dubai to France,/service/international-pet-relocation/; /guides/pet-relocation-cost-dubai/,high,58,to create,unknown,2026-12-03
moving dog from Oman to Dubai,https://dubai-pet-relocation.ae/routes/,route,secondary,10,mixed,consideration,route-oman-inbound,/routes/,new,not tracked,Top 20,none,pet relocation Dubai to South Africa; moving dog from Dubai to South Africa; pet export Dubai to South Africa; pet relocation Dubai to France; moving dog from Dubai to France,/service/international-pet-relocation/; /guides/pet-relocation-cost-dubai/,high,56,to create,unknown,2026-12-03
pet transport Oman to Dubai,https://dubai-pet-relocation.ae/routes/,route,secondary,6,mixed,consideration,route-oman-inbound,/routes/,new,not tracked,Top 20,none,pet relocation Dubai to South Africa; moving dog from Dubai to South Africa; pet export Dubai to South Africa; pet relocation Dubai to France; moving dog from Dubai to France,/service/international-pet-relocation/; /guides/pet-relocation-cost-dubai/,high,55,to create,unknown,2026-12-03
pet relocation Oman to UAE,https://dubai-pet-relocation.ae/routes/,route,secondary,6,mixed,consideration,route-oman-inbound,/routes/,new,not tracked,Top 20,none,pet relocation Dubai to South Africa; moving dog from Dubai to South Africa; pet export Dubai to South Africa; pet relocation Dubai to France; moving dog from Dubai to France,/service/international-pet-relocation/; /guides/pet-relocation-cost-dubai/,high,55,to create,unknown,2026-12-03
pet relocation Dubai to Oman,https://dubai-pet-relocation.ae/routes/,route,secondary,30,mixed,consideration,route-oman-outbound,/routes/,new,not tracked,Top 20,none,pet relocation Dubai to South Africa; moving dog from Dubai to South Africa; pet export Dubai to South Africa; pet relocation Dubai to France; moving dog from Dubai to France,/service/international-pet-relocation/; /guides/pet-relocation-cost-dubai/,high,59,to create,unknown,2026-12-03
moving dog from Dubai to Oman,https://dubai-pet-relocation.ae/routes/,route,secondary,15,mixed,consideration,route-oman-outbound,/routes/,new,not tracked,Top 20,none,pet relocation Dubai to South Africa; moving dog from Dubai to South Africa; pet export Dubai to South Africa; pet relocation Dubai to France; moving dog from Dubai to France,/service/international-pet-relocation/; /guides/pet-relocation-cost-dubai/,high,57,to create,unknown,2026-12-03
pet export Dubai to Oman,https://dubai-pet-relocation.ae/routes/,route,secondary,10,mixed,consideration,route-oman-outbound,/routes/,new,not tracked,Top 20,none,pet relocation Dubai to South Africa; moving dog from Dubai to South Africa; pet export Dubai to South Africa; pet relocation Dubai to France; moving dog from Dubai to France,/service/international-pet-relocation/; /guides/pet-relocation-cost-dubai/,high,56,to create,unknown,2026-12-03
pet relocation Bahrain to Dubai,https://dubai-pet-relocation.ae/routes/,route,secondary,20,mixed,consideration,route-bahrain-inbound,/routes/,new,not tracked,Top 20,none,pet relocation Dubai to South Africa; moving dog from Dubai to South Africa; pet export Dubai to South Africa; pet relocation Dubai to France; moving dog from Dubai to France,/service/international-pet-relocation/; /guides/pet-relocation-cost-dubai/,high,58,to create,unknown,2026-12-03
moving dog from Bahrain to Dubai,https://dubai-pet-relocation.ae/routes/,route,secondary,10,mixed,consideration,route-bahrain-inbound,/routes/,new,not tracked,Top 20,none,pet relocation Dubai to South Africa; moving dog from Dubai to South Africa; pet export Dubai to South Africa; pet relocation Dubai to France; moving dog from Dubai to France,/service/international-pet-relocation/; /guides/pet-relocation-cost-dubai/,high,56,to create,unknown,2026-12-03
pet transport Bahrain to Dubai,https://dubai-pet-relocation.ae/routes/,route,secondary,6,mixed,consideration,route-bahrain-inbound,/routes/,new,not tracked,Top 20,none,pet relocation Dubai to South Africa; moving dog from Dubai to South Africa; pet export Dubai to South Africa; pet relocation Dubai to France; moving dog from Dubai to France,/service/international-pet-relocation/; /guides/pet-relocation-cost-dubai/,high,55,to create,unknown,2026-12-03
pet relocation Bahrain to UAE,https://dubai-pet-relocation.ae/routes/,route,secondary,6,mixed,consideration,route-bahrain-inbound,/routes/,new,not tracked,Top 20,none,pet relocation Dubai to South Africa; moving dog from Dubai to South Africa; pet export Dubai to South Africa; pet relocation Dubai to France; moving dog from Dubai to France,/service/international-pet-relocation/; /guides/pet-relocation-cost-dubai/,high,55,to create,unknown,2026-12-03
pet relocation Dubai to Bahrain,https://dubai-pet-relocation.ae/routes/,route,secondary,20,mixed,consideration,route-bahrain-outbound,/routes/,new,not tracked,Top 20,none,pet relocation Dubai to South Africa; moving dog from Dubai to South Africa; pet export Dubai to South Africa; pet relocation Dubai to France; moving dog from Dubai to France,/service/international-pet-relocation/; /guides/pet-relocation-cost-dubai/,high,58,to create,unknown,2026-12-03
moving dog from Dubai to Bahrain,https://dubai-pet-relocation.ae/routes/,route,secondary,10,mixed,consideration,route-bahrain-outbound,/routes/,new,not tracked,Top 20,none,pet relocation Dubai to South Africa; moving dog from Dubai to South Africa; pet export Dubai to South Africa; pet relocation Dubai to France; moving dog from Dubai to France,/service/international-pet-relocation/; /guides/pet-relocation-cost-dubai/,high,56,to create,unknown,2026-12-03
pet export Dubai to Bahrain,https://dubai-pet-relocation.ae/routes/,route,secondary,6,mixed,consideration,route-bahrain-outbound,/routes/,new,not tracked,Top 20,none,pet relocation Dubai to South Africa; moving dog from Dubai to South Africa; pet export Dubai to South Africa; pet relocation Dubai to France; moving dog from Dubai to France,/service/international-pet-relocation/; /guides/pet-relocation-cost-dubai/,high,55,to create,unknown,2026-12-03
pet relocation Kuwait to Dubai,https://dubai-pet-relocation.ae/routes/,route,secondary,20,mixed,consideration,route-kuwait-inbound,/routes/,new,not tracked,Top 20,none,pet relocation Dubai to South Africa; moving dog from Dubai to South Africa; pet export Dubai to South Africa; pet relocation Dubai to France; moving dog from Dubai to France,/service/international-pet-relocation/; /guides/pet-relocation-cost-dubai/,high,58,to create,unknown,2026-12-03
moving dog from Kuwait to Dubai,https://dubai-pet-relocation.ae/routes/,route,secondary,10,mixed,consideration,route-kuwait-inbound,/routes/,new,not tracked,Top 20,none,pet relocation Dubai to South Africa; moving dog from Dubai to South Africa; pet export Dubai to South Africa; pet relocation Dubai to France; moving dog from Dubai to France,/service/international-pet-relocation/; /guides/pet-relocation-cost-dubai/,high,56,to create,unknown,2026-12-03
pet transport Kuwait to Dubai,https://dubai-pet-relocation.ae/routes/,route,secondary,6,mixed,consideration,route-kuwait-inbound,/routes/,new,not tracked,Top 20,none,pet relocation Dubai to South Africa; moving dog from Dubai to South Africa; pet export Dubai to South Africa; pet relocation Dubai to France; moving dog from Dubai to France,/service/international-pet-relocation/; /guides/pet-relocation-cost-dubai/,high,55,to create,unknown,2026-12-03
pet relocation Kuwait to UAE,https://dubai-pet-relocation.ae/routes/,route,secondary,6,mixed,consideration,route-kuwait-inbound,/routes/,new,not tracked,Top 20,none,pet relocation Dubai to South Africa; moving dog from Dubai to South Africa; pet export Dubai to South Africa; pet relocation Dubai to France; moving dog from Dubai to France,/service/international-pet-relocation/; /guides/pet-relocation-cost-dubai/,high,55,to create,unknown,2026-12-03
pet relocation Dubai to Kuwait,https://dubai-pet-relocation.ae/routes/,route,secondary,20,mixed,consideration,route-kuwait-outbound,/routes/,new,not tracked,Top 20,none,pet relocation Dubai to South Africa; moving dog from Dubai to South Africa; pet export Dubai to South Africa; pet relocation Dubai to France; moving dog from Dubai to France,/service/international-pet-relocation/; /guides/pet-relocation-cost-dubai/,high,58,to create,unknown,2026-12-03
moving dog from Dubai to Kuwait,https://dubai-pet-relocation.ae/routes/,route,secondary,10,mixed,consideration,route-kuwait-outbound,/routes/,new,not tracked,Top 20,none,pet relocation Dubai to South Africa; moving dog from Dubai to South Africa; pet export Dubai to South Africa; pet relocation Dubai to France; moving dog from Dubai to France,/service/international-pet-relocation/; /guides/pet-relocation-cost-dubai/,high,56,to create,unknown,2026-12-03
pet export Dubai to Kuwait,https://dubai-pet-relocation.ae/routes/,route,secondary,6,mixed,consideration,route-kuwait-outbound,/routes/,new,not tracked,Top 20,none,pet relocation Dubai to South Africa; moving dog from Dubai to South Africa; pet export Dubai to South Africa; pet relocation Dubai to France; moving dog from Dubai to France,/service/international-pet-relocation/; /guides/pet-relocation-cost-dubai/,high,55,to create,unknown,2026-12-03
pet relocation New Zealand to Dubai,https://dubai-pet-relocation.ae/routes/new-zealand-to-dubai/,route,primary,20,mixed,consideration,route-nz-inbound,/routes/,existing,not tracked,Top 10,none,moving dog from New Zealand to Dubai; pet transport New Zealand to Dubai; pet relocation New Zealand to UAE,,high,72,needs refresh,2026-07-02 (sitemap lastmod),2026-12-03
moving dog from New Zealand to Dubai,https://dubai-pet-relocation.ae/routes/new-zealand-to-dubai/,route,primary,10,mixed,consideration,route-nz-inbound,/routes/,existing,not tracked,Top 10,none,pet relocation New Zealand to Dubai; pet transport New Zealand to Dubai; pet relocation New Zealand to UAE,,high,70,needs refresh,2026-07-02 (sitemap lastmod),2026-12-03
pet transport New Zealand to Dubai,https://dubai-pet-relocation.ae/routes/new-zealand-to-dubai/,route,primary,6,mixed,consideration,route-nz-inbound,/routes/,existing,not tracked,Top 10,none,pet relocation New Zealand to Dubai; moving dog from New Zealand to Dubai; pet relocation New Zealand to UAE,,high,69,needs refresh,2026-07-02 (sitemap lastmod),2026-12-03
pet relocation New Zealand to UAE,https://dubai-pet-relocation.ae/routes/new-zealand-to-dubai/,route,primary,6,mixed,consideration,route-nz-inbound,/routes/,existing,not tracked,Top 10,none,pet relocation New Zealand to Dubai; moving dog from New Zealand to Dubai; pet transport New Zealand to Dubai,,high,69,needs refresh,2026-07-02 (sitemap lastmod),2026-12-03
pet relocation Dubai to New Zealand,https://dubai-pet-relocation.ae/routes/,route,secondary,30,mixed,consideration,route-nz-outbound,/routes/,new,not tracked,Top 20,none,pet relocation Dubai to South Africa; moving dog from Dubai to South Africa; pet export Dubai to South Africa; pet relocation Dubai to France; moving dog from Dubai to France,/service/international-pet-relocation/; /guides/pet-relocation-cost-dubai/,high,59,to create,unknown,2026-12-03
moving dog from Dubai to New Zealand,https://dubai-pet-relocation.ae/routes/,route,secondary,15,mixed,consideration,route-nz-outbound,/routes/,new,not tracked,Top 20,none,pet relocation Dubai to South Africa; moving dog from Dubai to South Africa; pet export Dubai to South Africa; pet relocation Dubai to France; moving dog from Dubai to France,/service/international-pet-relocation/; /guides/pet-relocation-cost-dubai/,high,57,to create,unknown,2026-12-03
pet export Dubai to New Zealand,https://dubai-pet-relocation.ae/routes/,route,secondary,10,mixed,consideration,route-nz-outbound,/routes/,new,not tracked,Top 20,none,pet relocation Dubai to South Africa; moving dog from Dubai to South Africa; pet export Dubai to South Africa; pet relocation Dubai to France; moving dog from Dubai to France,/service/international-pet-relocation/; /guides/pet-relocation-cost-dubai/,high,56,to create,unknown,2026-12-03
pet relocation Pakistan to Dubai,https://dubai-pet-relocation.ae/routes/,route,secondary,30,mixed,consideration,route-pakistan-inbound,/routes/,new,not tracked,Top 20,none,pet relocation Dubai to South Africa; moving dog from Dubai to South Africa; pet export Dubai to South Africa; pet relocation Dubai to France; moving dog from Dubai to France,/service/international-pet-relocation/; /guides/pet-relocation-cost-dubai/,high,59,to create,unknown,2026-12-03
moving dog from Pakistan to Dubai,https://dubai-pet-relocation.ae/routes/,route,secondary,15,mixed,consideration,route-pakistan-inbound,/routes/,new,not tracked,Top 20,none,pet relocation Dubai to South Africa; moving dog from Dubai to South Africa; pet export Dubai to South Africa; pet relocation Dubai to France; moving dog from Dubai to France,/service/international-pet-relocation/; /guides/pet-relocation-cost-dubai/,high,57,to create,unknown,2026-12-03
pet transport Pakistan to Dubai,https://dubai-pet-relocation.ae/routes/,route,secondary,10,mixed,consideration,route-pakistan-inbound,/routes/,new,not tracked,Top 20,none,pet relocation Dubai to South Africa; moving dog from Dubai to South Africa; pet export Dubai to South Africa; pet relocation Dubai to France; moving dog from Dubai to France,/service/international-pet-relocation/; /guides/pet-relocation-cost-dubai/,high,56,to create,unknown,2026-12-03
bring cat from Pakistan to Dubai,https://dubai-pet-relocation.ae/routes/,route,secondary,10,mixed,consideration,route-pakistan-inbound,/routes/,new,not tracked,Top 20,none,pet relocation Dubai to South Africa; moving dog from Dubai to South Africa; pet export Dubai to South Africa; pet relocation Dubai to France; moving dog from Dubai to France,/service/international-pet-relocation/; /guides/pet-relocation-cost-dubai/,high,56,to create,unknown,2026-12-03
pet relocation Pakistan to UAE,https://dubai-pet-relocation.ae/routes/,route,secondary,10,mixed,consideration,route-pakistan-inbound,/routes/,new,not tracked,Top 20,none,pet relocation Dubai to South Africa; moving dog from Dubai to South Africa; pet export Dubai to South Africa; pet relocation Dubai to France; moving dog from Dubai to France,/service/international-pet-relocation/; /guides/pet-relocation-cost-dubai/,high,56,to create,unknown,2026-12-03
pet relocation Dubai to Pakistan,https://dubai-pet-relocation.ae/routes/,route,secondary,40,mixed,consideration,route-pakistan-outbound,/routes/,new,not tracked,Top 20,none,pet relocation Dubai to South Africa; moving dog from Dubai to South Africa; pet export Dubai to South Africa; pet relocation Dubai to France; moving dog from Dubai to France,/service/international-pet-relocation/; /guides/pet-relocation-cost-dubai/,high,59,to create,unknown,2026-12-03
moving dog from Dubai to Pakistan,https://dubai-pet-relocation.ae/routes/,route,secondary,20,mixed,consideration,route-pakistan-outbound,/routes/,new,not tracked,Top 20,none,pet relocation Dubai to South Africa; moving dog from Dubai to South Africa; pet export Dubai to South Africa; pet relocation Dubai to France; moving dog from Dubai to France,/service/international-pet-relocation/; /guides/pet-relocation-cost-dubai/,high,58,to create,unknown,2026-12-03
pet export Dubai to Pakistan,https://dubai-pet-relocation.ae/routes/,route,secondary,13,mixed,consideration,route-pakistan-outbound,/routes/,new,not tracked,Top 20,none,pet relocation Dubai to South Africa; moving dog from Dubai to South Africa; pet export Dubai to South Africa; pet relocation Dubai to France; moving dog from Dubai to France,/service/international-pet-relocation/; /guides/pet-relocation-cost-dubai/,high,57,to create,unknown,2026-12-03
pet relocation Sri Lanka to Dubai,https://dubai-pet-relocation.ae/routes/,route,secondary,20,mixed,consideration,route-srilanka-inbound,/routes/,new,not tracked,Top 20,none,pet relocation Dubai to South Africa; moving dog from Dubai to South Africa; pet export Dubai to South Africa; pet relocation Dubai to France; moving dog from Dubai to France,/service/international-pet-relocation/; /guides/pet-relocation-cost-dubai/,high,58,to create,unknown,2026-12-03
moving dog from Sri Lanka to Dubai,https://dubai-pet-relocation.ae/routes/,route,secondary,10,mixed,consideration,route-srilanka-inbound,/routes/,new,not tracked,Top 20,none,pet relocation Dubai to South Africa; moving dog from Dubai to South Africa; pet export Dubai to South Africa; pet relocation Dubai to France; moving dog from Dubai to France,/service/international-pet-relocation/; /guides/pet-relocation-cost-dubai/,high,56,to create,unknown,2026-12-03
pet transport Sri Lanka to Dubai,https://dubai-pet-relocation.ae/routes/,route,secondary,6,mixed,consideration,route-srilanka-inbound,/routes/,new,not tracked,Top 20,none,pet relocation Dubai to South Africa; moving dog from Dubai to South Africa; pet export Dubai to South Africa; pet relocation Dubai to France; moving dog from Dubai to France,/service/international-pet-relocation/; /guides/pet-relocation-cost-dubai/,high,55,to create,unknown,2026-12-03
pet relocation Sri Lanka to UAE,https://dubai-pet-relocation.ae/routes/,route,secondary,6,mixed,consideration,route-srilanka-inbound,/routes/,new,not tracked,Top 20,none,pet relocation Dubai to South Africa; moving dog from Dubai to South Africa; pet export Dubai to South Africa; pet relocation Dubai to France; moving dog from Dubai to France,/service/international-pet-relocation/; /guides/pet-relocation-cost-dubai/,high,55,to create,unknown,2026-12-03
pet relocation Dubai to Sri Lanka,https://dubai-pet-relocation.ae/routes/,route,secondary,20,mixed,consideration,route-srilanka-outbound,/routes/,new,not tracked,Top 20,none,pet relocation Dubai to South Africa; moving dog from Dubai to South Africa; pet export Dubai to South Africa; pet relocation Dubai to France; moving dog from Dubai to France,/service/international-pet-relocation/; /guides/pet-relocation-cost-dubai/,high,58,to create,unknown,2026-12-03
moving dog from Dubai to Sri Lanka,https://dubai-pet-relocation.ae/routes/,route,secondary,10,mixed,consideration,route-srilanka-outbound,/routes/,new,not tracked,Top 20,none,pet relocation Dubai to South Africa; moving dog from Dubai to South Africa; pet export Dubai to South Africa; pet relocation Dubai to France; moving dog from Dubai to France,/service/international-pet-relocation/; /guides/pet-relocation-cost-dubai/,high,56,to create,unknown,2026-12-03
pet export Dubai to Sri Lanka,https://dubai-pet-relocation.ae/routes/,route,secondary,6,mixed,consideration,route-srilanka-outbound,/routes/,new,not tracked,Top 20,none,pet relocation Dubai to South Africa; moving dog from Dubai to South Africa; pet export Dubai to South Africa; pet relocation Dubai to France; moving dog from Dubai to France,/service/international-pet-relocation/; /guides/pet-relocation-cost-dubai/,high,55,to create,unknown,2026-12-03
pet relocation Turkey to Dubai,https://dubai-pet-relocation.ae/routes/,route,secondary,30,mixed,consideration,route-turkey-inbound,/routes/,new,not tracked,Top 20,none,pet relocation Dubai to South Africa; moving dog from Dubai to South Africa; pet export Dubai to South Africa; pet relocation Dubai to France; moving dog from Dubai to France,/service/international-pet-relocation/; /guides/pet-relocation-cost-dubai/,high,59,to create,unknown,2026-12-03
moving dog from Turkey to Dubai,https://dubai-pet-relocation.ae/routes/,route,secondary,15,mixed,consideration,route-turkey-inbound,/routes/,new,not tracked,Top 20,none,pet relocation Dubai to South Africa; moving dog from Dubai to South Africa; pet export Dubai to South Africa; pet relocation Dubai to France; moving dog from Dubai to France,/service/international-pet-relocation/; /guides/pet-relocation-cost-dubai/,high,57,to create,unknown,2026-12-03
pet transport Turkey to Dubai,https://dubai-pet-relocation.ae/routes/,route,secondary,10,mixed,consideration,route-turkey-inbound,/routes/,new,not tracked,Top 20,none,pet relocation Dubai to South Africa; moving dog from Dubai to South Africa; pet export Dubai to South Africa; pet relocation Dubai to France; moving dog from Dubai to France,/service/international-pet-relocation/; /guides/pet-relocation-cost-dubai/,high,56,to create,unknown,2026-12-03
pet relocation Turkey to UAE,https://dubai-pet-relocation.ae/routes/,route,secondary,10,mixed,consideration,route-turkey-inbound,/routes/,new,not tracked,Top 20,none,pet relocation Dubai to South Africa; moving dog from Dubai to South Africa; pet export Dubai to South Africa; pet relocation Dubai to France; moving dog from Dubai to France,/service/international-pet-relocation/; /guides/pet-relocation-cost-dubai/,high,56,to create,unknown,2026-12-03
pet relocation Dubai to Turkey,https://dubai-pet-relocation.ae/routes/,route,secondary,30,mixed,consideration,route-turkey-outbound,/routes/,new,not tracked,Top 20,none,pet relocation Dubai to South Africa; moving dog from Dubai to South Africa; pet export Dubai to South Africa; pet relocation Dubai to France; moving dog from Dubai to France,/service/international-pet-relocation/; /guides/pet-relocation-cost-dubai/,high,59,to create,unknown,2026-12-03
moving dog from Dubai to Turkey,https://dubai-pet-relocation.ae/routes/,route,secondary,15,mixed,consideration,route-turkey-outbound,/routes/,new,not tracked,Top 20,none,pet relocation Dubai to South Africa; moving dog from Dubai to South Africa; pet export Dubai to South Africa; pet relocation Dubai to France; moving dog from Dubai to France,/service/international-pet-relocation/; /guides/pet-relocation-cost-dubai/,high,57,to create,unknown,2026-12-03
pet export Dubai to Turkey,https://dubai-pet-relocation.ae/routes/,route,secondary,10,mixed,consideration,route-turkey-outbound,/routes/,new,not tracked,Top 20,none,pet relocation Dubai to South Africa; moving dog from Dubai to South Africa; pet export Dubai to South Africa; pet relocation Dubai to France; moving dog from Dubai to France,/service/international-pet-relocation/; /guides/pet-relocation-cost-dubai/,high,56,to create,unknown,2026-12-03
pet relocation Europe to Dubai,https://dubai-pet-relocation.ae/routes/,route,secondary,50,mixed,consideration,route-europe-inbound,/routes/,new,not tracked,Top 20,none,pet relocation Dubai to South Africa; moving dog from Dubai to South Africa; pet export Dubai to South Africa; pet relocation Dubai to France; moving dog from Dubai to France,/service/international-pet-relocation/; /guides/pet-relocation-cost-dubai/,high,60,to create,unknown,2026-12-03
moving dog from Europe to Dubai,https://dubai-pet-relocation.ae/routes/,route,secondary,25,mixed,consideration,route-europe-inbound,/routes/,new,not tracked,Top 20,none,pet relocation Dubai to South Africa; moving dog from Dubai to South Africa; pet export Dubai to South Africa; pet relocation Dubai to France; moving dog from Dubai to France,/service/international-pet-relocation/; /guides/pet-relocation-cost-dubai/,high,58,to create,unknown,2026-12-03
pet transport Europe to Dubai,https://dubai-pet-relocation.ae/routes/,route,secondary,16,mixed,consideration,route-europe-inbound,/routes/,new,not tracked,Top 20,none,pet relocation Dubai to South Africa; moving dog from Dubai to South Africa; pet export Dubai to South Africa; pet relocation Dubai to France; moving dog from Dubai to France,/service/international-pet-relocation/; /guides/pet-relocation-cost-dubai/,high,57,to create,unknown,2026-12-03
bring cat from Europe to Dubai,https://dubai-pet-relocation.ae/routes/,route,secondary,16,mixed,consideration,route-europe-inbound,/routes/,new,not tracked,Top 20,none,pet relocation Dubai to South Africa; moving dog from Dubai to South Africa; pet export Dubai to South Africa; pet relocation Dubai to France; moving dog from Dubai to France,/service/international-pet-relocation/; /guides/pet-relocation-cost-dubai/,high,57,to create,unknown,2026-12-03
pet relocation Europe to UAE,https://dubai-pet-relocation.ae/routes/,route,secondary,16,mixed,consideration,route-europe-inbound,/routes/,new,not tracked,Top 20,none,pet relocation Dubai to South Africa; moving dog from Dubai to South Africa; pet export Dubai to South Africa; pet relocation Dubai to France; moving dog from Dubai to France,/service/international-pet-relocation/; /guides/pet-relocation-cost-dubai/,high,57,to create,unknown,2026-12-03
pet relocation Dubai to Europe,https://dubai-pet-relocation.ae/routes/,route,secondary,50,mixed,consideration,route-europe-outbound,/routes/,new,not tracked,Top 20,none,pet relocation Dubai to South Africa; moving dog from Dubai to South Africa; pet export Dubai to South Africa; pet relocation Dubai to France; moving dog from Dubai to France,/service/international-pet-relocation/; /guides/pet-relocation-cost-dubai/,high,60,to create,unknown,2026-12-03
moving dog from Dubai to Europe,https://dubai-pet-relocation.ae/routes/,route,secondary,25,mixed,consideration,route-europe-outbound,/routes/,new,not tracked,Top 20,none,pet relocation Dubai to South Africa; moving dog from Dubai to South Africa; pet export Dubai to South Africa; pet relocation Dubai to France; moving dog from Dubai to France,/service/international-pet-relocation/; /guides/pet-relocation-cost-dubai/,high,58,to create,unknown,2026-12-03
pet export Dubai to Europe,https://dubai-pet-relocation.ae/routes/,route,secondary,16,mixed,consideration,route-europe-outbound,/routes/,new,not tracked,Top 20,none,pet relocation Dubai to South Africa; moving dog from Dubai to South Africa; pet export Dubai to South Africa; pet relocation Dubai to France; moving dog from Dubai to France,/service/international-pet-relocation/; /guides/pet-relocation-cost-dubai/,high,57,to create,unknown,2026-12-03
pet relocation Egypt to Dubai,https://dubai-pet-relocation.ae/routes/,route,secondary,20,mixed,consideration,route-egypt-inbound,/routes/,new,not tracked,Top 20,none,pet relocation Dubai to South Africa; moving dog from Dubai to South Africa; pet export Dubai to South Africa; pet relocation Dubai to France; moving dog from Dubai to France,/service/international-pet-relocation/; /guides/pet-relocation-cost-dubai/,high,58,to create,unknown,2026-12-03
moving dog from Egypt to Dubai,https://dubai-pet-relocation.ae/routes/,route,secondary,10,mixed,consideration,route-egypt-inbound,/routes/,new,not tracked,Top 20,none,pet relocation Dubai to South Africa; moving dog from Dubai to South Africa; pet export Dubai to South Africa; pet relocation Dubai to France; moving dog from Dubai to France,/service/international-pet-relocation/; /guides/pet-relocation-cost-dubai/,high,56,to create,unknown,2026-12-03
pet transport Egypt to Dubai,https://dubai-pet-relocation.ae/routes/,route,secondary,6,mixed,consideration,route-egypt-inbound,/routes/,new,not tracked,Top 20,none,pet relocation Dubai to South Africa; moving dog from Dubai to South Africa; pet export Dubai to South Africa; pet relocation Dubai to France; moving dog from Dubai to France,/service/international-pet-relocation/; /guides/pet-relocation-cost-dubai/,high,55,to create,unknown,2026-12-03
pet relocation Egypt to UAE,https://dubai-pet-relocation.ae/routes/,route,secondary,6,mixed,consideration,route-egypt-inbound,/routes/,new,not tracked,Top 20,none,pet relocation Dubai to South Africa; moving dog from Dubai to South Africa; pet export Dubai to South Africa; pet relocation Dubai to France; moving dog from Dubai to France,/service/international-pet-relocation/; /guides/pet-relocation-cost-dubai/,high,55,to create,unknown,2026-12-03
pet relocation Dubai to Egypt,https://dubai-pet-relocation.ae/routes/,route,secondary,20,mixed,consideration,route-egypt-outbound,/routes/,new,not tracked,Top 20,none,pet relocation Dubai to South Africa; moving dog from Dubai to South Africa; pet export Dubai to South Africa; pet relocation Dubai to France; moving dog from Dubai to France,/service/international-pet-relocation/; /guides/pet-relocation-cost-dubai/,high,58,to create,unknown,2026-12-03
moving dog from Dubai to Egypt,https://dubai-pet-relocation.ae/routes/,route,secondary,10,mixed,consideration,route-egypt-outbound,/routes/,new,not tracked,Top 20,none,pet relocation Dubai to South Africa; moving dog from Dubai to South Africa; pet export Dubai to South Africa; pet relocation Dubai to France; moving dog from Dubai to France,/service/international-pet-relocation/; /guides/pet-relocation-cost-dubai/,high,56,to create,unknown,2026-12-03
pet export Dubai to Egypt,https://dubai-pet-relocation.ae/routes/,route,secondary,6,mixed,consideration,route-egypt-outbound,/routes/,new,not tracked,Top 20,none,pet relocation Dubai to South Africa; moving dog from Dubai to South Africa; pet export Dubai to South Africa; pet relocation Dubai to France; moving dog from Dubai to France,/service/international-pet-relocation/; /guides/pet-relocation-cost-dubai/,high,55,to create,unknown,2026-12-03
pet relocation Kenya to Dubai,https://dubai-pet-relocation.ae/routes/,route,secondary,10,mixed,consideration,route-kenya-inbound,/routes/,new,not tracked,Top 20,none,pet relocation Dubai to South Africa; moving dog from Dubai to South Africa; pet export Dubai to South Africa; pet relocation Dubai to France; moving dog from Dubai to France,/service/international-pet-relocation/; /guides/pet-relocation-cost-dubai/,high,56,to create,unknown,2026-12-03
moving dog from Kenya to Dubai,https://dubai-pet-relocation.ae/routes/,route,secondary,5,mixed,consideration,route-kenya-inbound,/routes/,new,not tracked,Top 20,none,pet relocation Dubai to South Africa; moving dog from Dubai to South Africa; pet export Dubai to South Africa; pet relocation Dubai to France; moving dog from Dubai to France,/service/international-pet-relocation/; /guides/pet-relocation-cost-dubai/,high,55,to create,unknown,2026-12-03
pet transport Kenya to Dubai,https://dubai-pet-relocation.ae/routes/,route,secondary,5,mixed,consideration,route-kenya-inbound,/routes/,new,not tracked,Top 20,none,pet relocation Dubai to South Africa; moving dog from Dubai to South Africa; pet export Dubai to South Africa; pet relocation Dubai to France; moving dog from Dubai to France,/service/international-pet-relocation/; /guides/pet-relocation-cost-dubai/,high,55,to create,unknown,2026-12-03
pet relocation Kenya to UAE,https://dubai-pet-relocation.ae/routes/,route,secondary,5,mixed,consideration,route-kenya-inbound,/routes/,new,not tracked,Top 20,none,pet relocation Dubai to South Africa; moving dog from Dubai to South Africa; pet export Dubai to South Africa; pet relocation Dubai to France; moving dog from Dubai to France,/service/international-pet-relocation/; /guides/pet-relocation-cost-dubai/,high,55,to create,unknown,2026-12-03
pet relocation Dubai to Kenya,https://dubai-pet-relocation.ae/routes/,route,secondary,10,mixed,consideration,route-kenya-outbound,/routes/,new,not tracked,Top 20,none,pet relocation Dubai to South Africa; moving dog from Dubai to South Africa; pet export Dubai to South Africa; pet relocation Dubai to France; moving dog from Dubai to France,/service/international-pet-relocation/; /guides/pet-relocation-cost-dubai/,high,56,to create,unknown,2026-12-03
moving dog from Dubai to Kenya,https://dubai-pet-relocation.ae/routes/,route,secondary,5,mixed,consideration,route-kenya-outbound,/routes/,new,not tracked,Top 20,none,pet relocation Dubai to South Africa; moving dog from Dubai to South Africa; pet export Dubai to South Africa; pet relocation Dubai to France; moving dog from Dubai to France,/service/international-pet-relocation/; /guides/pet-relocation-cost-dubai/,high,55,to create,unknown,2026-12-03
pet export Dubai to Kenya,https://dubai-pet-relocation.ae/routes/,route,secondary,5,mixed,consideration,route-kenya-outbound,/routes/,new,not tracked,Top 20,none,pet relocation Dubai to South Africa; moving dog from Dubai to South Africa; pet export Dubai to South Africa; pet relocation Dubai to France; moving dog from Dubai to France,/service/international-pet-relocation/; /guides/pet-relocation-cost-dubai/,high,55,to create,unknown,2026-12-03
pet relocation Russia to Dubai,https://dubai-pet-relocation.ae/routes/,route,secondary,20,mixed,consideration,route-russia-inbound,/routes/,new,not tracked,Top 20,none,pet relocation Dubai to South Africa; moving dog from Dubai to South Africa; pet export Dubai to South Africa; pet relocation Dubai to France; moving dog from Dubai to France,/service/international-pet-relocation/; /guides/pet-relocation-cost-dubai/,high,58,to create,unknown,2026-12-03
moving dog from Russia to Dubai,https://dubai-pet-relocation.ae/routes/,route,secondary,10,mixed,consideration,route-russia-inbound,/routes/,new,not tracked,Top 20,none,pet relocation Dubai to South Africa; moving dog from Dubai to South Africa; pet export Dubai to South Africa; pet relocation Dubai to France; moving dog from Dubai to France,/service/international-pet-relocation/; /guides/pet-relocation-cost-dubai/,high,56,to create,unknown,2026-12-03
pet transport Russia to Dubai,https://dubai-pet-relocation.ae/routes/,route,secondary,6,mixed,consideration,route-russia-inbound,/routes/,new,not tracked,Top 20,none,pet relocation Dubai to South Africa; moving dog from Dubai to South Africa; pet export Dubai to South Africa; pet relocation Dubai to France; moving dog from Dubai to France,/service/international-pet-relocation/; /guides/pet-relocation-cost-dubai/,high,55,to create,unknown,2026-12-03
pet relocation Russia to UAE,https://dubai-pet-relocation.ae/routes/,route,secondary,6,mixed,consideration,route-russia-inbound,/routes/,new,not tracked,Top 20,none,pet relocation Dubai to South Africa; moving dog from Dubai to South Africa; pet export Dubai to South Africa; pet relocation Dubai to France; moving dog from Dubai to France,/service/international-pet-relocation/; /guides/pet-relocation-cost-dubai/,high,55,to create,unknown,2026-12-03
pet relocation Dubai to Russia,https://dubai-pet-relocation.ae/routes/,route,secondary,20,mixed,consideration,route-russia-outbound,/routes/,new,not tracked,Top 20,none,pet relocation Dubai to South Africa; moving dog from Dubai to South Africa; pet export Dubai to South Africa; pet relocation Dubai to France; moving dog from Dubai to France,/service/international-pet-relocation/; /guides/pet-relocation-cost-dubai/,high,58,to create,unknown,2026-12-03
moving dog from Dubai to Russia,https://dubai-pet-relocation.ae/routes/,route,secondary,10,mixed,consideration,route-russia-outbound,/routes/,new,not tracked,Top 20,none,pet relocation Dubai to South Africa; moving dog from Dubai to South Africa; pet export Dubai to South Africa; pet relocation Dubai to France; moving dog from Dubai to France,/service/international-pet-relocation/; /guides/pet-relocation-cost-dubai/,high,56,to create,unknown,2026-12-03
pet export Dubai to Russia,https://dubai-pet-relocation.ae/routes/,route,secondary,6,mixed,consideration,route-russia-outbound,/routes/,new,not tracked,Top 20,none,pet relocation Dubai to South Africa; moving dog from Dubai to South Africa; pet export Dubai to South Africa; pet relocation Dubai to France; moving dog from Dubai to France,/service/international-pet-relocation/; /guides/pet-relocation-cost-dubai/,high,55,to create,unknown,2026-12-03
dog relocation to dubai,https://dubai-pet-relocation.ae/dog-relocation-to-dubai/,route-species,primary,140,mixed,consideration,directional-inbound,/routes/,existing,ranks (observed SERP),Top 3,medium: /service/dog-relocation-dubai/ (ruling 8; root page ranks),how to bring a dog to Dubai; cost to move dog to Dubai; how to move my dog to Dubai; can I bring my dog to Dubai,/service/dog-relocation-dubai/,high,90,needs refresh,2026-07-02 (sitemap lastmod),2026-12-03
cat relocation to dubai,https://dubai-pet-relocation.ae/cat-relocation-to-dubai/,route-species,primary,90,mixed,consideration,directional-inbound,/routes/,existing,not tracked,Top 3,medium: /service/cat-relocation-dubai/ (ruling 9),cost to bring a cat to Dubai; how to bring a cat to Dubai; how to move my cat to Dubai; can I bring my cat to Dubai,/service/cat-relocation-dubai/,high,84,needs refresh,2026-07-02 (sitemap lastmod),2026-12-03
